Group,Gal,ID,ra,dec,type,CHI2NU,XC_g,e_XC_g,YC_g,e_YC_g,RE_g,e_RE_g,MAG_g,e_MAG_g,n_g,e_n_g,AR_g,e_AR_g,PA_g,e_PA_g,XC_r,e_XC_r,YC_r,e_YC_r,RE_r,e_RE_r,MAG_r,e_MAG_r,n_r,e_n_r,AR_r,e_AR_r,PA_r,e_PA_r,XC_i,e_XC_i,YC_i,e_YC_i,RE_i,e_RE_i,MAG_i,e_MAG_i,n_i,e_n_i,AR_i,e_AR_i,PA_i,e_PA_i,XC_z,e_XC_z,YC_z,e_YC_z,RE_z,e_RE_z,MAG_z,e_MAG_z,n_z,e_n_z,AR_z,e_AR_z,PA_z,e_PA_z
1225,1225,11157,228.4484489134001,0.3430794657603833,REX,0.667273185151713,572.4624,0.0011,572.5211,0.0010,5.0488,0.0038,17.7733,0.0006,1.3644,0.0021,0.8768,0.0003,-61.0764,0.1235,572.4624,0.0011,572.5211,0.0010,4.8964,0.0025,17.1401,0.0004,1.2270,0.0014,0.8768,0.0003,-61.0764,0.1235,572.4624,0.0011,572.5211,0.0010,4.7509,0.0023,16.8754,0.0004,1.0959,0.0012,0.8768,0.0003,-61.0764,0.1235,572.4624,0.0011,572.5211,0.0010,4.5935,0.0034,16.7027,0.0006,0.9540,0.0018,0.8768,0.0003,-61.0764,0.1235
1227,1227,1315,147.0475264350565,1.121217961188541,SER,0.280566941297589,574.0155,0.0029,572.9351,0.0047,7.4328,0.0480,20.5748,0.4886,2.5554,0.0205,0.3822,0.0009,-1.6291,0.0677,574.0155,0.0029,572.9351,0.0047,7.6238,0.0285,17.7263,0.0025,2.4326,0.0124,0.3822,0.0009,-1.6291,0.0677,574.0155,0.0029,572.9351,0.0047,7.8060,0.0265,17.4083,0.0036,2.3155,0.0098,0.3822,0.0009,-1.6291,0.0677,574.0155,0.0029,572.9351,0.0047,8.0033,0.0452,17.2624,0.0041,2.1888,0.0158,0.3822,0.0009,-1.6291,0.0677
1229,1229,5706,48.45351635320691,-8.147458498064502,SER,0.444741868370007,573.9058,0.0066,570.7194,0.0155,35.7749,0.0838,17.2972,0.0019,1.4430,0.0038,0.2633,0.0003,23.1446,0.0275,573.9058,0.0066,570.7194,0.0155,35.7417,0.0552,16.9923,0.0015,1.4309,0.0023,0.2633,0.0003,23.1446,0.0275,573.9058,0.0066,570.7194,0.0155,35.7100,0.0751,16.8892,0.0020,1.4193,0.0031,0.2633,0.0003,23.1446,0.0275,573.9058,0.0066,570.7194,0.0155,35.6757,0.1244,16.7917,0.0030,1.4068,0.0053,0.2633,0.0003,23.1446,0.0275
1230,1230,3804,171.6317656906064,-3.271055836269354,SER,0.317741260483093,573.5495,0.0060,573.5796,0.0095,16.6321,0.0425,18.2599,0.0024,0.7989,0.0038,0.5891,0.0004,-1.5239,0.0751,573.5495,0.0060,573.5796,0.0095,16.4967,0.0260,17.6456,0.0016,0.9023,0.0022,0.5891,0.0004,-1.5239,0.0751,573.5495,0.0060,573.5796,0.0095,16.3674,0.0247,17.3687,0.0011,1.0009,0.0021,0.5891,0.0004,-1.5239,0.0751,573.5495,0.0060,573.5796,0.0095,16.2275,0.0407,17.2350,0.0023,1.1077,0.0036,0.5891,0.0004,-1.5239,0.0751
1231,1231,4678,185.1690050419126,-3.533385679279065,SER,0.378413535945444,573.5511,0.0038,572.1780,0.0053,10.9419,0.0142,17.6764,0.0010,1.1748,0.0023,0.6712,0.0005,-11.0572,0.0829,573.5511,0.0038,572.1780,0.0053,11.9844,0.0137,17.2233,0.0011,1.1822,0.0017,0.6712,0.0005,-11.0572,0.0829,573.5511,0.0038,572.1780,0.0053,12.9790,0.0223,17.0420,0.0018,1.1893,0.0025,0.6712,0.0005,-11.0572,0.0829,573.5511,0.0038,572.1780,0.0053,14.0557,0.0345,16.8775,0.0021,1.1970,0.0040,0.6712,0.0005,-11.0572,0.0829
1232,1232,4514,188.6511711543872,-2.122631427880454,SER,0.492201398954604,573.0700,0.0027,572.7730,0.0033,4.2989,0.0068,17.9008,0.0009,1.3130,0.0066,0.7536,0.0009,6.8271,0.1710,573.0700,0.0027,572.7730,0.0033,4.7848,0.0054,17.7498,0.0012,1.2797,0.0041,0.7536,0.0009,6.8271,0.1710,573.0700,0.0027,572.7730,0.0033,5.2484,0.0080,17.7737,0.0011,1.2479,0.0047,0.7536,0.0009,6.8271,0.1710,573.0700,0.0027,572.7730,0.0033,5.7503,0.0125,17.6362,0.0019,1.2135,0.0080,0.7536,0.0009,6.8271,0.1710
1233,1233,7562,134.9434089206575,0.5829245095361617,SER,0.726321372874333,572.6401,0.0040,573.0363,0.0071,15.3868,0.0865,18.2846,0.0036,2.3821,0.0115,0.3874,0.0006,-2.3004,0.0585,572.6401,0.0040,573.0363,0.0071,16.3633,0.0416,17.7181,0.0017,2.2155,0.0055,0.3874,0.0006,-2.3004,0.0585,572.6401,0.0040,573.0363,0.0071,17.2950,0.0780,17.4682,0.0045,2.0566,0.0084,0.3874,0.0006,-2.3004,0.0585,572.6401,0.0040,573.0363,0.0071,18.3036,0.1470,17.3088,0.0059,1.8846,0.0164,0.3874,0.0006,-2.3004,0.0585
1234,1234,2166,144.7890885115478,0.9844794373335204,SER,0.56762502387141,572.9376,0.0017,573.4333,0.0021,10.2752,0.0204,18.1368,0.0012,2.5460,0.0057,0.6825,0.0005,3.6248,0.0711,572.9376,0.0017,573.4333,0.0021,9.7425,0.0157,17.5848,0.0011,2.6096,0.0045,0.6825,0.0005,3.6248,0.0711,572.9376,0.0017,573.4333,0.0021,9.2341,0.0295,17.4268,0.0026,2.6702,0.0089,0.6825,0.0005,3.6248,0.0711,572.9376,0.0017,573.4333,0.0021,8.6838,0.0491,17.3099,0.0036,2.7359,0.0148,0.6825,0.0005,3.6248,0.0711
1235,1235,9403,213.9657485771258,1.586261813905212,SER,0.660177582527,574.0792,0.0063,571.8610,0.0089,9.5796,0.0163,18.0829,0.0016,0.5643,0.0037,0.6531,0.0007,-33.4402,0.1433,574.0792,0.0063,571.8610,0.0089,9.3654,0.0115,17.5066,0.0015,0.6241,0.0023,0.6531,0.0007,-33.4402,0.1433,574.0792,0.0063,571.8610,0.0089,9.1611,0.0156,17.3577,0.0017,0.6812,0.0032,0.6531,0.0007,-33.4402,0.1433,574.0792,0.0063,571.8610,0.0089,8.9399,0.0250,17.1919,0.0028,0.7430,0.0056,0.6531,0.0007,-33.4402,0.1433
1236,1236,4797,157.904539389342,1.978729324685512,SER,0.389587000906655,574.5137,0.0037,570.9439,0.0069,22.0145,0.0143,17.5787,0.0006,0.5299,0.0012,0.1463,0.0001,28.2231,0.0095,0.0,0.0,0.0,0.0,0.0,0.0,0.0,0.0,0.0,0.0,0.0,0.0,0.0,0.0,574.5137,0.0037,570.9439,0.0069,20.6148,0.0390,16.9755,0.0016,1.0071,0.0039,0.1463,0.0001,28.2231,0.0095,574.5137,0.0037,570.9439,0.0069,19.8751,0.0592,16.8450,0.0031,1.2594,0.0060,0.1463,0.0001,28.2231,0.0095
1237,1237,5846,325.1419464202744,-8.272948446345135,EXP,0.413468278600809,572.8306,0.0189,573.8828,0.0253,21.0761,0.0735,18.0878,0.0031,0.9442,0.0046,0.7288,0.0011,-8.1910,0.2762,572.8306,0.0189,573.8828,0.0253,20.5865,0.0550,17.6799,0.0028,1.0014,0.0034,0.7288,0.0011,-8.1910,0.2762,572.8306,0.0189,573.8828,0.0253,20.1193,0.0797,17.5487,0.0044,1.0559,0.0055,0.7288,0.0011,-8.1910,0.2762,572.8306,0.0189,573.8828,0.0253,19.6136,0.1269,17.4570,0.0060,1.1150,0.0091,0.7288,0.0011,-8.1910,0.2762
1238,1238,4470,310.7346062797519,-5.192199834696466,SER,0.45980753222625,573.1993,0.0151,573.2028,0.0127,15.6159,0.0263,18.1864,0.0017,0.5782,0.0024,0.8308,0.0009,-62.9762,0.3073,573.1993,0.0151,573.2028,0.0127,15.8624,0.0211,17.6312,0.0017,0.6385,0.0015,0.8308,0.0009,-62.9762,0.3073,573.1993,0.0151,573.2028,0.0127,16.0976,0.0286,17.4047,0.0023,0.6961,0.0023,0.8308,0.0009,-62.9762,0.3073,573.1993,0.0151,573.2028,0.0127,16.3522,0.0435,17.2619,0.0027,0.7584,0.0039,0.8308,0.0009,-62.9762,0.3073
1241,1241,6487,164.0304694005943,5.282782203407044,DUP,0.407417249901857,573.2098,0.0013,573.2608,0.0022,10.9909,0.0133,17.3912,0.0009,1.5223,0.0030,0.4389,0.0002,-23.8336,0.0237,573.2098,0.0013,573.2608,0.0022,10.8913,0.0083,16.5526,0.0006,1.6422,0.0018,0.4389,0.0002,-23.8336,0.0237,573.2098,0.0013,573.2608,0.0022,10.7962,0.0099,16.2076,0.0006,1.7567,0.0021,0.4389,0.0002,-23.8336,0.0237,573.2098,0.0013,573.2608,0.0022,10.6933,0.0166,15.9493,0.0011,1.8805,0.0035,0.4389,0.0002,-23.8336,0.0237
1242,1242,939,133.7690268334375,2.684766924316175,SER,0.435621404526827,573.6073,0.0078,572.5030,0.0044,30.8478,0.0420,17.8591,0.0013,0.9576,0.0026,0.1429,0.0001,60.4437,0.0088,573.6073,0.0078,572.5030,0.0044,28.8384,0.0199,17.0912,0.0006,1.1916,0.0012,0.1429,0.0001,60.4437,0.0088,573.6073,0.0078,572.5030,0.0044,26.9210,0.0352,16.7265,0.0013,1.4149,0.0025,0.1429,0.0001,60.4437,0.0088,573.6073,0.0078,572.5030,0.0044,24.8455,0.0672,16.4834,0.0022,1.6566,0.0048,0.1429,0.0001,60.4437,0.0088
1243,1243,4135,174.6605218500085,5.593845355705485,SER,0.400302036818106,572.9441,0.0026,573.2772,0.0038,6.7388,0.0101,18.0715,0.0013,1.0192,0.0046,0.5580,0.0007,-2.2239,0.0704,572.9441,0.0026,573.2772,0.0038,6.7497,0.0064,17.6439,0.0010,1.1667,0.0030,0.5580,0.0007,-2.2239,0.0704,572.9441,0.0026,573.2772,0.0038,6.7601,0.0084,17.3511,0.0011,1.3074,0.0038,0.5580,0.0007,-2.2239,0.0704,572.9441,0.0026,573.2772,0.0038,6.7714,0.0140,17.1957,0.0015,1.4597,0.0063,0.5580,0.0007,-2.2239,0.0704
1244,1244,175,152.9296521333511,5.053698766019042,EXP,0.460332403151347,573.0883,0.0126,571.5592,0.0092,17.3499,0.0426,17.6687,0.0020,1.0323,0.0034,0.6901,0.0009,57.9944,0.1634,573.0883,0.0126,571.5592,0.0092,17.1144,0.0302,17.3122,0.0017,1.0217,0.0023,0.6901,0.0009,57.9944,0.1634,573.0883,0.0126,571.5592,0.0092,16.8896,0.0459,17.2033,0.0047,1.0116,0.0037,0.6901,0.0009,57.9944,0.1634,573.0883,0.0126,571.5592,0.0092,16.6464,0.0754,17.1241,0.0040,1.0006,0.0063,0.6901,0.0009,57.9944,0.1634
1246,1246,5525,209.2228900478131,-2.647860087049724,SER,0.341636060380792,574.7489,0.0301,571.3455,0.0091,31.6228,0.0736,17.5098,0.0020,0.8812,0.0031,0.2652,0.0004,75.6094,0.0380,574.7489,0.0301,571.3455,0.0091,32.8437,0.0632,17.1038,0.0021,0.9019,0.0022,0.2652,0.0004,75.6094,0.0380,574.7489,0.0301,571.3455,0.0091,34.0086,0.1001,16.9450,0.0034,0.9216,0.0036,0.2652,0.0004,75.6094,0.0380,574.7489,0.0301,571.3455,0.0091,35.2695,0.1570,16.8045,0.0044,0.9429,0.0059,0.2652,0.0004,75.6094,0.0380
1248,1248,2906,336.0880541545839,-8.295182987648815,SER,0.311404528840909,572.7774,0.0036,573.3190,0.0010,17.7967,0.0110,17.7117,0.0007,0.5873,0.0015,0.2326,0.0001,84.9638,0.0065,572.7774,0.0036,573.3190,0.0010,17.1703,0.0041,16.9762,0.0002,0.6589,0.0005,0.2326,0.0001,84.9638,0.0065,572.7774,0.0036,573.3190,0.0010,16.5727,0.0081,16.6728,0.0007,0.7272,0.0011,0.2326,0.0001,84.9638,0.0065,572.7774,0.0036,573.3190,0.0010,15.9258,0.0167,16.4759,0.0010,0.8011,0.0024,0.2326,0.0001,84.9638,0.0065
1249,1249,3162,312.859997211628,0.0559551380609686,SER,0.732610671888904,574.6535,0.0191,573.3807,0.0265,14.5274,0.0677,18.2587,0.0036,1.0281,0.0067,0.6676,0.0015,-17.9343,0.3180,574.6535,0.0191,573.3807,0.0265,15.1719,0.0608,17.7416,0.0048,1.0019,0.0049,0.6676,0.0015,-17.9343,0.3180,574.6535,0.0191,573.3807,0.0265,15.7868,0.0872,17.4976,0.0066,0.9769,0.0068,0.6676,0.0015,-17.9343,0.3180,574.6535,0.0191,573.3807,0.0265,16.4524,0.1307,17.3672,0.0071,0.9498,0.0107,0.6676,0.0015,-17.9343,0.3180
1250,1250,7231,2.460184886222878,-0.917786968605012,SER,0.687376855702192,573.0625,0.0014,573.1983,0.0011,6.7868,0.0049,17.8622,0.0005,1.6247,0.0018,0.6844,0.0003,63.4694,0.0490,573.0625,0.0014,573.1983,0.0011,7.5478,0.0080,17.4849,0.0009,1.6200,0.0021,0.6844,0.0003,63.4694,0.0490,573.0625,0.0014,573.1983,0.0011,8.2738,0.0149,17.3229,0.0015,1.6155,0.0037,0.6844,0.0003,63.4694,0.0490,573.0625,0.0014,573.1983,0.0011,9.0597,0.0229,17.1510,0.0020,1.6107,0.0056,0.6844,0.0003,63.4694,0.0490
1251,1251,8558,10.45557174306668,-1.028159014765442,SER,0.421446175017895,572.1866,0.0032,572.8297,0.0020,8.5727,0.0150,17.9654,0.0011,1.9155,0.0044,0.4337,0.0005,-70.6964,0.0415,572.1866,0.0032,572.8297,0.0020,9.3520,0.0139,17.8269,0.0011,1.8190,0.0034,0.4337,0.0005,-70.6964,0.0415,572.1866,0.0032,572.8297,0.0020,10.0954,0.0252,17.8336,0.0021,1.7268,0.0050,0.4337,0.0005,-70.6964,0.0415,572.1866,0.0032,572.8297,0.0020,10.9003,0.0403,17.6524,0.0031,1.6271,0.0080,0.4337,0.0005,-70.6964,0.0415
1252,1252,2085,6.280935528671068,0.3126489738616716,SER,0.978647233772004,573.1303,0.0018,572.3564,0.0023,16.4615,0.0314,17.2715,0.0011,3.1651,0.0043,0.7460,0.0004,-4.0325,0.0794,573.1303,0.0018,572.3564,0.0023,19.6635,0.0483,16.9198,0.0018,2.8051,0.0043,0.7460,0.0004,-4.0325,0.0794,573.1303,0.0018,572.3564,0.0023,22.7188,0.0879,16.8176,0.0029,2.4617,0.0065,0.7460,0.0004,-4.0325,0.0794,573.1303,0.0018,572.3564,0.0023,26.0261,0.1346,16.5462,0.0039,2.0899,0.0097,0.7460,0.0004,-4.0325,0.0794
1253,1253,5269,163.3798110555122,7.461774773367893,SER,0.42084864488099,572.7651,0.0089,571.8410,0.0039,15.2838,0.0194,17.1878,0.0011,0.8331,0.0023,0.3830,0.0003,86.7014,0.0319,572.7651,0.0089,571.8410,0.0039,16.6867,0.0159,16.8677,0.0010,0.9495,0.0013,0.3830,0.0003,86.7014,0.0319,572.7651,0.0089,571.8410,0.0039,18.0254,0.0264,16.7999,0.0012,1.0605,0.0022,0.3830,0.0003,86.7014,0.0319,572.7651,0.0089,571.8410,0.0039,19.4744,0.0424,16.6143,0.0022,1.1807,0.0039,0.3830,0.0003,86.7014,0.0319
1254,1254,1405,134.4206597135042,4.65682985323623,SER,0.429438852658362,571.6824,0.0058,572.6369,0.0027,17.1071,0.0106,17.4708,0.0006,0.6215,0.0010,0.4178,0.0002,88.8517,0.0214,571.6824,0.0058,572.6369,0.0027,16.5470,0.0104,16.9664,0.0006,0.8070,0.0009,0.4178,0.0002,88.8517,0.0214,571.6824,0.0058,572.6369,0.0027,16.0125,0.0179,16.7411,0.0024,0.9841,0.0018,0.4178,0.0002,88.8517,0.0214,571.6824,0.0058,572.6369,0.0027,15.4339,0.0280,16.6158,0.0016,1.1758,0.0030,0.4178,0.0002,88.8517,0.0214
1255,1255,4705,146.416920244141,7.01265220575953,PSF,0.544878484510135,[573.0000],0.0,[573.0000],0.0,0.0,0.0,0.0,0.0,0.0,0.0,0.0,0.0,0.0,0.0,[573.0000],0.0,[573.0000],0.0,0.0,0.0,0.0,0.0,0.0,0.0,0.0,0.0,0.0,0.0,[573.0000],0.0,[573.0000],0.0,0.0,0.0,0.0,0.0,0.0,0.0,0.0,0.0,0.0,0.0,[573.0000],0.0,[573.0000],0.0,0.0,0.0,0.0,0.0,0.0,0.0,0.0,0.0,0.0,0.0
1256,1256,3966,138.1077889422699,7.032217950517511,SER,0.521594709367226,572.9444,0.0024,572.5002,0.0038,9.8790,0.0208,18.1324,0.0017,1.3366,0.0052,0.4779,0.0006,15.2747,0.0532,572.9444,0.0024,572.5002,0.0038,9.1967,0.0140,17.4799,0.0012,1.4924,0.0033,0.4779,0.0006,15.2747,0.0532,572.9444,0.0024,572.5002,0.0038,8.5458,0.0148,17.1466,0.0013,1.6410,0.0039,0.4779,0.0006,15.2747,0.0532,572.9444,0.0024,572.5002,0.0038,7.8411,0.0227,16.9914,0.0020,1.8019,0.0064,0.4779,0.0006,15.2747,0.0532
1257,1257,5265,137.3968645688365,7.289479714017118,PSF,0.598193625097807,577.5821,0.0109,571.9254,0.0161,23.6664,0.0605,17.8599,0.0021,1.1023,0.0036,0.3492,0.0004,33.6580,0.0481,577.5821,0.0109,571.9254,0.0161,25.0768,0.0439,17.5714,0.0016,1.0404,0.0022,0.3492,0.0004,33.6580,0.0481,577.5821,0.0109,571.9254,0.0161,26.4225,0.0688,17.5055,0.0029,0.9815,0.0032,0.3492,0.0004,33.6580,0.0481,577.5821,0.0109,571.9254,0.0161,27.8792,0.1126,17.3565,0.0041,0.9176,0.0055,0.3492,0.0004,33.6580,0.0481
1258,1258,2232,181.0977862275065,10.01684389165713,SER,0.30548719783187,574.4405,0.0139,573.5772,0.0144,34.2456,0.1117,17.3480,0.0028,1.3081,0.0046,0.8568,0.0011,44.7872,0.4128,574.4405,0.0139,573.5772,0.0144,33.6387,0.0789,16.8926,0.0023,1.4140,0.0032,0.8568,0.0011,44.7872,0.4128,574.4405,0.0139,573.5772,0.0144,33.0597,0.1186,16.7422,0.0034,1.5151,0.0052,0.8568,0.0011,44.7872,0.4128,574.4405,0.0139,573.5772,0.0144,32.4328,0.1944,16.6577,0.0051,1.6245,0.0086,0.8568,0.0011,44.7872,0.4128
1259,1259,3737,175.5650951122311,10.22287862848665,SER,0.715981078384592,574.0953,0.0174,573.0483,0.0119,18.6267,0.0670,17.9338,0.0030,1.1599,0.0051,0.6373,0.0011,-76.1723,0.1717,574.0953,0.0174,573.0483,0.0119,17.8659,0.0465,17.5286,0.0026,1.1343,0.0032,0.6373,0.0011,-76.1723,0.1717,574.0953,0.0174,573.0483,0.0119,17.1400,0.0521,17.4322,0.0029,1.1099,0.0040,0.6373,0.0011,-76.1723,0.1717,574.0953,0.0174,573.0483,0.0119,16.3542,0.0796,17.3684,0.0043,1.0835,0.0067,0.6373,0.0011,-76.1723,0.1717
1260,1260,435,143.4073790862815,8.463835648841448,SER,0.367533913382964,574.2300,0.0060,572.9953,0.0045,16.0347,0.0378,17.4903,0.0017,1.6369,0.0039,0.6783,0.0007,65.2399,0.1011,574.2300,0.0060,572.9953,0.0045,17.0809,0.0267,17.0334,0.0012,1.5794,0.0025,0.6783,0.0007,65.2399,0.1011,574.2300,0.0060,572.9953,0.0045,18.0791,0.0464,16.8200,0.0024,1.5246,0.0040,0.6783,0.0007,65.2399,0.1011,574.2300,0.0060,572.9953,0.0045,19.1596,0.0778,16.6722,0.0035,1.4652,0.0069,0.6783,0.0007,65.2399,0.1011
1261,1261,2889,154.0602423306711,12.6206476152196,SER,0.3636155364159,573.6252,0.0058,573.6728,0.0046,16.1393,0.0767,17.7134,0.0032,2.3310,0.0100,0.6895,0.0008,-72.6847,0.1461,573.6252,0.0058,573.6728,0.0046,15.1505,0.0506,17.2705,0.0024,2.1984,0.0065,0.6895,0.0008,-72.6847,0.1461,573.6252,0.0058,573.6728,0.0046,14.2071,0.0520,17.1793,0.0026,2.0719,0.0075,0.6895,0.0008,-72.6847,0.1461,573.6252,0.0058,573.6728,0.0046,13.1859,0.0805,17.1453,0.0044,1.9349,0.0123,0.6895,0.0008,-72.6847,0.1461
1263,1263,3241,159.5389966132323,14.50052765457615,SER,0.414616473565518,573.7618,0.0034,573.2018,0.0064,11.8560,0.0351,18.3344,0.0021,1.4985,0.0079,0.2680,0.0005,27.5577,0.0406,573.7618,0.0034,573.2018,0.0064,11.0567,0.0238,17.5519,0.0016,1.4882,0.0052,0.2680,0.0005,27.5577,0.0406,573.7618,0.0034,573.2018,0.0064,10.2940,0.0246,17.1898,0.0020,1.4783,0.0054,0.2680,0.0005,27.5577,0.0406,573.7618,0.0034,573.2018,0.0064,9.4684,0.0371,17.0004,0.0028,1.4677,0.0085,0.2680,0.0005,27.5577,0.0406
1264,1264,4078,123.6113319336056,24.73460242626793,EXP,0.442211260174726,[573.0000],0.0,[573.0000],0.0,0.0,0.0,0.0,0.0,0.0,0.0,0.0,0.0,0.0,0.0,[573.0000],0.0,[573.0000],0.0,0.0,0.0,0.0,0.0,0.0,0.0,0.0,0.0,0.0,0.0,[573.0000],0.0,[573.0000],0.0,0.0,0.0,0.0,0.0,0.0,0.0,0.0,0.0,0.0,0.0,[573.0000],0.0,[573.0000],0.0,0.0,0.0,0.0,0.0,0.0,0.0,0.0,0.0,0.0,0.0
1265,1265,521,130.0825640192164,27.74024722654893,REX,0.636097967343246,573.4634,0.0028,572.7442,0.0026,19.8297,0.0033,15.5096,0.0002,0.4221,0.0002,0.9419,0.0001,85.5567,0.1097,573.4634,0.0028,572.7442,0.0026,19.7687,0.0030,15.0061,0.0002,0.5012,0.0002,0.9419,0.0001,85.5567,0.1097,573.4634,0.0028,572.7442,0.0026,19.7104,0.0040,14.8066,0.0003,0.5766,0.0003,0.9419,0.0001,85.5567,0.1097,573.4634,0.0028,572.7442,0.0026,19.6473,0.0058,14.6475,0.0003,0.6583,0.0005,0.9419,0.0001,85.5567,0.1097
1267,1267,444,174.969440614787,8.325462722316024,SER,0.533803990462032,573.8341,0.0035,572.6450,0.0027,5.4421,0.0180,17.9335,0.0021,2.1284,0.0118,0.5798,0.0011,52.3712,0.1256,573.8341,0.0035,572.6450,0.0027,5.7471,0.0110,17.6187,0.0016,2.0096,0.0070,0.5798,0.0011,52.3712,0.1256,573.8341,0.0035,572.6450,0.0027,6.0380,0.0157,17.5540,0.0018,1.8962,0.0078,0.5798,0.0011,52.3712,0.1256,573.8341,0.0035,572.6450,0.0027,6.3530,0.0271,17.4383,0.0031,1.7735,0.0134,0.5798,0.0011,52.3712,0.1256
1268,1268,4266,193.4099186748915,14.93096084561522,SER,0.417435455323158,573.6853,0.0075,573.0545,0.0047,10.8570,0.0187,17.8897,0.0016,0.7776,0.0034,0.5678,0.0006,-77.0512,0.0826,573.6853,0.0075,573.0545,0.0047,10.4972,0.0122,17.3848,0.0014,0.8855,0.0021,0.5678,0.0006,-77.0512,0.0826,573.6853,0.0075,573.0545,0.0047,10.1540,0.0151,17.1562,0.0013,0.9885,0.0030,0.5678,0.0006,-77.0512,0.0826,573.6853,0.0075,573.0545,0.0047,9.7824,0.0247,17.0869,0.0022,1.0999,0.0051,0.5678,0.0006,-77.0512,0.0826
1269,1269,8562,357.3924965095194,0.4550950260739433,SER,0.717344958154512,573.0492,0.0071,572.2853,0.0084,24.5526,0.0302,17.8193,0.0010,0.9510,0.0016,0.5368,0.0004,-39.9030,0.0500,573.0492,0.0071,572.2853,0.0084,24.8595,0.0422,17.3700,0.0017,1.1104,0.0023,0.5368,0.0004,-39.9030,0.0500,573.0492,0.0071,572.2853,0.0084,25.1523,0.0762,17.1935,0.0030,1.2624,0.0044,0.5368,0.0004,-39.9030,0.0500,573.0492,0.0071,572.2853,0.0084,25.4692,0.1170,17.0793,0.0040,1.4270,0.0067,0.5368,0.0004,-39.9030,0.0500
1270,1270,2898,341.0666988432588,0.0053007597024526,SER,0.856479536305454,572.5958,0.0121,572.4793,0.0100,22.9396,0.0204,17.2405,0.0010,0.4988,0.0013,0.8202,0.0005,79.3921,0.1414,572.5958,0.0121,572.4793,0.0100,22.6634,0.0132,16.6164,0.0007,0.5957,0.0006,0.8202,0.0005,79.3921,0.1414,572.5958,0.0121,572.4793,0.0100,22.3999,0.0188,16.3657,0.0012,0.6882,0.0011,0.8202,0.0005,79.3921,0.1414,572.5958,0.0121,572.4793,0.0100,22.1147,0.0317,16.1903,0.0015,0.7883,0.0020,0.8202,0.0005,79.3921,0.1414
1271,1271,18409,36.7417295988651,0.5771627426118819,SER,2.75993819472063,573.5700,0.0007,574.2105,0.0016,11.8792,0.0089,16.9846,0.0005,1.8974,0.0019,0.2608,0.0001,-16.5716,0.0088,573.5700,0.0007,574.2105,0.0016,12.0481,0.0052,16.7027,0.0003,1.9467,0.0011,0.2608,0.0001,-16.5716,0.0088,573.5700,0.0007,574.2105,0.0016,12.2093,0.0083,16.6201,0.0005,1.9936,0.0016,0.2608,0.0001,-16.5716,0.0088,573.5700,0.0007,574.2105,0.0016,12.3837,0.0146,16.4584,0.0008,2.0445,0.0029,0.2608,0.0001,-16.5716,0.0088
1273,1273,3036,16.06076144234159,-0.8444607608959734,PSF,0.497984996968634,[573.0000],0.0,[573.0000],0.0,0.0,0.0,0.0,0.0,0.0,0.0,0.0,0.0,0.0,0.0,[573.0000],0.0,[573.0000],0.0,0.0,0.0,0.0,0.0,0.0,0.0,0.0,0.0,0.0,0.0,[573.0000],0.0,[573.0000],0.0,0.0,0.0,0.0,0.0,0.0,0.0,0.0,0.0,0.0,0.0,[573.0000],0.0,[573.0000],0.0,0.0,0.0,0.0,0.0,0.0,0.0,0.0,0.0,0.0,0.0
1274,1274,4933,25.0602805072117,-0.5151393836078085,SER,2.35969730957916,571.6659,0.0013,570.7583,0.0016,28.1181,0.0032,15.2298,0.0001,0.6775,0.0002,0.4523,0.0000,-38.2728,0.0043,571.6659,0.0013,570.7583,0.0016,27.8079,0.0026,14.6271,0.0001,0.7351,0.0001,0.4523,0.0000,-38.2728,0.0043,571.6659,0.0013,570.7583,0.0016,27.5119,0.0040,14.3780,0.0002,0.7900,0.0002,0.4523,0.0000,-38.2728,0.0043,571.6659,0.0013,570.7583,0.0016,27.1916,0.0063,14.1743,0.0003,0.8495,0.0004,0.4523,0.0000,-38.2728,0.0043
1275,1275,4811,36.80323897195959,-0.0501239337545876,SER,1.00461486058255,580.2415,0.0050,573.5589,0.0024,15.5228,0.0097,17.5475,0.0006,0.6560,0.0012,0.4314,0.0002,-68.0848,0.0206,580.2415,0.0050,573.5589,0.0024,15.7840,0.0060,17.1514,0.0005,0.6886,0.0007,0.4314,0.0002,-68.0848,0.0206,580.2415,0.0050,573.5589,0.0024,16.0332,0.0087,17.0160,0.0006,0.7196,0.0010,0.4314,0.0002,-68.0848,0.0206,580.2415,0.0050,573.5589,0.0024,16.3029,0.0149,16.8886,0.0010,0.7532,0.0018,0.4314,0.0002,-68.0848,0.0206
1276,1276,3743,33.17713789926061,-8.46253590885106,SER,0.555601487638251,571.7513,0.0051,571.4785,0.0062,17.1597,0.0167,17.2415,0.0009,0.8291,0.0014,0.8103,0.0004,40.0608,0.1310,571.7513,0.0051,571.4785,0.0062,17.2641,0.0128,17.0127,0.0008,0.8345,0.0009,0.8103,0.0004,40.0608,0.1310,571.7513,0.0051,571.4785,0.0062,17.3638,0.0201,16.9514,0.0014,0.8397,0.0016,0.8103,0.0004,40.0608,0.1310,571.7513,0.0051,571.4785,0.0062,17.4717,0.0324,16.8960,0.0021,0.8453,0.0027,0.8103,0.0004,40.0608,0.1310
1277,1277,689,127.0056135643304,8.214031941694964,SER,0.43294742724479,572.6173,0.0028,574.4621,0.0081,18.4295,0.0242,17.7495,0.0013,0.7494,0.0028,0.2611,0.0002,5.8873,0.0193,572.6173,0.0028,574.4621,0.0081,18.1241,0.0155,17.0717,0.0008,0.8891,0.0017,0.2611,0.0002,5.8873,0.0193,572.6173,0.0028,574.4621,0.0081,17.8327,0.0184,16.7500,0.0008,1.0224,0.0021,0.2611,0.0002,5.8873,0.0193,572.6173,0.0028,574.4621,0.0081,17.5172,0.0302,16.5156,0.0014,1.1667,0.0035,0.2611,0.0002,5.8873,0.0193
1278,1278,4935,181.1911621930416,10.3851235775657,REX,0.370609004903887,572.9378,0.0022,573.6427,0.0024,6.7069,0.0062,17.9713,0.0009,0.8224,0.0020,0.8935,0.0006,0.1932,0.2225,572.9378,0.0022,573.6427,0.0024,6.5801,0.0041,17.4456,0.0006,0.9874,0.0013,0.8935,0.0006,0.1932,0.2225,572.9378,0.0022,573.6427,0.0024,6.4592,0.0050,17.1720,0.0006,1.1447,0.0018,0.8935,0.0006,0.1932,0.2225,572.9378,0.0022,573.6427,0.0024,6.3283,0.0081,17.0419,0.0010,1.3150,0.0029,0.8935,0.0006,0.1932,0.2225
1279,1279,14769,191.4906394055864,1.29801620055474,SER,0.462463119546153,573.3922,0.0014,572.6608,0.0009,5.1803,0.0062,17.8029,0.0009,1.2237,0.0040,0.5230,0.0003,-74.3587,0.0280,573.3922,0.0014,572.6608,0.0009,5.4226,0.0023,17.5263,0.0003,1.3112,0.0012,0.5230,0.0003,-74.3587,0.0280,573.3922,0.0014,572.6608,0.0009,5.6538,0.0059,17.4195,0.0010,1.3946,0.0032,0.5230,0.0003,-74.3587,0.0280,573.3922,0.0014,572.6608,0.0009,5.9041,0.0116,17.3318,0.0018,1.4850,0.0068,0.5230,0.0003,-74.3587,0.0280
1280,1280,4972,164.5354199581859,8.775152957749246,SER,0.573816557674613,573.0424,0.0017,573.6608,0.0035,16.7908,0.0219,16.5392,0.0010,1.3345,0.0026,0.3945,0.0002,14.3926,0.0181,573.0424,0.0017,573.6608,0.0035,16.9565,0.0137,15.8932,0.0007,1.3998,0.0015,0.3945,0.0002,14.3926,0.0181,573.0424,0.0017,573.6608,0.0035,17.1145,0.0141,15.6470,0.0005,1.4621,0.0014,0.3945,0.0002,14.3926,0.0181,573.0424,0.0017,573.6608,0.0035,17.2857,0.0231,15.4258,0.0010,1.5295,0.0025,0.3945,0.0002,14.3926,0.0181
1281,1281,6365,204.7773202650185,3.419397336986494,SER,0.384913303623495,572.4012,0.0123,575.1580,0.0139,18.2092,0.0321,17.6434,0.0016,0.8590,0.0023,0.8743,0.0008,-2.3587,0.3682,572.4012,0.0123,575.1580,0.0139,17.8751,0.0241,17.2424,0.0014,0.8591,0.0017,0.8743,0.0008,-2.3587,0.3682,572.4012,0.0123,575.1580,0.0139,17.5562,0.0358,17.1204,0.0025,0.8592,0.0027,0.8743,0.0008,-2.3587,0.3682,572.4012,0.0123,575.1580,0.0139,17.2111,0.0574,17.0490,0.0034,0.8593,0.0044,0.8743,0.0008,-2.3587,0.3682
1282,1282,1928,139.7842799728804,3.630861054042299,SER,0.334381133225533,573.0085,0.0074,573.5304,0.0106,12.2163,0.0146,17.9845,0.0012,0.4973,0.0019,0.6747,0.0006,-2.2218,0.1100,573.0085,0.0074,573.5304,0.0106,12.2095,0.0126,17.5656,0.0013,0.5853,0.0014,0.6747,0.0006,-2.2218,0.1100,573.0085,0.0074,573.5304,0.0106,12.2031,0.0181,17.3810,0.0019,0.6693,0.0023,0.6747,0.0006,-2.2218,0.1100,573.0085,0.0074,573.5304,0.0106,12.1962,0.0275,17.3042,0.0023,0.7601,0.0039,0.6747,0.0006,-2.2218,0.1100
1283,1283,1812,167.7920627709154,0.625441805643678,SER,0.823759542504665,571.8372,0.0061,576.1104,0.0138,70.3182,0.0319,16.0870,0.0005,0.5825,0.0008,0.1250,0.0000,-23.7122,0.0033,571.8372,0.0061,576.1104,0.0138,67.3936,0.0213,15.3441,0.0003,0.6728,0.0005,0.1250,0.0000,-23.7122,0.0033,571.8372,0.0061,576.1104,0.0138,64.6031,0.0250,14.9764,0.0004,0.7589,0.0006,0.1250,0.0000,-23.7122,0.0033,571.8372,0.0061,576.1104,0.0138,61.5824,0.0400,14.7130,0.0006,0.8521,0.0011,0.1250,0.0000,-23.7122,0.0033
1284,1284,10549,323.7302041135391,0.68469535902198,SER,0.66010970467084,574.0779,0.0017,573.3078,0.0049,15.5901,0.0127,17.6007,0.0008,0.8120,0.0019,0.2677,0.0002,1.0487,0.0135,574.0779,0.0017,573.3078,0.0049,15.3298,0.0085,17.0041,0.0006,0.9097,0.0012,0.2677,0.0002,1.0487,0.0135,574.0779,0.0017,573.3078,0.0049,15.0814,0.0100,16.7538,0.0007,1.0029,0.0014,0.2677,0.0002,1.0487,0.0135,574.0779,0.0017,573.3078,0.0049,14.8126,0.0160,16.5425,0.0009,1.1037,0.0023,0.2677,0.0002,1.0487,0.0135
