brickid,brickname,objid,type,ra,dec,ebv,flux_g,flux_r,flux_i,flux_z,psfsize_g,psfsize_r,psfsize_i,psfsize_z,sersic,sersic_ivar,shape_r,shape_r_ivar,shape_e1,shape_e1_ivar,shape_e2,shape_e2_ivar,mag_g,mag_r,mag_i,mag_z,mag_w1,mag_w2,mag_w3,mag_w4,g_r,r_i,r_z,i_z,index
406679,1506p132,2100,SER,150.5972273265705,13.30538024065569,0.03529581,58.17366,83.11901,93.75611,102.54212,1.479726,1.3489343,1.6452752,1.2605172,0.82058084,91321.54,3.488179,77915.19,0.06537075,965572.9,0.08108724,1153119.4,18.088184,17.700748,17.570002,17.472744,18.15527,18.967072,16.11238,13.220885,0.3874359,0.13074684,0.22800446,0.097257614,1815
334703,0038p007,8889,SER,3.992951910138584,0.717325314683266,0.024003811,68.77469,118.63426,146.53949,169.04532,1.7991879,1.2991369,1.2709776,1.0706933,3.3266203,20157.307,2.9087212,2170476.2,0.24278402,4584651.5,0.069616444,3617413.2,17.90643,17.314474,17.085114,16.929993,17.48343,18.124443,18.144514,15.752797,0.5919552,0.22936058,0.38448143,0.15512085,1715
275909,0110m095,1669,SER,10.91151195711457,-9.522435986956095,0.038265523,167.09465,231.15755,278.31888,289.89365,1.4735358,1.1494162,1.1521547,1.5343045,1.7460293,1109989.6,4.554125,696510.2,-0.19011289,2.9653416E7,-0.03266883,1.5088052E7,16.942595,16.590229,16.388643,16.344402,16.784416,17.253084,15.159743,14.035509,0.3523655,0.20158577,0.24582672,0.04424095,1817
334677,3573p005,4158,SER,357.3204882676784,0.3996250261975259,0.031861566,156.2065,263.4491,327.31738,403.10583,1.1088532,1.2262269,1.12543,1.2195617,0.54795855,5443724.5,3.1626978,4171116.0,0.40916136,8.913972E7,-0.21962588,6.312584E7,17.015753,16.448257,16.212578,15.986452,16.171022,16.617191,14.745332,14.674815,0.56749535,0.23567963,0.46180534,0.22612572,1822
349781,1736p032,3238,SER,173.6131354813628,3.267851735731058,0.02095216,164.55219,257.18973,318.0115,346.92462,1.516372,1.3869455,1.3221701,1.3255981,1.9665726,31174.271,10.172898,104032.84,-0.066086955,684658.2,-0.23769346,1236146.0,16.95924,16.474365,16.243893,16.149412,16.794247,17.33434,16.569237,,0.48487473,0.23047256,0.32495308,0.094480515,1773
413025,3423p142,2407,SER,342.3382497279014,14.27639676645973,0.04295745,102.51858,146.51433,0.0,182.64983,1.4304409,1.7771108,0.0,1.5741218,0.7048861,196090.06,3.7088485,156294.36,-0.43509427,4172376.8,0.15861188,2725123.0,17.472994,17.0853,Infinity,16.845951,17.35465,17.730272,16.931694,12.867469,0.3876934,Infinity,0.23934937,Infinity,1788
267373,0039m110,2805,REX,3.951258387296382,-10.96617288211767,0.038455486,119.09542,185.80966,223.52985,253.8478,1.6053715,1.7377813,1.6585634,1.7384768,1.0,0.0,3.2359226,275204.16,0.0,0.0,0.0,0.0,17.310263,16.82733,16.626661,16.488567,17.063744,17.496346,16.725163,14.547685,0.48293304,0.20066833,0.33876228,0.13809395,1732
502712,2376p312,5270,SER,237.7398156149565,31.2266308068675,0.026802147,77.259544,119.54351,0.0,160.05357,1.5703603,1.4608665,0.0,1.3945241,0.9718576,58688.605,2.1158035,218821.94,0.1029051,1690973.0,0.023518678,845503.6,17.780119,17.306185,Infinity,16.989336,17.436686,17.984892,16.081566,15.633617,0.47393417,Infinity,0.31684875,Infinity,1721
480897,1241p270,3677,SER,124.1860836297357,27.00945709087203,0.03705301,97.38857,155.23354,187.09239,208.3092,1.8222753,1.4221298,1.3047458,1.4322758,0.81540614,172067.19,4.891519,80207.25,0.24519673,2825101.0,0.011589163,1139591.0,17.52873,17.022535,16.81986,16.703228,17.35659,17.974024,,13.995502,0.50619507,0.20267487,0.31930733,0.11663246,1729
401117,1665p122,7401,SER,166.681182075949,12.29776281295618,0.015822478,76.84605,117.56732,137.72899,153.87149,1.525126,1.5054839,1.1504024,1.2858893,0.8322516,119580.93,2.5039814,265834.12,0.042998057,1344798.2,-0.10618164,2141589.0,17.785946,17.324284,17.152437,17.032104,17.572357,18.182695,16.208479,13.974316,0.4616623,0.17184639,0.2921791,0.12033272,1810
406863,1978p132,3561,SER,197.8545875184915,13.35911856139631,0.021062631,60.75253,94.13932,111.75024,125.24827,1.3281215,1.133015,1.1774622,1.433745,0.9187364,52819.26,1.3666625,574849.1,-0.18156517,1738598.2,-0.042719863,1013152.1,18.04109,17.565573,17.37938,17.255571,17.809807,18.087103,16.356668,,0.47551727,0.18619347,0.31000137,0.12380791,1761
331880,0181p002,6553,PSF,18.14024433569818,0.2934355571414982,0.03446904,8.171556,9.592362,8.152196,8.541447,1.6571432,1.3677577,1.0904044,0.9893597,0.0,0.0,0.0,0.0,0.0,0.0,0.0,0.0,20.219238,20.045187,20.221813,20.171171,18.991997,19.168503,,14.539062,0.17405128,-0.1766262,-0.12598419,0.050642014,1858
496103,1213p300,1364,SER,121.3224291799418,29.92908555573434,0.04103714,101.11131,147.70355,170.5821,190.99074,1.5190891,1.4444056,1.1291401,1.3264834,1.0482442,104472.52,3.2448153,155977.48,0.031843748,1300168.4,0.148864,3054857.5,17.488,17.076523,16.920166,16.79747,17.379374,17.722847,15.489521,13.241451,0.41147804,0.15635681,0.27905273,0.12269592,1706
386981,1702p097,5466,DUP,170.2184224365475,9.730831777588756,0.04069873,0.0,0.0,0.0,0.0,1.5096658,1.4060899,1.28214,1.2854913,0.0,0.0,0.0,0.0,0.0,0.0,0.0,0.0,Infinity,Infinity,Infinity,Infinity,Infinity,Infinity,Infinity,Infinity,,,,,1789
356943,1668p045,5402,SER,166.9395215188515,4.378538180768241,0.06388825,150.04895,227.53387,281.13458,306.3421,1.5977335,1.2548013,1.2257934,1.1107751,1.160305,239168.81,5.227819,101451.09,0.22832005,3883344.2,-0.2438826,3975951.2,17.059418,16.607386,16.377714,16.284483,16.951723,17.534912,16.945204,15.212816,0.4520321,0.22967148,0.32290268,0.0932312,1806
395612,2022p112,1308,SER,202.2157545697459,11.25082235690341,0.027616268,68.13542,122.17562,162.53809,193.82442,1.2055143,1.4510106,1.4653823,1.2273887,0.79206413,123716.11,5.003518,59516.707,0.14261681,3510585.2,-0.67875284,5441532.5,17.916567,17.28254,16.972612,16.781479,16.85457,17.31701,15.607925,13.282709,0.6340275,0.309927,0.5010605,0.1911335,1847
342461,1433p020,2611,SER,143.3081404876599,1.982982994711788,0.053185236,54.678806,83.978386,97.34882,111.49195,1.2632571,1.0650264,1.1517609,1.1898311,1.4485112,30858.846,1.6399549,502842.62,-0.204754,1343744.5,0.1045377,1160509.4,18.155453,17.68958,17.529173,17.381891,17.890457,18.484917,19.567907,13.240607,0.4658718,0.16040802,0.30768967,0.14728165,1751
342612,1811p020,10237,SER,181.1933837373836,2.005246119409772,0.025695296,152.66002,304.19934,412.27042,499.71796,1.4735584,1.1359481,0.9640139,1.1142626,3.3366342,261762.45,2.4296973,2976143.2,-0.041714534,2.0986268E7,0.029842254,1.9458344E7,17.040688,16.292105,15.962045,15.753187,16.281122,16.90353,,17.72703,0.74858284,0.33006,0.53891754,0.20885754,1784
336062,3436p007,11983,DUP,343.6436471332534,0.8300888657973595,0.09663018,0.0,0.0,0.0,0.0,1.5894594,1.1401248,1.1874114,1.1007468,0.0,0.0,0.0,0.0,0.0,0.0,0.0,0.0,Infinity,Infinity,Infinity,Infinity,Infinity,Infinity,Infinity,Infinity,,,,,1842
337024,2241p010,3618,SER,224.103903887567,0.9868675083923918,0.043624096,118.94635,165.52283,201.92722,215.46687,1.4449694,1.3551962,1.0488394,1.2259039,1.8347483,128427.48,11.317428,80690.195,-0.60156196,9032043.0,-0.35321647,6601697.0,17.311623,16.952856,16.737013,16.666548,17.385733,17.828379,16.467976,15.25282,0.35876656,0.2158432,0.2863083,0.07046509,1716
381253,1606p087,572,SER,160.5538677091916,8.688548916101903,0.02569705,73.46463,129.6535,171.92816,204.3797,1.523609,1.4363204,1.4924071,1.3103021,1.3498274,62436.023,4.396015,158461.27,0.35583332,2152631.0,-0.22498721,1329656.4,17.834805,17.218039,16.911633,16.723906,17.224,17.84697,17.111317,15.647256,0.616766,0.30640602,0.494133,0.18772697,1804
336202,0186p010,9148,SER,18.71891546764137,0.9551509725230992,0.031390615,55.770508,86.70682,105.42781,118.79985,1.6178218,1.3201723,1.0822597,0.9934424,1.3220272,104967.07,6.542361,44110.156,-0.4158009,2418012.5,-0.1364251,1304070.1,18.13399,17.654867,17.442612,17.31296,17.994448,18.600742,,17.979967,0.47912216,0.21225548,0.3419075,0.12965202,1854
324656,0121m010,5470,SER,12.13352151590886,-1.10333858911786,0.02798927,128.0093,213.48206,271.29504,307.57028,1.3905652,1.1744231,1.1852268,1.148685,0.9675018,567125.8,7.236329,189173.56,0.48799592,2.0198754E7,-0.29931286,9961817.0,17.231895,16.676596,16.416395,16.28014,16.747478,17.350954,15.66587,16.53747,0.55529976,0.2602005,0.39645576,0.13625526,1839
358566,2137p047,2321,SER,213.6742964535463,4.750948648407309,0.026648482,135.32834,211.03699,260.81067,284.29672,1.3510712,1.2944539,1.0983624,1.0855626,0.7938664,634795.44,3.169917,724648.9,0.40005818,1.3994023E7,0.26428404,1.0898316E7,17.171528,16.689104,16.459187,16.36557,16.883158,17.41562,16.084679,14.861983,0.48242378,0.22991753,0.323534,0.093616486,1832
336940,2031p010,5656,PSF,203.2247922979547,0.9066481600181228,0.026923234,0.582962,1.9950477,2.2457414,3.5994842,1.6960256,1.3505309,1.1900411,1.2449188,0.0,0.0,0.0,0.0,0.0,0.0,0.0,0.0,23.0859,21.750116,21.621601,21.1094,19.910622,21.320625,,14.323277,1.335783,0.12851524,0.64071655,0.5122013,1736
327575,0218m005,2507,SER,21.81235809636697,-0.5774578987703661,0.027342234,84.722595,141.772,179.33063,202.09317,1.6576682,1.2448848,1.2445878,1.3504525,0.960152,465063.1,4.8490124,482773.78,-0.3587183,9918111.0,-0.2789828,8156588.5,17.680002,17.121023,16.865864,16.73612,17.38582,18.084686,17.905252,15.9786,0.55897903,0.25515938,0.38490295,0.12974358,1786
352583,1550p037,341,SER,154.9760140683667,3.694000856624103,0.031823017,105.08662,157.7781,186.56079,209.38686,1.37455,1.5175872,1.3897486,1.2606906,1.1226394,176475.52,3.3007174,217015.45,0.08972329,3177765.2,-0.06932348,2467353.5,17.44613,17.004883,16.822948,16.697626,17.285875,17.685808,14.701404,11.40855,0.44124794,0.18193436,0.3072567,0.12532234,1710
399765,1811p120,247,SER,181.0290645421132,12.06749527574687,0.029043397,131.67813,194.49263,221.70149,250.48828,1.4799372,1.2745506,1.1742058,1.0855078,1.4999689,255183.81,5.26632,221232.66,-0.012467392,1384315.8,-0.21454132,1556703.1,17.201216,16.777742,16.635578,16.50303,17.255707,17.852413,16.683985,,0.42347336,0.14216423,0.2747116,0.13254738,1772
332665,2143p002,10953,SER,214.4909820684755,0.3387561021988272,0.038561508,207.43083,307.27768,359.7144,402.71304,1.4401553,1.2938511,0.9956218,1.1870077,2.373798,366746.4,7.1521406,2289584.0,0.088307075,1.33916E7,0.0098495,6563098.0,16.707817,16.281172,16.110106,15.987511,17.613518,18.840462,,,0.42664528,0.17106628,0.29366112,0.12259483,1782
338416,2121p012,2296,SER,212.048711990727,1.263167069121433,0.03668136,56.854618,82.63119,97.48521,107.55011,1.4492029,1.3033124,1.0425917,1.1765746,0.7698238,251797.25,1.6707141,2784571.2,0.045482446,6100611.5,-0.46594214,7436802.5,18.113085,17.70714,17.527653,17.420973,17.55411,17.925108,15.560621,15.34597,0.40594482,0.17948723,0.28616714,0.10667992,1748
353995,1485p040,5811,SER,148.5468184831674,3.924016407288753,0.03854211,146.4105,233.19667,288.0617,313.7722,1.1088923,1.3893352,1.0879284,1.4734327,2.1418672,705223.6,2.2987893,3288737.0,-0.13456897,2.8726142E7,0.24583906,3.6689416E7,17.08607,16.580694,16.351286,16.258465,16.730242,17.288765,15.917038,13.932209,0.5053749,0.22940826,0.3222294,0.09282112,1725
275815,3471m097,1251,SER,347.1278447072992,-9.715821595291729,0.038747426,5.6324577,9.613435,11.650482,11.929585,1.3845834,1.3478793,1.3836864,1.6927731,0.5,204.17747,0.36773524,26748.734,-0.010996569,701.9012,-0.80899537,33.189453,20.623255,20.042803,19.83414,19.808437,19.218023,20.06344,,,0.58045197,0.20866203,0.23436546,0.02570343,1759
351128,1508p035,8442,SER,150.831185422232,3.554372723042924,0.019287813,86.643135,126.97433,146.50198,161.59633,1.1839077,1.3294698,1.0357596,1.3192325,0.5,3347950.2,2.1089544,6210596.0,-0.11446073,2.8626396E7,-0.15066953,3.5602676E7,17.655664,17.24071,17.085392,16.978922,17.439648,17.785814,15.432492,11.649938,0.41495514,0.1553173,0.2617874,0.10647011,1828
326058,0026m007,871,SER,2.509425107638705,-0.6350121198475236,0.052905004,148.04272,218.92319,253.99413,290.57654,1.1069494,1.1926783,1.177214,1.0491788,3.4434566,199978.48,5.6103635,197178.89,0.24570063,1.243716E7,0.27334106,1.2751713E7,17.074032,16.649271,16.487942,16.341848,17.113596,17.699402,,8.794527,0.42476082,0.16132927,0.30742264,0.14609337,1867
338809,3103p012,2302,SER,310.3115427334102,1.179809710065348,0.085448466,109.56994,171.32944,0.0,232.43071,1.6585854,1.269717,0.0,1.4324732,1.4059958,86658.3,4.2377462,77825.77,0.33494925,2806764.2,-0.0029684114,1350989.8,17.400772,16.91542,Infinity,16.584267,17.117405,17.614588,16.299913,13.452463,0.48535156,Infinity,0.33115387,Infinity,1723
325310,1756m010,4785,SER,175.64520274884,-1.110600268855024,0.016495809,69.3121,109.82346,137.51588,152.84312,1.3591921,1.2460569,1.3659115,1.8402218,0.8793242,124352.62,5.6108723,855480.8,-0.45111144,4204356.0,0.4529552,5283426.0,17.897978,17.398262,17.154118,17.039385,17.380375,17.898659,16.349976,,0.4997158,0.24414444,0.35887718,0.11473274,1777
387050,1877p097,6815,SER,187.7668822083667,9.76030599637275,0.019838747,104.40038,157.03896,193.64163,210.33405,1.4217256,1.3372968,1.2548897,1.2900848,0.95965326,375481.1,4.9661937,153175.47,0.24374709,6590241.0,0.026865443,2694895.2,17.453245,17.009981,16.782503,16.692726,17.3906,17.98927,17.11755,13.264018,0.443264,0.22747803,0.31725502,0.08977699,1837
503586,1330p315,1784,SER,132.9682978606445,31.58485755140394,0.024775062,111.21564,198.08716,0.0,301.4486,1.9255818,1.5995907,0.0,1.3009428,0.82929975,220459.48,1.4214195,2305511.2,0.11844162,5606459.0,-0.16198027,6124314.5,17.384584,16.757858,Infinity,16.301968,16.525354,16.998363,14.887348,14.616921,0.62672615,Infinity,0.45589066,Infinity,1825
326039,3578m010,781,SER,357.7669140407679,-0.9985425728267052,0.024737976,142.16684,218.6494,269.6558,292.97537,1.6604406,1.2548503,1.1623209,1.2029753,0.67158616,900474.6,5.0103683,3185420.2,-0.2713947,1.3387163E7,-0.40946072,1.7177996E7,17.118004,16.650629,16.422976,16.332922,16.841284,17.42684,16.176523,,0.4673748,0.2276535,0.31770706,0.09005356,1833
359932,1961p050,3116,REX,196.1556626893886,4.943646333734597,0.034800775,66.2668,81.656075,85.47675,89.212944,1.5231203,1.3436841,1.249729,1.2020874,1.0,0.0,1.3356493,444418.34,0.0,0.0,0.0,0.0,17.94676,17.720028,17.67038,17.62393,18.10037,18.924736,,12.482058,0.22673225,0.049648285,0.096097946,0.04644966,1860
415963,0205p150,3047,SER,20.59190120700265,14.93115730369771,0.052061744,197.81026,294.648,0.0,386.69034,1.4186503,1.5573545,0.0,1.5072349,0.8328688,269156.9,5.57744,74150.664,0.007676972,1549205.4,-0.088320024,3673780.0,16.759378,16.32674,Infinity,16.031591,16.590036,17.147589,15.328932,15.182809,0.43263817,Infinity,0.29514885,Infinity,1731
378446,1717p082,3944,SER,171.8493170082544,8.24549775286351,0.057900645,81.58476,95.23736,92.43072,100.98606,1.2625604,1.1615415,1.1506289,1.263728,0.82495284,89137.96,1.8364851,399464.6,0.028756933,1314893.4,0.33344743,2337097.8,17.720978,17.552982,17.585459,17.489346,18.25056,18.737638,18.568518,12.954244,0.16799545,-0.032476425,0.06363678,0.096113205,1717
358343,1578p047,315,SER,157.7006731583439,4.727393848359507,0.038799085,107.07891,144.73665,172.72037,176.66753,1.6928419,1.2166173,1.4598159,1.135998,1.1621201,76962.42,8.828706,13633.795,-0.35747394,3482034.8,0.64207774,5151176.0,17.42574,17.098555,16.906641,16.882109,17.454796,17.865685,17.201199,17.856941,0.32718468,0.1919136,0.21644592,0.024532318,1836
331329,2403p000,4735,DEV,240.4459741122731,0.0980619412940143,0.1329641,46.936417,86.557304,110.07886,132.32733,1.2286817,1.4473041,1.8403065,1.2818961,4.0,0.0,2.6993356,15674.218,0.061631877,147879.47,-0.06442215,141118.34,18.321226,17.65674,17.39574,17.195875,17.704315,18.713089,16.706326,,0.66448593,0.26099968,0.46086502,0.19986534,1718
396922,1760p115,1422,SER,175.9733857575596,11.46887703460753,0.03564824,66.55178,104.94049,125.55269,143.42928,1.3112947,1.1226315,1.2263516,1.255817,0.8493394,85931.33,3.4116654,96815.766,0.4877898,2616558.0,0.28718588,1993386.5,17.9421,17.447641,17.252935,17.108406,17.477793,18.023392,17.11265,14.120697,0.49445915,0.19470596,0.3392353,0.14452934,1701
332601,1983p002,1558,SER,198.3111543575811,0.2738949850355022,0.03142636,92.85213,147.50418,177.30019,203.70178,1.3529557,1.512032,1.2640104,1.3320398,1.2263485,103134.14,3.3387003,148558.16,0.2994936,2773333.5,0.15931097,1898148.4,17.58052,17.07799,16.878227,16.727512,17.264431,17.81214,16.999735,14.466315,0.50253105,0.19976234,0.35047722,0.15071487,1755
333295,0118p005,8935,SER,11.95697996021988,0.580958836346975,0.0264087,100.67822,134.14081,150.95935,165.4524,1.4905825,1.1422447,1.0980209,1.1113296,1.3127657,177227.38,1.8352169,2001694.0,-0.07402089,5430905.5,-0.07774244,5516539.5,17.49266,17.181097,17.05285,16.953318,17.425728,17.823387,16.409174,13.718382,0.3115635,0.1282463,0.22777939,0.09953308,1743
313899,2028m030,7377,REX,202.9571762172825,-2.953299590377702,0.037937753,1.8286315,3.5408344,4.8512235,6.286598,1.5979068,1.3207464,1.3457165,1.3134196,1.0,0.0,0.27070835,95106.516,0.0,0.0,0.0,0.0,21.844685,21.127235,20.785372,20.503962,19.700514,22.735636,17.166056,12.500989,0.7174492,0.34186363,0.62327385,0.28141022,1728
396872,1633p115,6399,DUP,163.2303433530173,11.53745089789927,0.021327728,0.0,0.0,0.0,0.0,1.4989386,1.2378209,1.3886204,1.1450111,0.0,0.0,0.0,0.0,0.0,0.0,0.0,0.0,Infinity,Infinity,Infinity,Infinity,Infinity,Infinity,Infinity,Infinity,,,,,1855
273156,0330m100,6027,SER,33.07745650243472,-10.00698380567518,0.027834496,174.1942,257.78607,312.30423,329.12732,1.4537797,1.2320508,1.205245,1.1387542,1.5309564,195368.72,14.983316,7612.798,-0.08885279,1500397.6,-0.10452775,1772985.8,16.897415,16.471851,16.263556,16.20659,17.366076,18.052069,16.213902,,0.4255638,0.20829582,0.2652607,0.056964874,1868
386858,1390p097,767,SER,138.9695948343487,9.824580227175774,0.050412368,169.25822,256.8509,316.02835,342.07404,1.2317715,1.1218331,1.1319729,1.2124872,1.5523765,68481.2,7.472488,24386.172,0.21999714,1571875.0,-0.10443549,876749.0,16.928625,16.475798,16.250685,16.1647,16.847136,17.569155,16.395817,,0.45282745,0.22511292,0.3110981,0.08598518,1752
353933,1330p040,1845,SER,132.9801573796405,3.994974163446101,0.052156825,68.503845,98.68992,114.94988,125.86896,1.4169952,1.4031931,1.0051631,1.298222,1.5517228,73442.5,3.7100396,136920.78,0.28545025,2706430.2,-0.12952527,1564933.0,17.910713,17.514318,17.348728,17.250204,17.95937,18.459373,,,0.39639473,0.16559029,0.26411438,0.09852409,1774
389747,1516p102,2736,SER,151.6977254756629,10.17183128545906,0.034679208,87.24685,148.17825,187.54536,211.51453,1.5914569,1.4332321,1.3728409,1.6853821,1.0607527,86300.12,5.2236104,48171.242,-0.6715947,4405510.5,0.040508736,2673147.5,17.648125,17.073038,16.817234,16.68665,17.239868,17.825903,16.71509,,0.5750866,0.25580406,0.38638878,0.13058472,1787
287171,3361m077,4307,SER,336.1519218065884,-7.740372696165801,0.053014398,47.994537,81.79925,100.74158,117.4719,1.4948361,1.2475947,1.6578494,1.2109314,0.69483244,445292.16,2.0061252,1304532.8,-0.07661799,3831789.8,0.20957288,7525532.5,18.29702,17.718126,17.491978,17.325165,17.836163,18.441704,16.93477,,0.57889366,0.2261486,0.3929615,0.1668129,1862
500252,2411p307,3454,SER,241.1979253914644,30.82451810050476,0.03255381,65.80262,82.273766,0.0,88.52603,1.7515103,1.4832368,0.0,1.1960372,0.8561432,27269.232,2.997685,225586.7,0.51145416,1198827.6,0.014666033,753096.9,17.954391,17.711847,Infinity,17.632322,18.209406,18.732952,18.613026,,0.24254417,Infinity,0.079524994,Infinity,1735
354070,1673p040,1321,SER,167.2783094759066,3.927640241025826,0.04833105,207.73135,327.875,395.21542,446.3639,1.5454749,1.2375714,1.3641052,1.0886137,4.4710646,39028.9,13.624,657098.2,0.0543342,1536475.2,0.24425068,2355556.8,16.706245,16.21073,16.007915,15.875777,17.653555,18.840952,,,0.49551582,0.2028141,0.33495235,0.13213825,1730
335227,1348p007,8611,SER,134.9583385250201,0.8073336554228311,0.039199483,180.24495,272.58496,0.0,358.03378,1.4588304,1.4193797,0.0,1.2092956,2.2559052,151164.55,14.309891,22076.236,0.118849,2643133.8,0.3884017,5625047.0,16.860342,16.411245,Infinity,16.11519,16.775003,17.319872,16.508348,,0.44909668,Infinity,0.29605484,Infinity,1712
403852,1460p127,4175,SER,146.1473189170914,12.66418804146043,0.04466669,58.59512,90.07552,104.73757,116.7968,1.2064558,1.1876334,1.6051468,1.2845737,2.286605,7190.388,1.2580254,338927.06,0.01928184,508896.3,0.08010253,845324.6,18.080347,17.613483,17.449743,17.331423,17.726955,18.244469,16.604158,,0.46686363,0.16374016,0.28206062,0.11832047,1756
405306,1585p130,3589,SER,158.5862713629405,13.00206835487385,0.03227636,132.09709,221.3052,279.9739,315.56927,1.6003792,1.4285679,1.3933567,1.0386974,1.2189554,290692.6,5.0935793,122585.93,0.003129857,2037814.8,-0.08362626,5034075.5,17.197767,16.637522,16.382206,16.252264,17.080753,17.738373,15.803277,,0.5602455,0.25531578,0.38525772,0.12994194,1864
297103,3141m060,4600,SER,314.19937797234,-5.977795253387373,0.048187386,64.99933,93.79332,114.37769,123.78468,1.4547911,1.5136673,1.1121678,1.1069965,0.6826589,89472.17,2.8498971,98622.5,-0.021229308,533620.44,-0.075372085,1199802.2,17.967728,17.56957,17.354147,17.268333,17.934837,18.429468,14.96309,,0.39815712,0.21542358,0.3012371,0.08581352,1799
415816,3425p147,613,SER,342.4673107661594,14.6466974995048,0.050850037,80.53379,125.10558,0.0,166.93553,1.4071198,1.4427079,0.0,1.8512709,0.9362281,48638.875,3.120098,68522.13,-0.032913458,459136.56,-0.078901194,662799.3,17.735054,17.256807,Infinity,16.943628,17.51758,18.069782,16.876995,,0.4782467,Infinity,0.31317902,Infinity,1779
328415,2318m005,2723,SER,231.8414121742427,-0.3965191640424555,0.11069469,49.230995,72.4228,81.99481,94.16189,1.3656074,1.5209807,1.3755515,1.0954008,1.4556636,41033.1,1.5147618,548864.75,-0.23658885,2009213.1,-0.054777276,1194949.2,18.269403,17.850311,17.715534,17.565311,17.85575,18.209581,16.556202,,0.41909218,0.13477707,0.28499985,0.15022278,1757
463097,2520p235,4273,SER,252.0930066480583,23.4956344492221,0.052033946,37.713814,80.127815,0.0,149.04912,1.6704968,1.3850225,0.0,1.3038313,0.7374496,35699.707,1.792532,176938.6,0.26769635,726541.2,-0.3515965,762116.8,18.558748,17.740541,Infinity,17.066677,16.711033,16.833471,14.830358,11.401549,0.8182068,Infinity,0.67386436,Infinity,1769
282871,3315m085,2376,REX,331.5629200936904,-8.470497674921043,0.029458085,94.89752,136.67616,167.61606,180.46024,1.6785002,1.2399373,1.5142674,1.3861403,1.0,0.0,5.7540154,59857.7,0.0,0.0,0.0,0.0,17.556862,17.160769,16.93921,16.859047,17.68272,18.117695,16.706118,13.535878,0.39609337,0.22155762,0.30172157,0.080163956,1835
318190,1956m022,1035,SER,195.5137521315164,-2.198975917550026,0.02472411,83.03611,115.14249,132.79207,144.64061,1.4381841,1.3569608,1.2256306,1.2641237,1.3475299,447538.4,2.4577112,1520627.2,0.18081647,1.3952934E7,-0.1005149,9660905.0,17.701832,17.34691,17.19207,17.099274,17.5534,18.119595,16.137161,,0.35492134,0.15484047,0.2476368,0.092796326,1840
358386,1685p047,2307,SER,168.5751912204989,4.70973098416895,0.05350648,110.63902,165.67815,186.92801,213.49225,1.8819666,1.3805352,1.1374575,1.3279599,1.3363397,87896.89,3.656461,137142.03,0.16523315,2319569.2,-0.0189133,1058675.6,17.390228,16.951838,16.820814,16.676544,17.255445,17.794657,16.069794,13.081614,0.43839073,0.1310234,0.27529335,0.14426994,1809
326206,0396m007,1541,SER,39.53603947059179,-0.6422937077615926,0.032366965,188.51704,271.2907,330.11322,350.67236,1.4756399,1.2562698,1.2921141,1.1609286,1.4248639,482353.34,6.6096272,198119.25,0.08357808,7465466.0,-0.066116735,5534464.0,16.811623,16.416412,16.203342,16.137747,16.78957,17.361948,15.818585,14.837893,0.39521027,0.21306992,0.27866554,0.06559563,1702
331841,0083p002,2089,SER,8.311904479056627,0.2010993750531641,0.020039191,533.5425,725.7125,869.9148,898.1341,1.4391035,1.1486068,1.0476661,1.0983484,1.2550312,2761888.5,7.92416,532177.6,0.010560596,2.7026206E7,0.2840916,5.9547684E7,15.682077,15.348088,15.151308,15.116647,15.874524,16.513268,15.302043,12.526191,0.33398914,0.1967802,0.2314415,0.034661293,1703
333297,0123p005,489,SER,12.26005046412672,0.5246424062356033,0.023330942,57.754807,97.47813,121.21558,142.91992,1.4979833,1.2322466,1.2038984,1.0918394,1.280402,141505.44,2.5938427,409066.38,-0.334836,4373760.0,-0.28312477,4019256.8,18.09603,17.527733,17.291103,17.112268,17.446772,18.003994,16.186771,,0.56829643,0.23662949,0.4154644,0.17883492,1850
414567,0200p147,3475,EXP,20.06710347776573,14.87497254341113,0.06200508,48.03875,75.052124,0.0,99.46685,1.6540085,1.5014817,0.0,1.4846448,1.0,0.0,7.338383,6937.169,-0.173975,184746.36,0.33336684,434751.0,18.29602,17.811592,Infinity,17.505804,18.704876,,17.085398,,0.4844284,Infinity,0.30578804,Infinity,1795
329779,2128m002,4219,SER,212.8480675054828,-0.3005035522168909,0.047553297,134.30971,204.07878,240.04901,275.59277,1.4445407,1.3000803,1.0187443,1.1478647,1.9325205,485422.38,3.1896925,869300.2,0.017573148,6278330.5,0.11044881,1.2352482E7,17.179731,16.725506,16.54925,16.39933,17.066051,17.715961,16.267786,,0.45422554,0.17625618,0.3261757,0.14991951,1724
354178,1943p040,335,SER,194.2824224523428,4.029895176361109,0.029407464,58.237892,97.88297,125.51848,143.89725,1.4085624,1.2289509,1.2686752,1.2733206,0.64461035,74606.28,7.249882,13355.743,-0.66764534,3465745.2,0.33119377,2416288.5,18.086987,17.523232,17.253231,17.104868,17.500334,18.136665,16.526337,,0.56375504,0.27000046,0.41836357,0.14836311,1758
278746,0092m090,4808,EXP,9.320329460463745,-9.104159788865358,0.034927912,145.51454,213.79242,260.1303,276.29855,1.3715383,1.3930295,1.2284402,1.529909,1.0,0.0,12.03594,979131.94,-0.55342823,2432798.5,0.14333157,3564074.8,17.092733,16.675018,16.462023,16.396553,17.36518,17.840471,,13.890799,0.41771507,0.21299553,0.27846527,0.06546974,1747
394046,1638p110,2092,SER,163.8110297809501,11.09560491169138,0.018564848,56.2579,89.52191,105.23537,121.86096,1.606961,1.4219533,1.3345678,1.2201163,1.1276622,49074.2,1.6266284,432489.2,0.240534,1615362.6,0.17503099,1369048.5,18.12454,17.620176,17.444595,17.28534,17.677193,18.207216,16.664644,14.067026,0.504364,0.17558098,0.33483696,0.15925598,1846
331211,2108p000,3770,SER,210.8841476323709,-0.0092654783527629,0.048824444,57.331745,84.41878,96.883,110.78741,1.51379,1.4186213,1.1413132,1.2138081,0.79887515,80977.77,2.6681883,147489.11,0.1337259,1048884.4,-0.31669936,1650649.6,18.104012,17.683903,17.534382,17.388775,17.904839,18.396107,16.683197,,0.4201088,0.14952087,0.29512787,0.145607,1778
349954,2169p032,4995,SER,216.9210801713807,3.301139376281453,0.027706258,307.70248,459.71777,560.5936,597.75,1.4684732,1.3999578,1.2632499,1.2984998,1.950677,355932.97,15.389895,16405.232,-0.078879856,5590341.0,0.02921292,2959088.2,16.279673,15.843772,15.62838,15.558701,16.308823,16.903713,15.622197,15.128509,0.4359007,0.21539211,0.28507137,0.06967926,1742
477010,1197p262,1261,SER,119.6836702918375,26.1388605158204,0.040611956,59.35165,83.61443,98.329575,108.72498,1.7185246,1.3655298,1.2308505,1.4212337,0.54449177,146648.45,1.8285894,440511.47,0.08430891,2237965.2,-0.033396695,1135892.0,18.066418,17.694298,17.51829,17.409176,17.80086,18.104305,16.50615,12.931921,0.3721199,0.17600822,0.28512192,0.10911369,1841
365522,1587p060,1779,SER,158.7406443841848,5.993246968519174,0.03048467,101.51379,156.42853,193.57733,211.44057,1.5789306,1.4182258,1.4030075,1.0518309,0.6947264,201529.62,5.308819,55136.05,0.23252685,2381177.8,-0.12957111,1439255.1,17.483688,17.01421,16.782864,16.687029,17.453957,18.11453,16.812305,15.401366,0.4694786,0.23134613,0.32718086,0.09583473,1827
414512,0058p147,2544,SER,5.811950001003222,14.80956053327815,0.057508368,491.37952,767.3929,0.0,1055.2084,1.69291,1.4044898,0.0,1.7515562,2.4155898,226427.31,13.651881,18056.805,-0.18457411,4458283.5,0.19418462,4818172.5,15.771458,15.287456,Infinity,14.941654,15.681669,16.210897,15.823496,13.435598,0.4840021,Infinity,0.34580135,Infinity,1834
368489,1843p065,5376,EXP,184.3990971492518,6.578419782653189,0.022068018,106.79309,147.18529,174.05516,174.4639,1.445461,1.3222077,1.179929,1.1874588,1.0,0.0,9.698479,663282.44,-0.61760163,6271588.5,0.005215622,4779701.0,17.428642,17.08034,16.898283,16.895737,17.8663,18.394907,18.009201,15.509626,0.34830284,0.18205643,0.18460274,0.0025463104,1848
328208,1801m005,10626,DUP,180.1431816130645,-0.5313775358311397,0.029026818,0.0,0.0,0.0,0.0,1.7621644,1.6752875,1.5925899,1.5453218,0.0,0.0,0.0,0.0,0.0,0.0,0.0,0.0,Infinity,Infinity,Infinity,Infinity,Infinity,Infinity,Infinity,Infinity,,,,,1708
359822,1685p050,682,SER,168.4950567372381,5.069035815485948,0.05711901,52.99888,93.14328,119.4704,139.59264,1.3880438,1.2839024,0.9910874,1.1876575,0.7010269,126678.95,3.188593,121849.61,-0.32938483,1990478.0,0.17201051,1307510.0,18.189333,17.577122,17.306849,17.137844,17.519335,18.193882,16.671213,15.351789,0.6122112,0.2702732,0.43927765,0.16900444,1713
408111,1580p135,1122,SER,157.9703256058484,13.51831965254595,0.03345851,421.72363,672.14746,844.688,943.5928,1.6473825,1.4574713,1.3909537,1.054364,0.82718605,1704901.4,6.1434665,399825.8,-0.1780443,2.037109E7,0.13763146,1.7214966E7,15.93743,15.431338,15.183259,15.063039,15.541256,16.106144,14.59083,14.70202,0.5060921,0.2480793,0.36829948,0.12022018,1738
508805,2280p325,2099,EXP,228.05047893020367,32.49002278016963,0.021169,98.66527,155.84016,-9999.0,209.66464,1.97207,1.912366,-9999.0,1.043467,1.0,0.0,1.887208,1779394.5,-0.084163,2712304.0,0.034408,2613788.0,17.51459,17.018301,-9999.0,16.696186,17.115982,17.643234,15.360002,,0.496288,-9999.0,0.322115,-9999.0,1826
417240,3508p150,2814,SER,350.8222806814613,14.92899027342999,0.067149386,59.017467,89.18108,0.0,119.98363,1.5184594,1.4748639,0.0,2.0319333,2.3549242,7813.469,2.8831546,36239.816,0.04094406,260457.33,0.1652902,493754.03,18.072548,17.62432,Infinity,17.302195,17.865675,18.535984,,,0.44822884,Infinity,0.32212448,Infinity,1780
470519,1237p250,1513,SER,123.6473892100972,25.06950458536609,0.04306647,137.92435,214.27185,249.04216,287.36063,1.5172476,1.64396,1.5614898,1.4828905,0.7111647,693939.5,2.6298156,1040268.0,0.12285045,1.0799434E7,0.06645694,7138318.5,17.150898,16.672586,16.509317,16.353931,16.705626,17.19732,14.950686,15.18228,0.47831154,0.16326904,0.318655,0.15538597,1760
453293,1207p217,2342,SER,120.7231299477792,21.82073005111393,0.06710947,89.833405,148.77776,185.97577,206.20514,1.2906799,1.3791313,1.08018,1.204058,2.1408424,28670.834,11.082807,9137.149,0.10542077,451338.66,0.03294288,206229.48,17.616405,17.068655,16.826359,16.71425,17.48203,18.527407,16.462282,,0.5477505,0.24229622,0.35440445,0.11210823,1750
319764,2291m020,710,SER,229.0336239532844,-2.048991254073981,0.2054929,158.74707,316.2709,437.822,540.3123,1.2916893,1.5660008,1.235743,1.5321631,1.9595944,65835.89,14.054831,8396.341,-0.30680743,2096095.1,0.040823873,862732.1,16.998236,16.249851,15.896756,15.668387,16.128208,16.699396,15.806849,,0.7483845,0.35309505,0.5814638,0.22836876,1719
270236,0118m105,2794,SER,11.8060691884027,-10.44669065330186,0.033937946,85.40381,130.15067,140.39006,156.28662,1.1308486,1.3575869,1.2864283,1.565952,1.8595468,30898.715,1.8199784,302633.1,-0.10994845,1159152.2,0.17438668,1568349.1,17.671307,17.213884,17.131659,17.015196,17.691706,18.35724,15.205589,11.03509,0.45742226,0.0822258,0.1986885,0.11646271,1852
405390,1801p130,6904,SER,180.2397044182904,12.95975764238802,0.025026325,51.53112,84.39883,103.67693,117.28129,1.467045,1.3086994,1.1984936,1.1524853,1.2538458,41597.484,4.398766,25762.629,-0.04716213,448961.3,0.06101029,625035.0,18.219826,17.684158,17.460794,17.32693,18.025414,18.702166,16.386385,,0.5356674,0.22336388,0.35722923,0.13386536,1768
331013,1613p000,3860,SER,161.3249781483615,0.0189019888978522,0.046411425,110.80386,160.03052,194.31914,205.64503,1.4168332,1.3261665,1.4184678,1.3450723,1.2504983,226653.12,8.637547,397003.75,-0.17528713,8379497.0,-0.6886932,1.4087645E7,17.388613,16.989492,16.778711,16.717205,17.443752,18.021488,17.594965,15.458827,0.39912033,0.2107811,0.27228737,0.06150627,1798
341093,1613p017,163,SER,161.2549460571383,1.648691763692678,0.049722094,176.75412,290.90463,361.89218,398.45395,1.7192905,1.4319574,1.4544439,1.5124977,2.4880772,69638.38,14.238181,19390.088,-0.09058147,1086042.0,0.058845133,790685.44,16.881577,16.340624,16.103552,15.999055,16.766542,17.47349,15.816578,14.177743,0.5409527,0.23707199,0.34156895,0.10449696,1707
491523,2480p290,3009,SER,248.0453100079845,29.02515225641411,0.03464596,74.763725,121.27409,0.0,169.2066,1.753454,1.6150922,0.0,1.3283774,4.3213367,2653.9998,1.5939368,106849.21,-0.070696674,431278.4,0.042276867,343883.72,17.815773,17.29058,Infinity,16.928957,17.328802,17.877388,17.031094,15.931855,0.52519226,Infinity,0.36162376,Infinity,1754
445724,2564p202,5404,SER,256.4922976968608,20.23411208882536,0.06492933,53.584663,81.69773,0.0,115.4539,1.549831,1.3712626,0.0,1.4148355,1.0953424,32148.473,4.3350735,3132877.0,0.63228357,8054198.5,-0.2531915,3542445.5,18.177399,17.719475,Infinity,17.343979,17.477427,17.974646,16.137865,15.418181,0.4579239,Infinity,0.3754959,Infinity,1776
411736,0104p142,44,REX,10.30136196908225,14.33102038330452,0.09145046,56.272446,80.88148,0.0,102.42091,1.596295,1.4068282,0.0,1.4968286,1.0,0.0,1.5860227,214115.75,0.0,0.0,0.0,0.0,18.12426,17.730377,Infinity,17.474028,17.861813,18.317682,16.454159,13.930552,0.39388275,Infinity,0.25634956,Infinity,1863
348606,2396p030,3173,SER,239.6390459268953,3.082253118375678,0.13069862,86.86718,168.55936,230.3664,281.38327,1.5016888,1.368247,1.6541113,1.3769028,2.7287097,36348.227,5.29325,55290.63,0.08986186,1417032.8,-0.02418899,654917.7,17.65286,16.933117,16.593952,16.376755,16.866806,17.447683,16.125544,,0.7197437,0.33916473,0.55636215,0.21719742,1844
284338,3419m082,3444,SER,341.9932661566244,-8.316706484571606,0.038977552,95.86667,153.2977,186.61623,220.34184,1.8725709,1.6359885,1.5784112,1.5991462,1.3317106,65448.215,2.6839347,278496.7,-0.51143396,3119381.8,0.10824179,2348056.5,17.545832,17.036161,16.822626,16.642258,16.920593,17.43305,15.880322,15.331939,0.50967026,0.21353531,0.39390373,0.18036842,1765
324712,0261m010,3706,SER,26.10616628909347,-0.8830386892684075,0.029042374,45.53252,71.82856,87.85552,98.938736,1.4295002,1.2393421,1.1762291,1.1592275,1.3177359,87121.336,3.2110157,142053.94,-0.20177378,1738101.0,-0.24835429,2033482.5,18.354197,17.859257,17.640577,17.511583,18.208122,18.734922,18.49781,14.285007,0.4949398,0.21867943,0.34767342,0.12899399,1709
355341,1255p042,6181,DUP,125.556553312477,4.197687309164339,0.022756945,0.0,0.0,0.0,0.0,1.8449895,1.5711826,1.4487481,1.1971537,0.0,0.0,0.0,0.0,0.0,0.0,0.0,0.0,Infinity,Infinity,Infinity,Infinity,Infinity,Infinity,Infinity,Infinity,,,,,1796
359842,1736p050,618,SER,173.5019325481302,5.073446472467877,0.029320339,156.73169,235.05943,284.7711,300.11078,1.3592228,1.7044398,1.3556123,1.4646075,1.5349699,66615.945,14.464677,36550.812,-0.26418683,869489.0,0.10313741,695919.5,17.012108,16.572056,16.36376,16.306795,17.299084,17.864775,17.38573,,0.44005203,0.20829582,0.2652607,0.056964874,1857
346917,1773p027,1101,REX,177.3016085540534,2.680693637514066,0.0352434,53.137367,77.04162,88.44079,96.77547,1.5814751,1.4903507,1.0601777,1.0796767,1.0,0.0,1.8835557,225646.77,0.0,0.0,0.0,0.0,18.1865,17.783186,17.633368,17.535587,17.962605,18.398422,17.601288,14.851316,0.4033146,0.14981842,0.24759865,0.09778023,1830
324460,3231m012,8350,SER,323.1122157930126,-1.189727116740358,0.05229723,71.74576,117.11478,144.88948,168.39484,1.3768607,1.2350662,1.253224,1.0275009,0.80380356,1368713.4,2.820753,1802564.4,-0.2192156,2.3551332E7,-0.11614636,1.5758253E7,17.86051,17.32847,17.097408,16.934177,17.377619,17.864878,16.418198,12.550093,0.53203964,0.23106194,0.39429283,0.1632309,1821
349751,1661p032,5864,REX,166.2017163575823,3.144121824244128,0.055487916,78.23188,118.81467,139.46483,156.91647,1.673191,1.352125,1.4358007,1.3377148,1.0,0.0,4.0210032,109619.71,0.0,0.0,0.0,0.0,17.76654,17.312824,17.138838,17.010828,17.553108,18.46668,,11.593925,0.45371628,0.17398643,0.30199623,0.1280098,1801
328184,1741m005,2467,SER,174.1000179496801,-0.4968423545983467,0.02106004,81.96092,103.02296,119.5948,114.21828,1.3221772,1.5847236,1.4228872,1.1337135,2.448168,17185.63,5.4347897,15740.617,-0.51990956,1092546.5,-0.06421013,595671.1,17.715982,17.467665,17.30572,17.355661,18.125553,18.622585,17.444202,14.768359,0.24831772,0.16194534,0.11200333,-0.049942017,1767
356844,1420p045,347,SER,141.9037872623336,4.452605711213326,0.045493763,80.0564,118.19776,143.95578,153.16609,1.476671,1.5300356,1.2838734,1.0120499,1.0819649,63791.24,6.367174,23369.29,-0.34021378,1222201.4,-0.10786258,634366.94,17.74151,17.318478,17.104427,17.037094,17.679369,18.155123,16.886274,,0.42303276,0.2140503,0.2813835,0.06733322,1812
339605,1493p015,9654,REX,149.412773021245,1.400427333452817,0.016976804,90.058,137.6376,162.49559,174.41563,1.2499596,1.0854232,1.1573648,1.3595417,1.0,0.0,5.2328773,217080.0,0.0,0.0,0.0,0.0,17.613695,17.153158,16.972897,16.896036,17.90369,18.68918,14.601669,,0.46053696,0.18026161,0.25712204,0.07686043,1813
491083,1225p290,2300,SER,122.494031894406,28.99193510040491,0.042068068,250.44705,374.9125,462.67706,503.2153,1.8068391,1.531349,1.1645877,1.4192173,1.2989678,272583.7,6.467318,81316.28,0.2869818,6158914.5,0.12682225,3545368.0,16.50321,16.065176,15.836805,15.745615,16.223206,16.64325,14.716563,,0.43803406,0.22837067,0.319561,0.09119034,1745
349880,1984p032,1933,SER,198.3769772242416,3.361990558458861,0.029391102,192.84125,280.77347,322.01428,364.2072,1.5082153,1.3376275,1.292643,1.3581762,1.378106,167407.23,4.060281,170504.05,-0.4874448,6934400.0,-0.013770665,4050956.0,16.787,16.37911,16.230312,16.096628,16.638018,17.182177,16.90078,14.400071,0.40789032,0.14879799,0.28248215,0.13368416,1831
389860,1803p102,1477,SER,180.3052455847715,10.32059852196594,0.024870537,59.484455,91.194115,106.73396,119.00665,1.2927246,1.133988,1.1979299,1.0662724,1.0781467,87759.63,3.7608547,73618.53,0.1678521,1686305.1,-0.015542547,632871.3,18.063992,17.600082,17.429243,17.311071,17.89735,18.138626,15.907187,,0.46390915,0.17083931,0.289011,0.11817169,1781
331291,2308p000,4441,REX,230.8823033390728,0.0167382056406213,0.059571255,199.29662,329.70547,392.7961,477.4896,1.5787107,1.5898684,1.4484327,1.3639406,1.0,0.0,1.410807,1.6139372E7,0.0,0.0,0.0,0.0,16.75125,16.204685,16.014582,15.80259,16.024906,16.44343,14.21818,12.911328,0.5465641,0.19010353,0.40209484,0.21199131,1741
364221,1921p057,874,EXP,192.0809471110243,5.707071302390263,0.032342404,63.75707,81.31297,90.090256,95.158195,1.4749706,1.1587403,1.1866466,1.4357438,1.0,0.0,2.8317494,63197.54,-0.07596958,439373.66,0.17273414,782639.3,17.98868,17.7246,17.613306,17.553885,17.950874,18.317648,17.92406,14.784119,0.26408005,0.11129379,0.17071533,0.05942154,1763
329590,1656m002,5611,REX,165.7099014627209,-0.3642720298994134,0.031953022,116.07494,175.66396,214.28334,228.62271,1.6037096,1.4795041,0.9355064,1.4227755,1.0,0.0,5.770583,31299.525,0.0,0.0,0.0,0.0,17.338154,16.888294,16.67253,16.602201,17.467083,18.020649,,14.643093,0.44985962,0.215765,0.28609276,0.07032776,1720
345533,1913p025,6044,SER,191.318199614769,2.449102548930179,0.027755683,226.49432,337.36612,380.53177,440.71548,1.3869222,1.0461559,1.4088972,1.507699,2.4678485,750285.56,2.2013319,4274767.5,0.07206839,4.5454168E7,-0.051281717,3.817504E7,16.612356,16.179747,16.049023,15.889605,16.727154,17.352264,15.189831,12.415333,0.43260956,0.13072395,0.29014206,0.1594181,1803
453803,2577p217,1636,SER,257.6984518371873,21.70569995938491,0.05872,147.81804,209.54013,0.0,258.9853,1.6490887,1.4822483,0.0,1.405859,1.7529778,70660.18,6.539075,92628.914,0.25957426,2559567.8,-0.31815445,2243126.0,17.075682,16.696833,Infinity,16.466812,17.080667,17.565926,16.043386,15.837155,0.37884903,Infinity,0.23002052,Infinity,1856
325309,1753m010,122,SER,175.2516197118121,-0.9702204269053591,0.017396951,65.96477,96.916504,111.96379,122.88243,1.3857183,1.2908583,1.3696177,1.3159808,1.1528323,80508.76,4.854097,38171.656,0.12924094,1009573.4,-0.14570795,1062560.4,17.95172,17.534006,17.377306,17.276276,18.09778,18.735216,,17.146904,0.41771317,0.15670013,0.25773048,0.10103035,1737
364162,1773p057,4464,REX,177.454953968311,5.864642705016826,0.012799229,38.302505,81.334404,113.88625,139.51183,1.732743,1.4256542,1.239366,1.3427087,1.0,0.0,0.80321735,1362945.8,0.0,0.0,0.0,0.0,18.541931,17.724314,17.358822,17.138472,17.554785,18.171375,,,0.8176174,0.36549187,0.58584213,0.22035027,1746
351481,2392p035,3049,DEV,239.2263220863238,3.409976051670423,0.16582885,47.20227,89.54119,116.54607,142.68025,1.6239843,1.3039656,1.4556155,1.1814942,4.0,0.0,1.5353304,223256.08,0.049149256,666082.9,0.046597462,677309.3,18.315092,17.619944,17.333755,17.11409,17.325827,17.798973,16.113457,13.646588,0.69514847,0.28618813,0.50585365,0.21966553,1824
404024,1901p127,4714,SER,190.2173471239093,12.75242912768067,0.041630268,140.56743,244.6379,325.18625,387.47034,1.4338354,1.5076857,1.2621357,1.2903634,0.73921686,245880.5,7.4403887,630702.94,0.67130226,1.170766E7,-0.08118125,5669995.0,17.13029,16.52869,16.21967,16.029404,16.352978,16.997978,15.765285,,0.60159874,0.309021,0.49928665,0.19026566,1807
331947,0348p002,7254,SER,34.9264137526587,0.2949361276424924,0.03712474,79.00034,121.4062,145.52974,165.88457,1.48335,1.3251549,1.2049289,1.198465,1.3060699,156268.97,5.577421,50571.277,-0.2067241,2235609.0,-0.24660139,2587592.0,17.755928,17.289398,17.09262,16.950485,17.482468,17.857742,18.153019,12.437452,0.46652985,0.19677734,0.33891296,0.14213562,1726
329083,0388m002,199,SER,38.75225563782115,-0.2065630093370046,0.022548469,80.504906,108.41245,128.88852,130.76508,1.5869398,1.2837821,1.1873313,1.2244284,0.5,454214.28,4.782911,3100389.2,0.25780216,1.2457173E7,0.6209841,1.687563E7,17.735445,17.412302,17.224464,17.20877,17.76659,18.350538,17.000317,16.258802,0.323143,0.1878376,0.20353127,0.015693665,1823
338311,1858p012,5246,SER,185.9304300927375,1.3110792138759,0.02546639,158.6656,182.68742,206.83725,180.85481,1.187895,1.6186912,1.3243626,1.2626368,2.5006776,60225.33,3.8267772,108179.15,-0.15545489,1972101.9,0.21160807,2635935.5,16.998793,16.845728,16.710928,16.856674,17.557545,17.902367,15.960306,13.73458,0.15306473,0.13479996,-0.010946274,-0.14574623,1820
355674,2089p042,3976,SER,208.9341157496476,4.243696601568566,0.029846963,130.59247,252.05446,335.1593,418.31433,1.3080971,1.4093211,1.2573934,1.2629352,1.8357086,77834.19,1.7248259,2.637435E7,-0.08903695,2.993199E7,0.12513477,3.5197776E7,17.210205,16.496264,16.186872,15.946243,16.150305,16.631872,14.706484,13.810442,0.7139416,0.30939102,0.5500202,0.2406292,1845
281667,0276m085,8247,SER,27.68990230760824,-8.524174921747171,0.023850476,86.20663,166.31335,218.56952,257.49652,1.2951101,1.18644,1.1059347,1.1744819,1.6360852,224385.08,4.936052,204126.94,-0.20852728,5574781.5,0.23632905,6360060.0,17.661148,16.947681,16.651026,16.473072,17.193287,17.799713,17.968142,14.178109,0.71346664,0.29665565,0.47460938,0.17795372,1775
386912,1527p097,3522,EXP,152.7815424478077,9.751340430141454,0.03524097,30.505285,32.923607,36.359493,27.628555,1.6131879,1.5747688,1.1688728,1.4554249,1.0,0.0,2.4702575,262663.53,0.6197294,470039.38,0.22476262,454778.6,18.789062,18.706232,18.598455,18.896605,18.911339,19.239399,16.375523,15.659413,0.08283043,0.10777664,-0.19037247,-0.2981491,1790
278871,0408m090,4738,SER,40.82037070142186,-8.934269158861635,0.026043097,151.20456,228.30513,278.1449,296.10226,1.4941255,1.2971298,1.1989174,1.2572564,1.4193171,330380.53,9.340114,144805.67,-0.4049926,7874461.0,0.12211841,4129877.5,17.051088,16.60371,16.389322,16.321396,16.932007,17.469633,16.664616,14.775657,0.44737816,0.2143879,0.2823143,0.06792641,1838
349909,2056p032,3578,SER,205.6786298002301,3.302020545106701,0.025455598,86.688156,130.57997,155.98064,167.79364,1.5234019,1.4061519,1.0177327,1.2626656,0.5242018,139142.22,5.22527,31090.18,0.028877439,829710.9,0.03955889,1079619.8,17.6551,17.210308,17.017323,16.93806,17.696226,18.280252,,13.724368,0.4447918,0.19298553,0.2722473,0.07926178,1711
493620,1279p295,4840,REX,128.0967038675533,29.57579464313474,0.036252707,58.12735,92.57768,111.86565,126.46278,1.6537318,1.3981141,1.4467117,1.2819517,1.0,0.0,2.5478826,100001.83,0.0,0.0,0.0,0.0,18.089048,17.583735,17.378258,17.245092,17.6893,18.09356,16.154926,,0.5053139,0.20547676,0.33864212,0.13316536,1734
505192,2434p317,3319,SER,243.5168210623841,31.82428119212151,0.027291458,75.72744,125.54291,0.0,189.192,1.5810202,1.6837618,0.0,1.4472173,0.5576866,94765.51,5.766007,435276.72,0.600998,3468773.5,0.38304278,3081106.5,17.801867,17.25302,Infinity,16.807743,17.07722,17.64227,16.45991,14.840307,0.5488472,Infinity,0.44527626,Infinity,1869
343982,1636p022,2573,SER,163.5902266329556,2.193353625118198,0.031710654,101.06184,155.32,189.68521,202.7815,1.7302637,1.2133099,1.4496942,1.3230643,1.2328691,52473.285,10.574674,11224.806,-0.17759946,533148.0,0.09502828,500954.53,17.488531,17.02193,16.804916,16.73243,17.57926,18.176601,,,0.46660042,0.21701431,0.2895012,0.07248688,1714
459117,2515p227,1542,SER,251.5278160345852,22.70821263732418,0.04660304,88.636734,129.59096,0.0,164.33981,1.6489766,1.4627532,0.0,1.4205863,1.0844563,38477.934,3.7013547,71146.55,0.21884967,842444.75,0.14548485,666182.75,17.630966,17.218563,Infinity,16.960644,17.665094,18.314726,,15.934588,0.4124031,Infinity,0.2579193,Infinity,1794
294626,0519m062,4852,SER,51.9814434993564,-6.26758290759373,0.05596844,98.21475,158.56294,174.13487,217.43637,1.3342322,1.3300219,1.3536439,1.1224555,2.3203583,22975.77,1.4499855,2151043.8,-0.057728477,3555914.8,-0.025547316,2948305.5,17.519558,16.999496,16.897785,16.65667,17.242956,17.79769,16.68455,13.374196,0.5200615,0.10171127,0.34282684,0.24111557,1749
448414,2538p207,3418,SER,253.8654480369265,20.7560520737118,0.06082155,66.728714,117.6632,0.0,176.44112,1.5649431,1.3342731,0.0,1.6701046,0.54893976,74093.67,4.4361563,27494.688,0.03758672,371421.06,0.2257266,894741.06,17.939219,17.323399,Infinity,16.883501,17.340872,17.901459,16.740408,15.848023,0.61581993,Infinity,0.43989754,Infinity,1740
493584,1176p295,3553,SER,117.6963523664114,29.58263572830546,0.0447533,63.071968,100.22272,124.69404,137.3163,1.745207,1.5000359,1.2599709,1.491872,1.3378729,58188.266,5.3964252,247745.42,-0.04733309,1029032.0,-0.41806793,1808046.6,18.000408,17.497585,17.260386,17.155695,17.766392,18.408897,17.478096,,0.5028229,0.23719978,0.34189034,0.10469055,1871
374108,1582p075,5043,DEV,158.2698584200371,7.581431540470918,0.021439547,230.66875,332.88358,405.33966,431.10907,1.4339514,1.3541387,1.3490676,1.2481222,4.0,0.0,17.25262,89047.305,-0.35873732,3170252.5,-0.14430045,1851330.4,16.592527,16.19427,15.980453,15.913532,16.606812,17.148874,16.337614,13.501966,0.3982582,0.21381664,0.28073692,0.06692028,1753
318221,2033m022,15077,SER,203.4989891890617,-2.284446248817942,0.048218355,111.33107,203.3609,273.77313,330.08536,1.6192106,1.2171949,1.2851598,1.2499547,1.2251512,976952.2,10.196394,2511919.5,0.63349265,6.9540816E7,-0.33335274,4.328558E7,17.38346,16.729332,16.406523,16.203434,16.852396,17.563305,17.036293,14.140152,0.6541271,0.32280922,0.525898,0.20308876,1792
381333,1808p087,5447,SER,180.9934567103249,8.73164881211099,0.021726867,95.711685,138.16194,166.58278,173.98135,1.3071785,1.2705288,1.1913097,1.2007654,2.2681267,22024.531,8.686,4560.274,-0.18049328,434435.47,0.28898433,690324.6,17.547588,17.149029,16.945925,16.898743,17.707142,18.225653,,13.661374,0.39855957,0.20310402,0.2502861,0.047182083,1851
336172,0111p010,4360,SER,11.10370911530208,0.9707018061640726,0.021124627,53.09233,84.19706,101.43147,115.06878,1.4644967,1.2140187,1.1731355,1.082557,1.3662094,84743.13,2.374608,268893.66,-0.08950884,2437296.5,0.0071910033,1100448.6,18.18742,17.686758,17.484568,17.347607,17.9214,18.459827,17.833868,12.649255,0.50066185,0.2021904,0.33915138,0.13696098,1766
399692,1625p120,1906,SER,162.4747485385825,12.06456616578803,0.025998518,112.1341,176.13188,216.33185,233.49283,1.3489832,1.225305,1.6077785,1.1490484,1.0743685,90786.164,8.079855,46791.957,-0.37604603,1468587.0,0.14842798,1242432.2,17.375656,16.885405,16.662199,16.579315,17.229877,17.803368,18.376873,,0.49025154,0.22320557,0.3060894,0.082883835,1814
385458,1444p095,1508,SER,144.3749016961168,9.552199837816334,0.036117043,172.97687,293.04922,370.86658,418.20798,1.3707173,1.6158139,1.60098,1.2558789,1.0699185,188657.8,11.853294,350371.5,-0.5118115,4143725.8,0.28465068,5209981.5,16.90503,16.33265,16.076956,15.946519,16.646782,17.259153,16.567976,,0.57238007,0.25569344,0.38613033,0.1304369,1800
375545,1602p077,2160,SER,160.1911000012345,7.644873404856141,0.034844413,49.150047,81.5231,97.8485,112.0386,1.1297044,1.4027368,1.4392684,1.1528244,1.8211741,12629.599,2.0392926,126220.38,0.5457739,1027890.1,0.10713194,795217.3,18.27119,17.721798,17.523615,17.376581,17.810059,18.374523,16.256605,15.179638,0.5493927,0.19818306,0.34521675,0.14703369,1783
345730,2406p025,6195,SER,240.7371646205677,2.589935629352894,0.12985413,61.847458,113.38455,149.0776,181.91724,1.46714,1.3019601,1.4114897,1.323034,0.9446996,89912.71,4.075443,152113.52,0.05534258,1267902.0,-0.19617347,971003.0,18.021696,17.363615,17.06647,16.850315,17.325676,17.912775,18.570461,,0.65808105,0.29714584,0.51329994,0.2161541,1843
339691,1708p015,2308,SER,170.8363877512857,1.494631938432175,0.036567952,78.98341,113.12589,129.00171,140.75546,1.5344858,1.7508,1.0629444,1.3247262,1.0477885,105080.77,2.4840822,240867.83,0.040289305,1527924.8,-0.06419267,2018749.5,17.75616,17.366095,17.22351,17.128838,17.54592,18.298725,16.454912,13.284747,0.39006615,0.14258385,0.237257,0.09467316,1705
381350,1851p087,3024,SER,185.1400351417344,8.826954027171805,0.021969168,72.78363,97.34359,107.11517,117.53502,1.4244521,1.3369803,1.5079848,1.3823191,0.5,165477.67,1.9850922,463072.4,0.49218568,2491297.2,0.37723443,2534450.8,17.844915,17.529232,17.425373,17.324581,17.534966,18.340473,,12.483152,0.31568336,0.10385895,0.20465088,0.10079193,1861
302828,3104m050,4154,SER,310.4619772553266,-4.906972335311906,0.047335587,187.24043,306.23102,386.45407,434.1592,1.5392746,1.326401,1.1561904,1.2278845,1.8599794,186877.64,5.5076127,213800.47,0.42273954,8513681.0,0.32382804,7370861.5,16.819,16.284878,16.032255,15.905877,16.487473,17.112844,15.923297,15.017951,0.53412247,0.2526226,0.37900066,0.12637806,1811
393990,1496p110,2207,SER,149.5954723164412,10.93888706237333,0.037057128,57.275764,94.519485,112.12954,133.645,1.5374593,1.2939677,1.3588845,1.383949,0.72147125,88011.9,1.3679996,807244.4,-0.008881288,1316634.1,0.31771937,2164545.8,18.105072,17.561197,17.3757,17.185118,17.26956,17.605213,15.37316,12.978371,0.54387474,0.18549728,0.37607956,0.19058228,1859
401272,2062p122,2344,SER,206.168189054378,12.19345942369151,0.02455325,92.08258,119.33881,129.4322,139.85031,1.6251494,1.4432923,1.4271135,1.1978406,1.0692319,38348.28,1.7997872,231298.44,-0.04314311,759901.3,0.2750923,1249043.0,17.589556,17.308046,17.219894,17.135841,17.687014,18.114555,16.8349,,0.2815094,0.08815193,0.17220497,0.08405304,1770
338326,1896p012,5734,REX,189.5862924221834,1.285104202251117,0.019854585,86.54418,124.43529,144.14992,159.0269,1.5754247,1.1727649,1.3935972,1.1026306,1.0,0.0,2.6166272,1500934.9,0.0,0.0,0.0,0.0,17.656906,17.262642,17.102964,16.996323,17.59986,17.938778,16.745106,15.025278,0.39426422,0.1596775,0.26631927,0.10664177,1872
287179,3381m077,2324,SER,338.1679513160243,-7.817373147422174,0.052411973,63.526615,94.94364,110.03809,123.29102,1.6170021,1.4344369,1.6288766,1.0914825,1.0295005,69778.7,2.8960984,66111.8,0.10430845,2033881.8,0.011747442,816347.75,17.99261,17.556335,17.396143,17.27267,17.842073,18.319836,16.442474,,0.43627548,0.16019249,0.2836647,0.12347221,1762
341186,1846p017,286,SER,184.509299220784,1.795108629301037,0.022627983,308.25104,468.1479,573.86633,617.3778,1.5670501,1.3867437,1.4367945,1.2816309,1.9214079,527952.25,6.1761603,110626.55,0.048060324,4500396.0,-0.20138742,7736372.0,16.277739,15.824042,15.602973,15.523623,16.115522,16.654758,15.484844,14.118347,0.45369625,0.22106934,0.3004198,0.07935047,1771
348437,1973p030,34,SER,197.2500369965532,3.054754362563873,0.029435752,107.41707,166.31117,193.01637,228.62085,1.7581055,1.483509,1.3853313,1.3578224,0.8181352,123609.97,2.69149,370279.12,-0.18915649,2680941.2,0.48856586,3647953.8,17.422318,16.947697,16.786015,16.602211,16.696932,17.03926,14.96299,13.032084,0.47462082,0.16168213,0.3454857,0.18380356,1829
328470,2456m005,3810,SER,245.6241704027675,-0.4412548434389267,0.10139754,52.03214,101.61442,138.61803,169.0561,1.688368,1.4631963,1.3499038,1.1307727,1.2507173,40768.88,4.81994,35546.258,0.14545153,590964.75,-0.34855443,998027.1,18.20932,17.482613,17.14545,16.929922,17.365675,17.90522,17.875889,15.297591,0.72670746,0.33716202,0.5526905,0.21552849,1739
379779,1483p085,2588,SER,148.3021320974817,8.485728488380925,0.04125561,96.42095,168.63043,210.94089,250.844,1.3389202,1.2112987,1.5592141,0.99076456,1.3393677,82784.07,3.713984,92518.68,0.008698938,967139.9,-0.25017583,2161841.2,17.539572,16.932661,16.689598,16.501492,16.94352,17.58688,17.91723,,0.6069107,0.24306297,0.4311695,0.18810654,1791
352641,1696p037,3214,SER,169.5795233911278,3.86171177543776,0.054693926,279.43936,419.21637,513.6659,552.2195,1.250333,1.0244889,0.917922,0.9792645,0.7201655,1227104.4,6.4180694,212527.48,-0.21634617,1.4076829E7,-0.075871415,6831731.5,16.384281,15.943905,15.723298,15.644721,16.224407,16.775932,15.429437,13.936908,0.44037628,0.2206068,0.29918385,0.07857704,1744
327539,0128m005,3027,SER,12.82600766372532,-0.4882024672439592,0.046816107,45.825092,80.81238,105.09479,122.4394,1.4539043,1.2068464,1.1870549,1.1419224,0.79578984,147078.38,6.4126515,38385.562,-0.4660201,4964602.5,0.49730435,5318456.0,18.347242,17.731306,17.446047,17.280197,17.767244,18.357965,,16.560284,0.6159363,0.28525925,0.45110893,0.16584969,1818
369866,1705p067,4541,DEV,170.6309154280566,6.741770793790138,0.06926408,103.50687,174.98438,221.51588,249.88916,1.3367021,1.3012508,1.052531,1.1858319,4.0,0.0,15.214492,4636.1865,0.054031912,191673.17,0.11807042,341658.94,17.462578,16.892502,16.636488,16.505632,17.17037,17.708633,17.529982,,0.570076,0.25601387,0.38686943,0.13085556,1816
324687,0198m010,4494,SER,19.87138987233144,-1.108483191153213,0.033788938,66.08136,117.37852,157.9143,190.28046,1.5632877,1.3097302,1.0795009,1.1373911,0.6242567,429498.0,4.3285055,259179.42,-0.12507315,6465029.0,0.59506875,1.1770636E7,17.949802,17.326029,17.003946,16.801514,16.672766,17.075434,15.067555,13.906219,0.6237736,0.32208252,0.52451515,0.20243263,1849
372735,1725p072,371,SER,172.462321863437,7.288795876473018,0.05201475,61.672344,86.22685,99.51682,106.02768,1.3700393,1.2736553,1.059733,1.3869253,0.6306319,132457.89,1.3222059,944305.44,0.16226467,2619333.2,-0.029841483,1364264.6,18.024775,17.660894,17.505259,17.436451,17.778059,18.117886,16.682205,13.335834,0.36388016,0.15563583,0.22444344,0.0688076,1733
368346,1484p065,5754,SER,148.4088699069486,6.560292226019809,0.031363036,72.45796,111.40755,133.48744,150.51802,1.1718637,1.583571,1.1054157,1.3580104,1.1013803,655667.3,2.7592924,1151814.8,0.12412852,1.2132665E7,-0.10670318,1.0462114E7,17.849785,17.382713,17.1864,17.056028,17.584482,18.138388,14.993101,10.893064,0.46707153,0.19631386,0.32668495,0.1303711,1853
358504,1981p047,1938,SER,198.1321435993787,4.865098150167838,0.033650376,132.73225,199.34587,249.25404,276.47205,1.3020616,1.1905704,1.2896417,1.3377831,1.3867637,88234.36,3.5268006,103987.98,0.02452947,1188456.8,0.060385212,2008403.5,17.192558,16.750982,16.508394,16.395872,16.971401,17.516891,15.989624,15.12701,0.441576,0.24258804,0.35511017,0.11252213,1805
326930,2206m007,13483,SER,220.7359142377098,-0.8109593031359965,0.038149823,84.697685,130.40982,150.97914,171.93428,1.4391409,1.287273,1.2788224,1.1351967,0.5860377,1304169.8,3.3122506,1009024.7,0.10016056,1.3664077E7,0.037113238,7198657.5,17.68032,17.211723,17.052708,16.911594,17.433863,17.963737,16.103813,13.953777,0.4685974,0.15901566,0.30012894,0.14111328,1764
268809,0090m107,1868,SER,8.977150788401616,-10.67905030840911,0.028365219,68.35692,118.19544,145.56024,173.31422,1.2912945,1.3571206,1.2838943,1.4471645,4.568403,8783.993,2.1205127,133602.44,0.03393414,1083953.6,-0.016869947,654124.1,17.913044,17.318499,17.092394,16.902914,17.349709,17.917345,16.500284,15.444998,0.59454536,0.22610474,0.41558456,0.18947983,1797
355539,1751p042,1920,SER,175.0790796797855,4.269536801682374,0.01897011,265.89758,437.91794,559.7944,639.324,1.5875957,1.6318403,1.0782429,1.3457344,1.4604985,459329.0,3.0407085,863651.5,0.084861554,9831676.0,-0.2145444,1.4668669E7,16.438213,15.896518,15.629929,15.485698,15.759848,16.209599,15.451522,14.750131,0.5416956,0.26658916,0.41082,0.14423084,1727
342427,1348p020,4608,SER,134.8695789037752,2.061563438668366,0.042138405,92.135254,124.84641,0.0,150.20496,1.4636976,1.3085473,0.0,1.1216635,1.3941808,118175.38,1.5231081,1319234.6,0.04512226,3243210.2,0.12427038,5102907.0,17.588936,17.25906,Infinity,17.058289,17.585077,18.164864,15.834686,,0.32987595,Infinity,0.20077133,Infinity,1802
417324,0125p152,3656,SER,12.61668006970706,15.1295215012116,0.06077652,60.974518,88.91827,0.0,111.52876,1.5455384,1.3884091,0.0,1.32434,1.1227019,30893.816,3.0254917,459091.1,-0.016131327,770328.0,0.11290284,1474048.1,18.037128,17.627523,Infinity,17.381533,17.991644,18.53928,18.73898,,0.40960503,Infinity,0.24599075,Infinity,1866
284536,0318m080,6775,SER,31.93360882342588,-8.009803168081485,0.022383353,201.85327,271.84344,322.1818,324.59253,1.3908759,1.2479255,1.1153175,1.2988347,0.9139537,996337.7,6.7852416,1513410.5,0.26381186,1.6591361E7,0.27969432,1.7168586E7,16.73741,16.414204,16.229748,16.221653,17.033127,17.632689,20.80655,,0.32320595,0.18445587,0.19255066,0.008094788,1722
271667,0151m102,3963,SER,15.20537146197324,-10.29839789873655,0.03180596,567.7971,871.3786,1082.522,1189.4441,1.4058933,1.2821158,1.171695,1.4726522,1.4376928,276035.38,15.086337,41152.344,0.032267503,1948558.6,-0.08764185,3757324.0,15.614517,15.149483,14.913908,14.81164,15.551267,16.220993,14.882106,13.799009,0.46503448,0.23557472,0.33784294,0.10226822,1865
355534,1738p042,3971,SER,173.9088559347293,4.140320965657383,0.018488646,94.30033,139.53535,158.16585,177.10182,1.8637116,1.3778868,1.4721124,1.4476968,0.7213116,219493.66,3.1102412,3441427.8,0.07847689,6305405.5,-0.27960652,6163685.0,17.563717,17.138288,17.002218,16.879442,17.385027,17.898989,15.836673,,0.4254284,0.13607025,0.25884628,0.12277603,1870
277200,3378m095,8903,SER,337.8618307625545,-9.577034668396385,0.05367334,132.50064,205.9945,254.03673,275.98547,1.5336514,1.5100242,1.4899573,1.4141464,1.0760009,817543.25,4.797446,2454523.5,-0.30032954,1.6678087E7,0.32379714,2.0840664E7,17.194454,16.71536,16.487759,16.397785,16.895266,17.340569,16.008144,13.625998,0.47909355,0.227602,0.31757545,0.08997345,1704
297502,0543m057,5628,SER,54.45317523585202,-5.666406978652149,0.048720106,70.63772,93.72846,97.022354,109.62672,1.5214913,1.4572626,1.5327146,1.0500501,0.84475845,87120.375,4.341546,51294.42,0.29454798,1643864.1,0.014483307,706035.1,17.877409,17.570322,17.53282,17.40021,18.179205,18.924683,18.504,,0.30708694,0.03750229,0.17011261,0.13261032,1819
473584,2495p255,4282,SER,249.6187010600252,25.59472509424821,0.035089795,61.453426,97.80432,0.0,135.97516,1.4951826,1.3127304,0.0,1.4561518,1.6940786,12012.306,6.6111846,71172.06,-0.36548814,80381.89,-0.037788495,140002.61,18.028635,17.524105,Infinity,17.166351,17.99222,18.670097,18.0014,,0.50452995,Infinity,0.35775375,Infinity,1785
477454,2432p262,3507,EXP,243.3576396297016,26.1749728557909,0.057450447,111.62296,172.35252,0.0,241.92647,1.8573749,1.684085,0.0,1.3846453,1.0,0.0,6.031101,20722.195,0.5139912,1188664.4,0.18842982,613543.25,17.380617,16.908957,Infinity,16.540792,17.27785,17.885355,17.779638,16.186386,0.4716606,Infinity,0.36816406,Infinity,1808
348255,1518p030,11084,SER,151.9629636212297,3.065055480381316,0.023007242,112.84749,185.43556,222.70726,263.705,1.472445,1.3672094,1.2836915,1.1270908,1.9684141,192620.0,2.0530024,2529018.8,-0.09394534,1.4350946E7,-9.2749303E-4,8363828.5,17.36877,16.829517,16.630665,16.447205,16.856169,17.351036,15.544366,12.641726,0.53925323,0.19885254,0.38231277,0.18346024,1793
