X_IMAGE,Y_IMAGE,ALPHAPEAK_J2000,DELTAPEAK_J2000,ALPHA_SKY,DELTA_SKY,FLUX_RADIUS,KRON_RADIUS,FLAGS,FLUX_APER,FLUXERR_APER,ELONGATION,THETA_IMAGE,MAG_AUTO,MAGERR_AUTO,SNR_WIN,brickid,brickname,objid,type,ra_1,dec_1,ebv,flux_g,flux_r,flux_i,flux_z,psfsize_g,psfsize_r,psfsize_i,psfsize_z,sersic,sersic_ivar,shape_r,shape_r_ivar,shape_e1,shape_e1_ivar,shape_e2,shape_e2_ivar,mag_g_1,mag_r_1,mag_i_1,mag_z_1,mag_w1,mag_w2,mag_w3,mag_w4,g_r,r_i,r_z,i_z,_RAJ2000,_DEJ2000,Group_1,Gal_1,RAJ2000,DEJ2000,zmemb,gmemb,FUV,NUV,Simbad,Separation,Group_2,Gal_2,ID,ra_2,dec_2,CHI2NU,XC_g,e_XC_g,YC_g,e_YC_g,RE_g,e_RE_g,MAG_g_2,e_MAG_g,n_g,e_n_g,AR_g,e_AR_g,PA_g,e_PA_g,XC_r,e_XC_r,YC_r,e_YC_r,RE_r,e_RE_r,MAG_r_2,e_MAG_r,n_r,e_n_r,AR_r,e_AR_r,PA_r,e_PA_r,XC_i,e_XC_i,YC_i,e_YC_i,RE_i,e_RE_i,MAG_i_2,e_MAG_i,n_i,e_n_i,AR_i,e_AR_i,PA_i,e_PA_i,XC_z,e_XC_z,YC_z,e_YC_z,RE_z,e_RE_z,MAG_z_2,e_MAG_z,n_z,e_n_z,AR_z,e_AR_z,PA_z,e_PA_z
430.9527,765.6969,16.8474007,-32.8290287,16.8474048,-32.8290508,8.133,3.5,0,319.7858,0.0278081,1.938,-73.95,13.7993,1.0E-4,18870.0,151766,0167m327,7828,SER,16.84741713183292,-32.8290673708472,0.028982436,414.1549,920.47723,1297.2289,1622.3225,1.373282,1.2616813,1.158947,1.0554078,1.5113742,4127151.8,3.0896199,5022205.0,0.37618887,1.33092096E8,0.22846216,1.1363932E8,15.957093,15.089968,14.717459,14.474657,14.970778,15.49166,15.527465,,0.8671255,0.372509,0.61531067,0.24280167,16.8474167,-32.8291111,26,4,01 07 23.38,-32 49 44.8,0.035811,,19.5974,18.7922,Simbad,0.1574303699103669,26,4,7828,16.84741713183292,-32.8290673708472,0.793479330916477,430.8808,4.0E-4,765.8698,8.0E-4,13.6116,0.0037,15.9679,2.0E-4,1.2265,0.0009,0.3725,1.0E-4,16.5187,0.0053,430.8808,4.0E-4,765.8698,8.0E-4,12.2773,0.0024,15.0434,1.0E-4,1.3947,0.0006,0.3725,1.0E-4,16.5187,0.0053,430.8808,4.0E-4,765.8698,8.0E-4,11.0043,0.0021,14.7278,1.0E-4,1.5551,0.0006,0.3725,1.0E-4,16.5187,0.0053,430.8808,4.0E-4,765.8698,8.0E-4,9.6262,0.0033,14.4175,2.0E-4,1.7287,0.0010,0.3725,1.0E-4,16.5187,0.0053
597.8245,728.4967,16.8329356,-32.8317906,16.8329509,-32.8317545,12.645,3.5,0,89.86029,0.0278938,3.047,-41.65,14.4799,3.0E-4,6602.0,151766,0167m327,9564,DUP,16.83293887916162,-32.8317691155815,0.029134303,0.0,0.0,0.0,0.0,1.373282,1.2616813,1.158947,1.0554078,0.0,0.0,0.0,0.0,0.0,0.0,0.0,0.0,Infinity,Infinity,Infinity,Infinity,Infinity,Infinity,Infinity,Infinity,,,,,16.8327917,-32.8316944,26,3,01 07 19.87,-32 49 54.1,0.035194,,19.3174,18.4741,Simbad,0.5201547326875124,26,3,9564,16.83293887916162,-32.8317691155815,0.793479330916477,597.545,0.0023,728.8289,0.002,19.4817,0.0051,16.4851,3.0E-4,0.5078,0.0006,0.2544,1.0E-4,49.8399,0.0051,597.545,0.0023,728.8289,0.002,19.1042,0.0032,15.7766,2.0E-4,0.6747,0.0004,0.2544,1.0E-4,49.8399,0.0051,597.545,0.0023,728.8289,0.002,18.744,0.0043,15.4747,3.0E-4,0.8339,0.0005,0.2544,1.0E-4,49.8399,0.0051,597.545,0.0023,728.8289,0.002,18.3540,0.0073,15.1926,4.0E-4,1.0063,0.0009,0.2544,1.0E-4,49.8399,0.0051
946.8118,675.7816,16.8027048,-32.8356348,16.8027211,-32.835578,15.13,3.56,0,12.28571,0.02797923,1.088,-60.31,16.1499,0.0015,1209.0,151766,0167m327,6445,REX,16.80270840320432,-32.83567747715625,0.029552748,73.49026,117.93108,143.41069,163.30852,1.373282,1.2616813,1.158947,1.0554078,1.0,0.0,3.9109726,137954.42,0.0,0.0,0.0,0.0,17.834425,17.320929,17.108545,16.967478,17.419529,18.017485,18.834425,,0.5134964,0.21238327,0.35345078,0.1410675,16.8027083,-32.8356111,26,1,01 07 12.65,-32 50 08.2,0.0643,,19.734,19.2631,Simbad,0.238957966410072,26,1,6445,16.80270840320432,-32.83567747715625,0.793479330916477,946.9052,0.0086,674.7874,0.0092,16.5053,0.0287,17.7552,0.0016,0.9076,0.0025,0.9179,7.0E-4,6.0452,0.4959,946.9052,0.0086,674.7874,0.0092,16.3148,0.0209,17.2521,0.0013,1.0749,0.0018,0.9179,7.0E-4,6.0452,0.4959,946.9052,0.0086,674.7874,0.0092,16.133,0.034,17.0554,0.002,1.2345,0.0030,0.9179,7.0E-4,6.0452,0.4959,946.9052,0.0086,674.7874,0.0092,15.9363,0.0559,16.9425,0.0032,1.4073,0.0051,0.9179,7.0E-4,6.0452,0.4959
772.6604,578.2374,16.8180316,-32.8427018,16.8178012,-32.8426844,14.104,4.13,0,3.956573,0.02800765,1.279,0.39,17.2807,0.0041,451.8,151766,0167m327,6928,EXP,16.81804207117206,-32.8427817921172,0.029327404,25.418844,33.354465,36.752907,39.609005,1.355775,1.232342,1.1533581,1.0554078,1.0,0.0,3.6908345,25825.373,-0.16000912,431265.97,0.12021231,354179.22,18.98711,18.692116,18.586771,18.505516,20.840569,19.185719,,11.086848,0.29499435,0.10534477,0.18659973,0.08125496,16.8177917,-32.8426111,26,2,01 07 16.27,-32 50 33.4,0.0638,,20.0433,19.8393,Simbad,0.97522120075189,26,2,6928,16.81804207117206,-32.8427817921172,0.793479330916477,771.6877,0.0227,576.8618,0.0145,16.8836,0.0594,18.7241,0.0031,0.9028,0.0049,0.6097,0.0012,75.451,0.1868,771.6877,0.0227,576.8618,0.0145,16.5453,0.047,18.4686,0.003,0.9463,0.0036,0.6097,0.0012,75.451,0.1868,771.6877,0.0227,576.8618,0.0145,16.2226,0.0774,18.3982,0.0052,0.9877,0.0065,0.6097,0.0012,75.451,0.1868,771.6877,0.0227,576.8618,0.0145,15.8732,0.1251,18.3596,0.0083,1.0326,0.0108,0.6097,0.0012,75.451,0.1868
663.2053,796.0009,30.9645787,-31.14397,30.9647313,-31.1437516,11.19,3.5,0,48.28455,0.02397233,1.744,-67.47,14.823,3.0E-4,6338.0,159150,0310m312,1498,SER,30.96466705372731,-31.14377393611345,0.022625748,280.76392,380.8115,421.0894,471.58167,1.369367,1.1200596,0.96734303,1.205984,0.6996461,2717249.2,3.8686197,1533700.5,0.272415,3.5801016E7,0.2492863,3.4993412E7,16.379147,16.048225,15.939064,15.816108,16.357124,16.894632,15.20279,13.930923,0.33092117,0.10916138,0.23211765,0.12295628,30.9649167,-31.1436944,40,3,02 03 51.58,-31 08 37.3,0.0289,,17.5967,17.2655,Simbad,0.8207596918533271,40,3,1498,30.96466705372731,-31.14377393611345,0.658835898058,663.5278,0.0014,795.6321,0.0025,14.8916,0.0038,16.3151,3.0E-4,0.5343,0.0005,0.5162,1.0E-4,22.5412,0.0138,663.5278,0.0014,795.6321,0.0025,14.5148,0.0028,16.0008,3.0E-4,0.6172,0.0003,0.5162,1.0E-4,22.5412,0.0138,663.5278,0.0014,795.6321,0.0025,14.1552,0.0038,15.915,3.0E-4,0.6963,0.0005,0.5162,1.0E-4,22.5412,0.0138,663.5278,0.0014,795.6321,0.0025,13.7660,0.0059,15.8152,4.0E-4,0.7820,0.0008,0.5162,1.0E-4,22.5412,0.0138
735.9047,750.858,30.9586264,-31.1468087,30.9585495,-31.1470373,8.962,3.5,0,19.02177,0.02389868,1.954,-83.92,16.3378,9.0E-4,1987.0,159150,0310m312,1257,SER,30.95856931662525,-31.14696311824521,0.022556743,74.313484,95.47202,102.53385,111.74088,1.372416,1.1321269,0.96734303,1.1827521,0.5,518127.3,3.0986004,453803.7,0.49010858,9417435.0,0.17884386,5950638.0,17.82233,17.55031,17.472832,17.379469,18.061316,17.817305,18.410275,,0.27202034,0.07747841,0.17084122,0.09336281,30.9584167,-31.1471111,40,2,02 03 50.02,-31 08 49.6,0.0,,18.7238,18.6343,Simbad,0.7105701053086684,40,2,1257,30.95856931662525,-31.14696311824521,0.658835898058,735.8091,0.0021,751.5716,0.0052,12.0249,0.0073,17.8509,6.0E-4,0.4039,0.0014,0.3061,2.0E-4,10.3583,0.0178,735.8091,0.0021,751.5716,0.0052,12.0586,0.0052,17.5579,6.0E-4,0.4513,0.0008,0.3061,2.0E-4,10.3583,0.0178,735.8091,0.0021,751.5716,0.0052,12.0907,0.0074,17.4767,8.0E-4,0.4966,0.0012,0.3061,2.0E-4,10.3583,0.0178,735.8091,0.0021,751.5716,0.0052,12.1254,0.0121,17.3814,0.0011,0.5456,0.0022,0.3061,2.0E-4,10.3583,0.0178
496.9714,633.1696,30.9789522,-31.1555399,30.9788696,-31.1556004,7.754,3.5,2,27.46896,0.02407018,2.26,-0.23,16.3287,9.0E-4,2253.0,159150,0310m312,1972,SER,30.97886528617959,-31.15557516968853,0.022416946,56.85218,88.91487,109.35854,118.29782,1.372416,1.1321269,0.9668255,1.1637511,0.6841879,306459.88,2.5427797,506905.5,-0.53535676,7244163.0,0.043473765,4490641.5,18.113132,17.627563,17.402868,17.317558,17.238876,17.60081,15.028274,12.674983,0.485569,0.2246952,0.3100052,0.08530998,30.9789167,-31.1556111,40,4,02 03 54.94,-31 09 20.2,0.0665,,19.9221,19.6045,Simbad,0.204498587480468,40,4,1972,30.97886528617959,-31.15557516968853,0.658835898058,496.9629,0.0046,633.5986,0.0018,10.1025,0.0086,18.0682,7.0E-4,0.7328,0.0025,0.3051,2.0E-4,88.101,0.0202,496.9629,0.0046,633.5986,0.0018,10.2225,0.0052,17.5576,6.0E-4,0.7903,0.0015,0.3051,2.0E-4,88.101,0.0202,496.9629,0.0046,633.5986,0.0018,10.337,0.0073,17.3656,8.0E-4,0.8452,0.0019,0.3051,2.0E-4,88.101,0.0202,496.9629,0.0046,633.5986,0.0018,10.4609,0.0127,17.2074,0.001,0.9047,0.0033,0.3051,2.0E-4,88.101,0.0202
858.4365,564.7869,30.9479107,-31.1607818,30.9481288,-31.160579,9.057,3.5,2,28.73653,0.02404575,2.008,-28.37,15.8385,7.0E-4,3167.0,159150,0310m312,878,SER,30.9478588830863,-31.16082085071439,0.022319773,65.94136,120.37162,158.22469,194.25854,1.372416,1.1321269,0.9593555,1.1696465,2.3856077,59336.074,2.0095134,569137.6,-0.38262308,4623757.5,0.1968056,3714652.8,17.952105,17.298689,17.001814,16.779049,16.902626,17.226221,15.276324,13.736371,0.6534157,0.296875,0.51963997,0.22276497,30.9485,-31.1603056,40,1,02 03 47.64,-31 09 37.1,0.0,,19.816,19.3727,Simbad,2.7094965823774038,40,1,878,30.9478588830863,-31.16082085071439,0.658835898058,861.2564,0.0019,561.6997,0.0012,13.7588,0.0430,17.5545,0.0017,3.8465,0.0116,0.4013,3.0E-4,71.8525,0.0289,861.2564,0.0019,561.6997,0.0012,12.39,0.0265,16.9423,0.0012,3.6282,0.0072,0.4013,3.0E-4,71.8525,0.0289,861.2564,0.0019,561.6997,0.0012,11.0841,0.022,16.7127,0.0012,3.4199,0.0067,0.4013,3.0E-4,71.8525,0.0289,861.2564,0.0019,561.6997,0.0012,9.6704,0.0346,16.5946,0.0021,3.1945,0.0109,0.4013,3.0E-4,71.8525,0.0289
485.8423,862.1399,73.3813472,-36.2407109,73.3813614,-36.2407007,15.865,3.5,0,62.91673,0.02578646,1.461,-69.11,15.3035,8.0E-4,2751.0,135321,0734m362,12694,DUP,73.38137624380975,-36.24073564478677,0.009605601,0.0,0.0,0.0,0.0,1.4060713,1.1777216,1.1307229,1.1526495,0.0,0.0,0.0,0.0,0.0,0.0,0.0,0.0,Infinity,Infinity,Infinity,Infinity,Infinity,Infinity,Infinity,Infinity,,,,,73.381,-36.2401111,68,4,04 53 31.44,-36 14 24.4,0.0,,19.6429,19.4577,Simbad,2.4997128880403774,68,4,12694,73.38137624380975,-36.24073564478677,0.60373824416547,485.7218,0.0016,861.6215,0.0019,72.8677,0.5680,16.6673,0.0041,5.8478,0.0217,0.6637,6.0E-4,8.8063,0.0618,485.7218,0.0016,861.6215,0.0019,70.1449,0.2842,15.7876,0.0021,6.8119,0.0103,0.6637,6.0E-4,8.8063,0.0618,485.7218,0.0016,861.6215,0.0019,67.547,0.3591,15.4688,0.0025,7.7318,0.0152,0.6637,6.0E-4,8.8063,0.0618,485.7218,0.0016,861.6215,0.0019,64.7347,0.6985,15.2819,0.0051,8.7275,0.0298,0.6637,6.0E-4,8.8063,0.0618
889.4496,775.8178,73.3449864,-36.2469892,73.3449458,-36.2470024,10.114,4.04,2,9.858406,0.0258126,1.689,25.19,17.2876,0.003,664.6,135321,0734m362,1826,SER,73.34498265667271,-36.24702057351266,0.009709291,34.541126,52.289837,61.754627,68.529884,1.3849535,1.1570665,1.113414,1.1147665,2.4493582,27814.994,4.4386387,30264.41,-0.08225331,500971.0,-0.22356422,930698.4,18.65416,18.203957,18.023327,17.9103,19.028727,19.208858,,13.474765,0.45020294,0.18062973,0.2936573,0.11302757,73.3445,-36.2468056,68,1,04 53 22.68,-36 14 48.5,0.0,,20.0759,20.155,Simbad,1.6008068760531868,68,1,1826,73.34498265667271,-36.24702057351266,0.60373824416547,889.0855,0.007,775.5761,0.005,16.2422,0.0928,18.618,0.0043,1.9820,0.0132,0.6173,0.0013,-55.0046,0.1629,889.0855,0.007,775.5761,0.005,14.9528,0.0514,18.2497,0.0027,2.1994,0.0076,0.6173,0.0013,-55.0046,0.1629,889.0855,0.007,775.5761,0.005,13.7226,0.0843,18.1501,0.0047,2.4069,0.0143,0.6173,0.0013,-55.0046,0.1629,889.0855,0.007,775.5761,0.005,12.3908,0.1520,18.1448,0.0089,2.6314,0.0254,0.6173,0.0013,-55.0046,0.1629
636.7649,606.4512,73.3677378,-36.2589139,73.3677594,-36.2593177,8.15,3.5,0,10.27374,0.02578646,1.283,89.54,16.8629,0.0017,1246.0,135321,0734m362,2667,SER,73.36776031033033,-36.25887232763502,0.00980965,41.518276,59.61058,70.95655,74.95156,1.4178323,1.1801187,1.1569327,1.1556872,6.0,4658.8203,3.017456,48223.035,0.28203592,783374.25,0.029684069,469367.06,18.454401,18.061691,17.872519,17.813047,19.254517,19.813044,17.845795,13.588338,0.39270973,0.18917274,0.24864388,0.05947113,73.368,-36.2591944,68,3,04 53 28.32,-36 15 33.1,0.0,,20.2777,20.2564,Simbad,1.3522085131086898,68,3,2667,73.36776031033033,-36.25887232763502,0.60373824416547,636.7284,0.0032,611.917,0.0036,22.2856,0.5415,18.0624,0.0094,9.6415,0.0999,0.5235,0.0014,1.456,0.1248,636.7284,0.0032,611.917,0.0036,23.7747,0.3274,17.6108,0.0054,9.4099,0.0573,0.5235,0.0014,1.456,0.1248,636.7284,0.0032,611.917,0.0036,25.1954,0.5346,17.3983,0.0086,9.1890,0.0775,0.5235,0.0014,1.456,0.1248,636.7284,0.0032,611.917,0.0036,26.7333,0.9333,17.3113,0.0141,8.9498,0.1379,0.5235,0.0014,1.456,0.1248
732.0325,494.4245,73.35917,-36.2673607,73.3591672,-36.2674753,4.484,3.5,0,25.39549,0.02576029,1.317,-87.15,17.3146,0.0015,1531.0,135321,0734m362,2354,SER,73.35924354458093,-36.26736970178203,0.009896941,28.704426,38.949703,41.446712,47.079605,1.4047327,1.151531,1.1288502,1.1104895,4.8547764,1266.2491,0.95950675,7598021.5,0.34847307,8467054.0,0.046930198,8137990.0,18.855127,18.523739,18.456274,18.317919,18.457367,18.73148,19.167582,,0.33138847,0.06746483,0.20582008,0.13835526,73.3592083,-36.2675,68,2,04 53 26.21,-36 16 03.0,0.0,,19.9725,19.3209,Simbad,0.4800991199611228,68,2,2354,73.35924354458093,-36.26736970178203,0.60373824416547,731.7169,0.0027,496.0767,0.0029,2.6043,0.0140,18.8688,0.0026,4.9085,0.0488,0.4407,0.0016,0.9388,0.1161,731.7169,0.0027,496.0767,0.0029,3.4364,0.01,18.4243,0.0018,4.5212,0.0327,0.4407,0.0016,0.9388,0.1161,731.7169,0.0027,496.0767,0.0029,4.2303,0.0198,18.2932,0.0028,4.1517,0.0326,0.4407,0.0016,0.9388,0.1161,731.7169,0.0027,496.0767,0.0029,5.0897,0.0337,18.057,0.0042,3.7517,0.0494,0.4407,0.0016,0.9388,0.1161
822.5813,640.7942,26.8891529,-30.2617076,26.8892725,-30.2616498,11.587,3.5,0,81.99297,0.02929083,1.112,61.31,14.6017,4.0E-4,6160.0,164091,0270m302,682,REX,26.88918569427224,-30.2617488125907,0.01652258,319.4851,439.38245,467.07123,533.17664,1.4873296,1.268657,1.2035733,1.0305072,1.0,0.0,2.5174994,3585981.8,0.0,0.0,0.0,0.0,16.238873,15.892893,15.826542,15.682822,16.327017,16.744072,14.403498,,0.3459797,0.06635094,0.21007061,0.14371967,26.8894167,-30.2618889,36,1,01 47 33.46,-30 15 42.8,0.0428,,17.3607,17.2249,Simbad,0.8776581600559852,36,1,682,26.88918569427224,-30.2617488125907,0.65056318019576,824.3058,0.0013,639.5767,0.0012,12.7935,0.0067,16.0208,4.0E-4,1.6745,0.0012,0.9222,2.0E-4,76.3119,0.1208,824.3058,0.0013,639.5767,0.0012,12.2872,0.0038,15.6788,3.0E-4,1.7504,0.0007,0.9222,2.0E-4,76.3119,0.1208,824.3058,0.0013,639.5767,0.0012,11.8041,0.006,15.6437,4.0E-4,1.8229,0.0010,0.9222,2.0E-4,76.3119,0.1208,824.3058,0.0013,639.5767,0.0012,11.2811,0.0106,15.5605,7.0E-4,1.9013,0.0018,0.9222,2.0E-4,76.3119,0.1208
534.1289,812.6849,26.9135826,-30.2491112,26.9135718,-30.2491342,4.597,3.5,3,25.52934,0.02920139,1.279,-43.84,17.3867,0.0019,1165.0,164091,0270m302,1575,SER,26.91354851874674,-30.24911880652262,0.016972756,33.459236,38.817207,37.649544,39.328484,1.5371915,1.2979974,1.204003,1.0283935,2.9017587,3506.0486,1.0179105,330069.66,-0.027999522,329776.44,0.21844283,545847.8,18.68871,18.52744,18.5606,18.513231,19.210167,19.5645,,14.275536,0.16127014,-0.033161163,0.01420784,0.047369003,26.9132917,-30.2491944,36,4,01 47 39.19,-30 14 57.1,0.0428,,19.8025,19.4564,Simbad,0.8437547951245034,36,4,1575,26.91354851874674,-30.24911880652262,0.65056318019576,534.4253,0.0024,812.6782,0.0022,3.9111,0.0232,18.6966,0.003,3.6666,0.0286,0.6099,0.0017,50.0805,0.1714,534.4253,0.0024,812.6782,0.0022,4.5501,0.018,18.3956,0.0022,3.4877,0.0178,0.6099,0.0017,50.0805,0.1714,534.4253,0.0024,812.6782,0.0022,5.1599,0.0319,18.3529,0.0034,3.3170,0.0208,0.6099,0.0017,50.0805,0.1714,534.4253,0.0024,812.6782,0.0022,5.8199,0.0525,18.2158,0.0054,3.1321,0.0347,0.6099,0.0017,50.0805,0.1714
636.7152,741.4834,26.9049068,-30.254281,26.9049308,-30.2543186,8.006,3.5,2,71.72252,0.02920139,1.665,5.87,15.1995,4.0E-4,5019.0,164091,0270m302,1259,SER,26.90490354802899,-30.25425529877529,0.016820092,179.91002,273.8398,321.8695,368.18576,1.4861591,1.2979974,1.204003,1.0283935,1.1466697,835755.25,2.5014238,2160465.0,-0.25693518,2.2517992E7,-0.11687366,1.5771299E7,16.862362,16.406258,16.2308,16.084833,16.63387,17.129385,16.11406,,0.45610428,0.175457,0.32142448,0.14596748,26.9049167,-30.2543056,36,3,01 47 37.18,-30 15 15.5,0.0,,19.4921,18.6985,Simbad,0.1856454571632879,36,3,1259,26.90490354802899,-30.25425529877529,0.65056318019576,637.0379,0.0018,741.574,0.0011,9.6617,0.0048,16.8548,4.0E-4,1.1510,0.0013,0.55,1.0E-4,-78.1637,0.0203,637.0379,0.0018,741.574,0.0011,9.6903,0.0029,16.3701,3.0E-4,1.1760,0.0008,0.55,1.0E-4,-78.1637,0.0203,637.0379,0.0018,741.574,0.0011,9.7175,0.004,16.1937,4.0E-4,1.2000,0.0010,0.55,1.0E-4,-78.1637,0.0203,637.0379,0.0018,741.574,0.0011,9.7470,0.0071,16.0471,6.0E-4,1.2259,0.0018,0.55,1.0E-4,-78.1637,0.0203
751.7423,557.4575,26.8952212,-30.2676744,26.8952429,-30.2677138,8.16,3.5,0,14.89028,0.0293503,2.966,85.45,17.0433,0.0018,955.8,164091,0270m302,896,SER,26.8952270149351,-30.26768591844592,0.016626108,40.9404,52.02528,54.656178,59.497013,1.4873296,1.268657,1.2035733,1.0305072,1.3799441,36644.793,3.725747,55726.93,0.71823764,2685244.0,-0.1381688,2020215.0,18.46962,18.209463,18.155901,18.063763,18.70128,19.499096,,14.158124,0.26015663,0.053562164,0.14570045,0.09213829,26.895,-30.2676111,36,2,01 47 34.80,-30 16 03.4,0.0425,,19.2358,18.9576,Simbad,0.7554905814735158,36,2,896,26.8952270149351,-30.26768591844592,0.65056318019576,751.9881,0.0022,559.5413,0.0074,11.3676,0.0119,18.4654,0.001,0.5438,0.0030,0.1853,3.0E-4,-4.6428,0.0199,751.9881,0.0022,559.5413,0.0074,10.9358,0.0069,18.2479,9.0E-4,0.5376,0.0015,0.1853,3.0E-4,-4.6428,0.0199,751.9881,0.0022,559.5413,0.0074,10.5239,0.0109,18.2675,0.0013,0.5316,0.0025,0.1853,3.0E-4,-4.6428,0.0199,751.9881,0.0022,559.5413,0.0074,10.0779,0.0193,18.2238,0.0022,0.5251,0.0047,0.1853,3.0E-4,-4.6428,0.0199
699.9934,546.4722,53.2627314,-47.6738154,53.2627321,-47.6738538,12.195,3.5,0,18.18495,0.02634037,1.02,-35.21,15.8397,9.0E-4,2125.0,86033,0531m477,8260,REX,53.26270992841383,-47.67381086448842,0.014096289,85.39593,164.12111,224.23605,266.48404,1.3896109,1.2970874,1.1649393,1.1142542,1.0,0.0,3.4682767,430038.3,0.0,0.0,0.0,0.0,17.671408,16.96209,16.623236,16.435822,16.72351,17.142431,15.835383,14.122403,0.70931816,0.33885384,0.526268,0.18741417,53.2622083,-47.674,55,2,03 33 02.93,-47 40 26.4,0.0,,20.0421,19.7671,Simbad,1.3936305618680966,55,2,8260,53.26270992841383,-47.67381086448842,0.551987423672432,700.3046,0.007,547.018,0.0066,12.7095,0.0143,17.7354,0.0013,0.5138,0.0019,0.9449,7.0E-4,65.2521,0.5808,700.3046,0.007,547.018,0.0066,12.4351,0.0091,17.0471,8.0E-4,0.6053,0.0011,0.9449,7.0E-4,65.2521,0.5808,700.3046,0.007,547.018,0.0066,12.1733,0.0116,16.717,0.001,0.6926,0.0015,0.9449,7.0E-4,65.2521,0.5808,700.3046,0.007,547.018,0.0066,11.8898,0.0193,16.5553,0.0017,0.7871,0.0027,0.9449,7.0E-4,65.2521,0.5808
590.1059,822.1807,53.2746387,-47.653807,53.2746273,-47.6537939,3.356,3.5,0,17.1601,0.02625994,1.124,-62.59,18.2749,0.0029,787.2,86033,0531m477,8599,SER,53.27460303614701,-47.65381446480341,0.014271567,12.11249,16.981213,20.375582,20.442955,1.4106262,1.3319834,1.2677276,1.0727925,6.0,77.688416,0.49062312,249989.56,0.13565373,67472.49,0.1692548,76212.695,19.791916,19.425077,19.227224,19.22364,19.514679,19.632006,18.488607,16.413912,0.36683846,0.19785309,0.201437,0.003583908,53.2745833,-47.6536944,55,4,03 33 05.90,-47 39 13.3,0.0,,20.307,20.7464,Simbad,0.4348749257757263,55,4,8599,53.27460303614701,-47.65381446480341,0.551987423672432,590.2397,0.0048,822.0083,0.0046,1.3837,0.0179,19.8201,0.0058,4.1710,0.1639,0.652,0.0068,26.0574,0.7076,590.2397,0.0048,822.0083,0.0046,1.8475,0.0133,19.367,0.0042,4.5552,0.1017,0.652,0.0068,26.0574,0.7076,590.2397,0.0048,822.0083,0.0046,2.29,0.028,19.1032,0.007,4.9217,0.1320,0.652,0.0068,26.0574,0.7076,590.2397,0.0048,822.0083,0.0046,2.7691,0.0475,18.9572,0.0097,5.3184,0.2240,0.652,0.0068,26.0574,0.7076
668.2217,722.5533,53.2662037,-47.661081,53.2661798,-47.6610407,10.157,3.5,0,69.55307,0.02636712,1.864,44.86,15.0711,4.0E-4,5090.0,86033,0531m477,8367,SER,53.26621212288526,-47.66102872075055,0.014189268,144.94789,293.8526,407.68198,503.97122,1.3896109,1.3199816,1.2677276,1.0729812,1.1626164,1007539.5,3.4645479,7270454.0,0.11873416,2.6355594E7,-0.34459376,3.152681E7,17.09697,16.329676,15.974196,15.743986,15.822361,16.26767,14.50028,13.746101,0.76729393,0.35547924,0.58568954,0.2302103,53.2657917,-47.6608889,55,3,03 33 03.79,-47 39 39.2,0.0,,20.1609,19.6938,Simbad,1.1368842231487457,55,3,8367,53.26621212288526,-47.66102872075055,0.551987423672432,667.8858,0.002,722.7148,0.0029,13.6451,0.0110,17.084,7.0E-4,0.9186,0.0018,0.4605,2.0E-4,-34.2764,0.0223,667.8858,0.002,722.7148,0.0029,13.3496,0.0066,16.3285,4.0E-4,1.0837,0.0011,0.4605,2.0E-4,-34.2764,0.0223,667.8858,0.002,722.7148,0.0029,13.0676,0.0088,15.9865,6.0E-4,1.2413,0.0015,0.4605,2.0E-4,-34.2764,0.0223,667.8858,0.002,722.7148,0.0029,12.7623,0.0153,15.738,9.0E-4,1.4118,0.0025,0.4605,2.0E-4,-34.2764,0.0223
782.2227,658.0892,53.2536629,-47.6658048,53.2538551,-47.6657257,9.678,3.5,0,8.382945,0.02631359,1.234,-66.38,17.2833,0.0025,722.7,86033,0531m477,8017,REX,53.2536851230029,-47.66581926330934,0.014104508,26.800255,38.146793,44.377495,48.383686,1.3896109,1.2970874,1.1649393,1.0697137,1.0,0.0,2.1178205,339982.25,0.0,0.0,0.0,0.0,18.929653,18.546354,18.382093,18.288252,19.067497,19.67182,,14.72372,0.38329887,0.16426086,0.25810242,0.09384155,53.2539167,-47.6656944,55,1,03 33 00.94,-47 39 56.5,0.0,,20.2183,19.923,Simbad,0.7192192184436723,55,1,8017,53.2536851230029,-47.66581926330934,0.551987423672432,783.6249,0.0116,657.1605,0.0124,10.5615,0.0457,18.6758,0.0038,0.9883,0.0075,0.9019,0.0022,15.7635,0.9851,783.6249,0.0116,657.1605,0.0124,10.1001,0.0328,18.3505,0.003,1.2328,0.0057,0.9019,0.0022,15.7635,0.9851,783.6249,0.0116,657.1605,0.0124,9.6597,0.0559,18.2355,0.005,1.4662,0.0107,0.9019,0.0022,15.7635,0.9851,783.6249,0.0116,657.1605,0.0124,9.1831,0.0931,18.2053,0.0087,1.7188,0.0179,0.9019,0.0022,15.7635,0.9851
401.7214,857.0042,20.291129,-32.0405871,20.291067,-32.0405868,13.144,3.5,0,28.43616,0.02214887,1.59,-78.18,15.5083,6.0E-4,3107.0,155430,0201m320,10387,SER,20.29108124601455,-32.04061563232854,0.026457714,147.64113,227.36023,279.70554,302.693,1.3119237,1.1694787,1.2061014,1.3767923,1.4024835,417332.16,4.495675,281279.28,0.22286202,9837160.0,0.10895344,6310693.0,17.076982,16.608213,16.383247,16.297495,16.879856,17.385614,15.93232,16.234596,0.46876907,0.22496605,0.31071854,0.08575249,20.2909167,-32.0405,28,4,01 21 09.82,-32 02 25.8,0.0352,,19.0883,18.6107,Simbad,0.652244438313122,28,4,10387,20.29108124601455,-32.04061563232854,0.617147559289692,401.5528,0.0027,856.7382,0.004,17.4979,0.0183,17.048,9.0E-4,1.2767,0.0019,0.6056,3.0E-4,13.1909,0.0406,401.5528,0.0027,856.7382,0.004,17.054,0.011,16.5993,6.0E-4,1.3601,0.0011,0.6056,3.0E-4,13.1909,0.0406,401.5528,0.0027,856.7382,0.004,16.6306,0.0151,16.4486,8.0E-4,1.4396,0.0016,0.6056,3.0E-4,13.1909,0.0406,401.5528,0.0027,856.7382,0.004,16.1721,0.0262,16.3509,0.0013,1.5256,0.0028,0.6056,3.0E-4,13.1909,0.0406
546.7701,726.0771,20.278681,-32.0500499,20.2786149,-32.0501171,8.142,3.5,2,14.20695,0.02214887,1.935,-16.94,16.8091,0.0012,1512.0,155430,0201m320,9981,SER,20.27815691689498,-32.0500743178396,0.02635827,24.378428,26.56906,24.89392,24.253307,1.3363308,1.1683176,1.1561024,1.4143497,2.165948,5870.638,3.2210474,72514.13,-0.13277137,280899.56,0.49179408,456306.38,19.032486,18.93906,19.009768,19.038073,,,,,0.09342575,-0.07070732,-0.099012375,-0.028305054,20.2784167,-32.0501111,28,3,01 21 06.82,-32 03 00.4,0.0722,,20.1093,19.6308,Simbad,0.8036611022192544,28,3,9981,20.27815691689498,-32.0500743178396,0.617147559289692,546.6294,0.0067,726.468,0.0029,10.0835,0.0103,18.3549,9.0E-4,0.5430,0.0024,0.3559,3.0E-4,77.5412,0.0319,546.6294,0.0067,726.468,0.0029,10.3687,0.0077,18.0226,8.0E-4,0.6275,0.0013,0.3559,3.0E-4,77.5412,0.0319,546.6294,0.0067,726.468,0.0029,10.6408,0.0122,17.8654,0.0014,0.7082,0.0023,0.3559,3.0E-4,77.5412,0.0319,546.6294,0.0067,726.468,0.0029,10.9353,0.0198,17.8132,0.0017,0.7955,0.0042,0.3559,3.0E-4,77.5412,0.0319
852.2454,608.4955,20.2526627,-32.0584918,20.2523839,-32.0586741,14.124,3.5,0,25.70762,0.02203604,2.558,-36.9,15.1559,5.0E-4,3979.0,155430,0201m320,9141,SER,20.2526136443005,-32.05851136884929,0.026182787,148.43083,272.79367,368.0071,444.52142,1.3678213,1.1870127,1.1909599,1.4143497,1.1008254,868519.5,5.104048,411549.56,-0.19427054,1.4601179E7,0.3673773,2.2643144E7,17.07119,16.410414,16.08536,15.880268,16.026674,16.470709,14.870979,13.69465,0.66077614,0.32505417,0.53014565,0.20509148,20.2524167,-32.0586111,28,2,01 21 00.58,-32 03 31.0,0.0726,,19.1253,18.6568,Simbad,0.6999731848277215,28,2,9141,20.2526136443005,-32.05851136884929,0.617147559289692,849.7222,0.0033,610.7536,0.0021,21.0406,0.0133,16.9935,6.0E-4,0.8906,0.0011,0.416,1.0E-4,57.5414,0.0156,849.7222,0.0033,610.7536,0.0021,20.6192,0.008,16.3403,4.0E-4,1.1242,0.0006,0.416,1.0E-4,57.5414,0.0156,849.7222,0.0033,610.7536,0.0021,20.2171,0.0114,16.0329,6.0E-4,1.3470,0.0010,0.416,1.0E-4,57.5414,0.0156,849.7222,0.0033,610.7536,0.0021,19.7818,0.0198,15.8518,8.0E-4,1.5883,0.0017,0.416,1.0E-4,57.5414,0.0156
942.5373,551.9734,20.2445895,-32.0629301,20.2446293,-32.0627865,7.0,3.59,0,14.49975,0.02217137,1.74,-74.01,17.1801,0.0016,1243.0,155430,0201m320,8846,SER,20.24462727220963,-32.06282642816967,0.026235,34.57576,41.69236,44.38133,46.322803,1.3678213,1.1870127,1.1909599,1.4143497,0.76497054,75722.5,2.0771072,260929.28,0.4307311,1798294.1,0.28649727,1553671.5,18.65307,18.44986,18.382,18.335512,19.040924,18.468042,,10.877768,0.20321083,0.06785965,0.11434746,0.04648781,20.2445,-32.0626111,28,1,01 20 58.68,-32 03 45.4,0.0724,,19.6806,19.5659,Simbad,0.8669933007270216,28,1,8846,20.24462727220963,-32.06282642816967,0.617147559289692,942.5316,0.0025,551.4504,0.0057,7.8737,0.0101,18.6756,0.0011,0.6432,0.0036,0.3225,4.0E-4,16.733,0.0384,942.5316,0.0025,551.4504,0.0057,8.0469,0.0083,18.4354,0.001,0.7986,0.0021,0.3225,4.0E-4,16.733,0.0384,942.5316,0.0025,551.4504,0.0057,8.2121,0.0145,18.3355,0.0017,0.9469,0.0042,0.3225,4.0E-4,16.733,0.0384,942.5316,0.0025,551.4504,0.0057,8.3910,0.0234,18.3314,0.0024,1.1074,0.0074,0.3225,4.0E-4,16.733,0.0384
956.884,442.0763,69.2653074,-46.7066776,69.2653197,-46.706672,10.9,3.5,0,31.72282,0.02556067,1.132,-71.34,15.5617,6.0E-4,3117.0,89994,0692m467,5222,EXP,69.2653149436005,-46.70667876176086,0.009023707,112.06776,198.72723,254.70499,302.82465,1.4865891,1.2157111,1.0232707,1.1219002,1.0,0.0,2.96863,704777.8,0.04113747,8058945.5,0.044480395,8478056.0,17.376299,16.754356,16.484907,16.297022,16.684439,17.199217,15.654359,,0.6219425,0.26944923,0.45733452,0.18788528,69.2649167,-46.7066667,236,1,04 37 03.58,-46 42 24.0,0.0,,19.8033,19.4555,Simbad,0.9840789203645234,236,1,5222,69.2653149436005,-46.70667876176086,0.604531607230023,956.8945,0.0033,441.9734,0.0036,11.3696,0.0095,17.3602,8.0E-4,0.8269,0.0016,0.9148,5.0E-4,22.4639,0.2478,956.8945,0.0033,441.9734,0.0036,11.0925,0.0061,16.749,5.0E-4,0.9154,0.0010,0.9148,5.0E-4,22.4639,0.2478,956.8945,0.0033,441.9734,0.0036,10.8282,0.0078,16.493,8.0E-4,0.9999,0.0013,0.9148,5.0E-4,22.4639,0.2478,956.8945,0.0033,441.9734,0.0036,10.5420,0.0128,16.333,0.001,1.0913,0.0022,0.9148,5.0E-4,22.4639,0.2478
452.4333,751.8489,69.3189464,-46.684177,69.3189004,-46.6841879,16.483,3.5,0,128.3002,0.02558669,2.529,4.43,13.8018,2.0E-4,10260.0,89994,0692m467,6641,SER,69.31889408980804,-46.68418047490785,0.009775669,507.60275,969.8985,1320.699,1608.2468,1.5413724,1.2901754,1.0514185,1.0621557,0.9728374,4833480.0,6.586802,1251083.6,-0.43327504,1.3360417E8,-0.097372815,7.391033E7,15.73619,15.033184,14.69799,14.484118,14.511899,14.714786,12.77519,11.869711,0.7030058,0.33519363,0.5490656,0.21387196,69.3185,-46.6842222,236,5,04 37 16.44,-46 41 03.2,0.0,,18.5054,18.1928,Simbad,0.9847943298876844,236,5,6641,69.31889408980804,-46.68418047490785,0.604531607230023,452.2193,0.0026,752.0829,0.0012,26.0566,0.0076,15.7183,3.0E-4,0.7897,0.0006,0.3983,1.0E-4,-83.4864,0.007,452.2193,0.0026,752.0829,0.0012,25.5733,0.0047,15.0087,2.0E-4,1.0060,0.0004,0.3983,1.0E-4,-83.4864,0.007,452.2193,0.0026,752.0829,0.0012,25.1122,0.0062,14.6879,3.0E-4,1.2124,0.0005,0.3983,1.0E-4,-83.4864,0.007,452.2193,0.0026,752.0829,0.0012,24.6130,0.0105,14.4355,3.0E-4,1.4358,0.0008,0.3983,1.0E-4,-83.4864,0.007
663.1505,737.5446,69.2965597,-46.6851737,69.2965437,-46.6852068,2.474,3.5,0,29.23412,0.02561268,1.031,11.04,18.1017,0.002,1310.0,89994,0692m467,6034,PSF,69.29654182797566,-46.6852071748319,0.009568738,16.018166,23.62239,20.485935,20.095188,1.5455946,1.2715396,0.9714542,1.0719801,0.0,0.0,0.0,0.0,0.0,0.0,0.0,0.0,19.488468,19.06669,19.221361,19.24227,18.339357,17.589926,16.540512,15.119361,0.42177773,-0.15467072,-0.17557907,-0.020908356,69.29625,-46.68525,236,3,04 37 11.10,-46 41 06.9,0.0,,20.2652,19.5287,Simbad,0.7370099965373773,236,3,6034,69.29654182797566,-46.6852071748319,0.604531607230023,663.1267,0.0034,737.5062,0.0037,0.6442,0.0238,19.0502,0.0119,*20.0000*,*0.5565*,0.6899,0.0039,-72.166,0.435,663.1267,0.0034,737.5062,0.0037,12.2847,0.7325,18.087,0.0178,*17.9844*,*0.4711*,0.6899,0.0039,-72.166,0.435,663.1267,0.0034,737.5062,0.0037,23.3914,1.4366,17.931,0.0191,*16.0612*,*0.3982*,0.6899,0.0039,-72.166,0.435,663.1267,0.0034,737.5062,0.0037,35.4144,2.1989,17.7042,0.0217,*13.9793*,*0.3352*,0.6899,0.0039,-72.166,0.435
856.0492,563.1292,69.2760503,-46.6978856,69.2760451,-46.6978762,12.762,3.5,2,16.02738,0.02556067,1.814,55.11,16.3397,0.0014,1308.0,89994,0692m467,5508,SER,69.27603373592217,-46.6978590063849,0.00923022,65.34463,114.34213,150.38742,176.85565,1.4865891,1.2157111,1.0232707,1.1144428,1.5319018,108241.01,5.5452275,179209.31,0.030681167,1376893.4,-0.32748768,2644791.0,17.961975,17.354485,17.05697,16.880953,17.983908,18.688906,,,0.60749054,0.29751396,0.47353172,0.17601776,69.2760833,-46.698,236,2,04 37 06.26,-46 41 52.8,0.0,,20.3729,20.1247,Simbad,0.5221209095990609,236,2,5508,69.27603373592217,-46.6978590063849,0.604531607230023,856.1168,0.0068,563.4205,0.0075,17.8043,0.0337,18.0812,0.0019,0.8180,0.0030,0.5218,5.0E-4,-42.1176,0.0679,856.1168,0.0068,563.4205,0.0075,17.7613,0.024,17.467,0.0013,1.0890,0.0021,0.5218,5.0E-4,-42.1176,0.0679,856.1168,0.0068,563.4205,0.0075,17.7203,0.0384,17.1759,0.0021,1.3475,0.0035,0.5218,5.0E-4,-42.1176,0.0679,856.1168,0.0068,563.4205,0.0075,17.6759,0.0634,17.0213,0.0028,1.6273,0.0058,0.5218,5.0E-4,-42.1176,0.0679
498.8958,945.8643,69.3140945,-46.6700537,69.3139995,-46.6700634,9.013,3.5,0,23.98436,0.02545634,1.415,-51.01,16.1886,0.001,2095.0,89994,0692m467,6490,SER,69.31406448948452,-46.67005421537799,0.009968031,83.49896,117.08954,133.22386,147.90912,1.464636,1.3362054,1.1843578,1.1732255,1.1740314,168134.95,2.7426891,3176371.5,0.03685533,5675136.5,0.20235567,9033136.0,17.695797,17.328705,17.188545,17.075012,17.57196,18.131598,16.009148,14.220016,0.36709213,0.1401596,0.25369263,0.11353302,69.3139167,-46.6700833,236,4,04 37 15.34,-46 40 12.3,0.0,,19.4243,19.0937,Simbad,0.3798041717829819,236,4,6490,69.31406448948452,-46.67005421537799,0.604531607230023,498.2742,0.0032,945.9786,0.004,11.0285,0.0155,17.6555,0.0012,1.1435,0.0029,0.6616,5.0E-4,39.8897,0.082,498.2742,0.0032,945.9786,0.004,10.6157,0.0097,17.3139,8.0E-4,1.1360,0.0018,0.6616,5.0E-4,39.8897,0.082,498.2742,0.0032,945.9786,0.004,10.2218,0.0127,17.2081,0.0014,1.1289,0.0024,0.6616,5.0E-4,39.8897,0.082,498.2742,0.0032,945.9786,0.004,9.7954,0.0216,17.118,0.0018,1.1212,0.0040,0.6616,5.0E-4,39.8897,0.082
695.9527,478.9424,50.0969157,-40.208335,50.0968249,-40.2083392,9.909,3.5,0,118.2276,0.02664623,1.157,-58.69,15.1665,5.0E-4,4759.0,117131,0501m402,3891,SER,50.09687788879909,-40.2083288182827,0.016478062,177.09895,338.5065,458.05795,559.5872,1.4823705,1.3308853,1.2877734,1.17765,6.0,79767.73,5.454205,1301912.8,-0.10079294,9408739.0,0.2853046,1.2899658E7,16.87946,16.176083,15.847699,15.63033,15.732464,15.949157,13.568861,12.109694,0.70337677,0.32838345,0.5457525,0.21736908,50.0964167,-40.2083889,52,2,03 20 23.14,-40 12 30.2,0.0,,20.044,19.421,Simbad,1.286274604869847,52,2,3891,50.09687788879909,-40.2083288182827,0.658575574621795,695.3307,0.001,479.0964,8.0E-4,19.3314,0.0791,16.7956,0.0017,5.6537,0.0143,0.544,4.0E-4,54.4176,0.0307,695.3307,0.001,479.0964,8.0E-4,24.2285,0.0705,15.9977,0.0012,7.2599,0.0110,0.544,4.0E-4,54.4176,0.0307,695.3307,0.001,479.0964,8.0E-4,28.901,0.1251,15.5916,0.0016,8.7925,0.0164,0.544,4.0E-4,54.4176,0.0307,695.3307,0.001,479.0964,8.0E-4,33.9590,0.2008,15.3726,0.002,*10.4516*,*0.0260*,0.544,4.0E-4,54.4176,0.0307
976.7157,894.6794,50.0700353,-40.1780662,50.0700624,-40.1780896,2.344,3.5,0,53.71106,0.02659213,1.013,1.01,17.5048,0.0012,2307.0,117131,0501m402,3032,PSF,50.07005825693662,-40.17808928771583,0.016462434,9.2275,21.781734,48.523724,72.60756,1.4379804,1.3030901,1.3836958,1.1470869,0.0,0.0,0.0,0.0,0.0,0.0,0.0,0.0,20.08729,19.154768,18.285114,17.847546,18.440779,19.052416,,,0.9325218,0.8696537,1.3072224,0.43756866,50.0702083,-40.1783056,52,1,03 20 16.85,-40 10 41.9,0.0,,20.3204,20.3335,Simbad,0.88132482801518,52,1,3032,50.07005825693662,-40.17808928771583,0.658575574621795,976.8179,0.003,894.7165,0.0034,0.9185,0.0097,20.1046,0.0016,0.8998,0.0732,0.5567,0.0039,88.495,0.3678,976.8179,0.003,894.7165,0.0034,0.7485,0.0055,19.0807,0.0016,7.2226,0.1516,0.5567,0.0039,88.495,0.3678,976.8179,0.003,894.7165,0.0034,0.5863,0.0035,18.1138,0.0013,*13.2555*,*0.2804*,0.5567,0.0039,88.495,0.3678,976.8179,0.003,894.7165,0.0034,*0.4107*,*0.0062*,17.6167,0.0027,*19.7860*,*0.4261*,0.5567,0.0039,88.495,0.3678
688.4294,791.684,50.0974729,-40.1854098,50.0975274,-40.1855784,10.883,3.5,0,27.93696,0.02659213,2.027,64.23,15.8674,8.0E-4,2272.0,117131,0501m402,10419,DUP,50.09750815067493,-40.18539789203456,0.016877355,0.0,0.0,0.0,0.0,1.4379804,1.3030901,1.287302,1.1470869,0.0,0.0,0.0,0.0,0.0,0.0,0.0,0.0,Infinity,Infinity,Infinity,Infinity,Infinity,Infinity,Infinity,Infinity,,,,,50.0977083,-40.1853889,52,3,03 20 23.45,-40 11 07.4,0.0,,20.001,19.3614,Simbad,0.5514132974657644,52,3,10419,50.09750815067493,-40.18539789203456,0.658575574621795,689.1659,0.0021,793.1704,0.0035,14.4075,0.0133,17.5449,8.0E-4,0.9574,0.0017,0.4885,2.0E-4,-28.6083,0.0291,689.1659,0.0021,793.1704,0.0035,14.4459,0.0093,17.0193,6.0E-4,1.2006,0.0011,0.4885,2.0E-4,-28.6083,0.0291,689.1659,0.0021,793.1704,0.0035,14.4827,0.0153,16.7522,9.0E-4,1.4327,0.0019,0.4885,2.0E-4,-28.6083,0.0291,689.1659,0.0021,793.1704,0.0035,14.5224,0.0255,16.6247,0.0014,1.6839,0.0032,0.4885,2.0E-4,-28.6083,0.0291
385.7865,582.8044,50.1264495,-40.2008243,50.1263745,-40.2007659,12.949,4.33,3,3.535314,0.02661919,1.068,30.21,17.6845,0.0052,356.8,117131,0501m402,4863,REX,50.12638129450011,-40.20079277915492,0.017005531,16.727568,23.626026,27.53874,30.146667,1.5147089,1.4213742,1.4452757,1.2099249,1.0,0.0,3.0389385,21211.412,0.0,0.0,0.0,0.0,19.441418,19.066523,18.90014,18.8019,19.457865,20.064249,16.753166,,0.3748951,0.16638184,0.26462173,0.0982399,50.1264167,-40.2006111,52,4,03 20 30.34,-40 12 02.2,0.0,,20.1828,20.3188,Simbad,0.6612505374545901,52,4,4863,50.12638129450011,-40.20079277915492,0.658575574621795,385.6446,0.0234,584.0292,0.0228,12.5860,0.0668,19.2305,0.0046,0.8373,0.0073,0.9557,0.0026,-89.7191,2.8741,385.6446,0.0234,584.0292,0.0228,12.9124,0.0534,18.875,0.004,1.0031,0.0055,0.9557,0.0026,-89.7191,2.8741,385.6446,0.0234,584.0292,0.0228,13.2238,0.0885,18.6762,0.0059,1.1614,0.0097,0.9557,0.0026,-89.7191,2.8741,385.6446,0.0234,584.0292,0.0228,13.5608,0.1429,18.5755,0.0103,1.3327,0.0160,0.9557,0.0026,-89.7191,2.8741
628.0443,911.6038,314.489571,-24.9480787,314.4895674,-24.9481076,5.945,3.5,0,102.4502,0.07598619,1.566,-51.0,15.5665,0.0013,1851.0,191940,3144m250,3576,SER,314.4895706185349,-24.94810710824377,0.06218225,85.462425,0.0,246.07549,284.83264,2.0286293,0.0,1.6138624,1.221678,3.7254632,2701.402,1.5663549,117731.09,-0.08039201,317902.3,0.21479124,481684.06,17.670563,Infinity,16.52233,16.363525,16.18135,16.398172,13.983911,12.020897,Infinity,Infinity,Infinity,0.15880394,314.49,-24.948,186,3,20 57 57.60,-24 56 52.8,0.094365,,19.6399,19.688,Simbad,1.4536121674103015,186,3,3576,314.4895706185349,-24.94810710824377,0.458366748082473,627.8249,0.0027,911.7556,0.0022,6.5886,0.0421,17.635,0.0041,2.7306,0.0306,0.6486,0.0013,54.5251,0.1466,0.0,0.0,0.0,0.0,0.0,0.0,0.0,0.0,0.0,0.0,0.0,0.0,0.0,0.0,627.8249,0.0027,911.7556,0.0022,6.2929,0.0207,16.4779,0.0018,3.2626,0.0139,0.6486,0.0013,54.5251,0.1466,627.8249,0.0027,911.7556,0.0022,6.1366,0.0344,16.2847,0.0033,3.5437,0.0236,0.6486,0.0013,54.5251,0.1466
837.0703,716.8488,314.4727846,-24.9622611,314.4727789,-24.9622721,13.709,4.3,2,37.97249,0.07583191,1.17,56.5,15.6217,0.0026,779.1,191940,3144m250,3253,REX,314.472846415685,-24.96240135644899,0.062246647,86.610825,0.0,245.81271,311.40714,1.7189217,0.0,1.3877546,1.221678,1.0,0.0,4.199363,34579.242,0.0,0.0,0.0,0.0,17.656069,Infinity,16.523489,16.266678,16.977415,17.554752,17.453753,,Infinity,Infinity,Infinity,0.25681114,314.473,-24.9623889,186,1,20 57 53.52,-24 57 44.6,0.0,,19.5318,19.1392,Simbad,0.5032559186470786,186,1,3253,314.472846415685,-24.96240135644899,0.458366748082473,836.5536,0.0051,716.8831,0.0054,25.6648,0.2215,17.2951,0.0059,2.7396,0.0188,0.8958,0.0019,-32.2178,0.6364,0.0,0.0,0.0,0.0,0.0,0.0,0.0,0.0,0.0,0.0,0.0,0.0,0.0,0.0,836.5536,0.0051,716.8831,0.0054,18.8805,0.1178,16.4013,0.0039,3.3985,0.0157,0.8958,0.0019,-32.2178,0.6364,836.5536,0.0051,716.8831,0.0054,15.2947,0.1873,16.3583,0.0074,3.7467,0.0238,0.8958,0.0019,-32.2178,0.6364
570.421,709.0369,314.4942181,-24.9628549,314.4941843,-24.9628522,6.213,3.5,0,51.44068,0.07583191,1.098,-85.36,15.9426,0.0016,1276.0,191940,3144m250,3677,SER,314.4941688273316,-24.96287790106267,0.06236795,72.16127,0.0,158.19318,174.23877,1.7189217,0.0,1.3877546,1.221678,0.9117443,39624.984,1.4880819,365343.3,0.12924376,1268542.0,-0.036508497,685552.25,17.85424,Infinity,17.002031,16.897139,17.028147,17.249165,14.697726,12.439299,Infinity,Infinity,Infinity,0.10489273,314.494,-24.9628889,186,4,20 57 58.56,-24 57 46.4,0.0,,19.6074,19.1857,Simbad,0.5524214741661917,186,4,3677,314.4941688273316,-24.96287790106267,0.458366748082473,570.5071,0.0035,709.2769,0.0042,5.4471,0.0097,17.8621,0.0011,0.9389,0.0066,0.761,0.001,-8.8131,0.1751,0.0,0.0,0.0,0.0,0.0,0.0,0.0,0.0,0.0,0.0,0.0,0.0,0.0,0.0,570.5071,0.0035,709.2769,0.0042,5.7368,0.0074,16.9866,7.0E-4,0.9464,0.0035,0.761,0.001,-8.8131,0.1751,570.5071,0.0035,709.2769,0.0042,5.8899,0.0112,16.8623,0.0018,0.9503,0.0059,0.761,0.001,-8.8131,0.1751
719.2617,410.5036,314.4822424,-24.9845365,314.4822213,-24.9845726,2.76,3.5,0,16.25077,0.07536715,1.019,-36.26,18.5798,0.0085,255.6,191940,3144m250,3426,PSF,314.4821964439124,-24.98454274202755,0.06266701,19.193615,0.0,11.220144,9.102077,1.7189217,0.0,1.3877546,1.221678,0.0,0.0,0.0,0.0,0.0,0.0,0.0,0.0,19.292109,Infinity,19.875004,20.102148,22.43999,,,14.427095,Infinity,Infinity,Infinity,-0.22714424,314.482,-24.9843889,186,2,20 57 55.68,-24 59 03.8,0.0,,18.628,18.7564,Simbad,0.8471339485265049,186,2,3426,314.4821964439124,-24.98454274202755,0.458366748082473,719.2754,0.023,410.7152,0.0253,*0.0482*,*0.0472*,19.1471,0.3251,6.8073,4.3741,0.3623,0.0228,76.3388,1.6391,0.0,0.0,0.0,0.0,0.0,0.0,0.0,0.0,0.0,0.0,0.0,0.0,0.0,0.0,719.2754,0.023,410.7152,0.0253,1.1671,0.0972,19.5801,0.0252,*12.3679*,*1.3902*,0.3623,0.0228,76.3388,1.6391,719.2754,0.023,410.7152,0.0253,1.7585,0.1522,19.6867,0.0352,*15.3069*,*2.5988*,0.3623,0.0228,76.3388,1.6391
640.0283,679.6943,27.4857512,-27.8187792,27.4857489,-27.8188015,16.805,3.5,2,187.9476,0.0229236,2.036,29.65,13.2537,1.0E-4,18560.0,176695,0275m277,5015,SER,27.48574877761106,-27.8187794532997,0.01670039,839.90796,1568.1433,2153.7815,2641.4297,1.3737918,1.2485092,1.1985016,1.2381035,1.294055,9517701.0,6.241044,3075844.0,-0.20751679,2.1160355E8,-0.2965732,2.6643683E8,15.189421,14.511536,14.166996,13.945402,14.118378,14.531201,12.30531,11.700524,0.67788506,0.34453964,0.5661335,0.22159386,27.485875,-27.8186667,230,3,01 49 56.61,-27 49 07.2,0.042866,,18.0001,17.1341,Simbad,0.5712056435772377,230,3,5015,27.48574877761106,-27.8187794532997,1.34129265268485,640.012,0.0017,680.0001,9.0E-4,24.6329,0.0065,15.1624,2.0E-4,0.9885,0.0006,0.4839,1.0E-4,-63.1734,0.0066,640.012,0.0017,680.0001,9.0E-4,24.1194,0.0046,14.471,1.0E-4,1.2273,0.0004,0.4839,1.0E-4,-63.1734,0.0066,640.012,0.0017,680.0001,9.0E-4,23.6294,0.0056,14.1681,2.0E-4,1.4551,0.0005,0.4839,1.0E-4,-63.1734,0.0066,640.012,0.0017,680.0001,9.0E-4,23.0990,0.0088,13.9075,3.0E-4,1.7017,0.0008,0.4839,1.0E-4,-63.1734,0.0066
570.2314,770.6032,27.4914251,-27.8120812,27.4914884,-27.8121828,14.867,3.5,2,57.26342,0.02301736,1.376,68.8,14.5419,3.0E-4,6526.0,176695,0275m277,5257,SER,27.4914190220405,-27.81209212365086,0.016820326,303.0888,545.7481,733.7999,885.0614,1.3717893,1.2390314,1.185571,1.1523154,1.2469515,1982172.2,5.3099303,867091.94,0.13243951,3.1694188E7,-0.14717263,3.256967E7,16.296076,15.657519,15.336056,15.132566,15.586008,15.901958,13.91207,11.872924,0.6385565,0.32146358,0.5249529,0.2034893,27.4910833,-27.8120833,230,4,01 49 57.86,-27 48 43.5,0.0,,18.9147,18.3172,Simbad,1.0694568957572672,230,4,5257,27.4914190220405,-27.81209212365086,1.34129265268485,570.5806,0.0027,771.8055,0.0039,18.8856,0.0112,16.3358,6.0E-4,0.6959,0.0010,0.6697,2.0E-4,-24.1295,0.0379,570.5806,0.0027,771.8055,0.0039,18.5508,0.0066,15.7151,4.0E-4,0.9306,0.0006,0.6697,2.0E-4,-24.1295,0.0379,570.5806,0.0027,771.8055,0.0039,18.2314,0.0098,15.4048,5.0E-4,1.1544,0.0009,0.6697,2.0E-4,-24.1295,0.0379,570.5806,0.0027,771.8055,0.0039,17.8856,0.0172,15.2263,8.0E-4,1.3967,0.0017,0.6697,2.0E-4,-24.1295,0.0379
466.0338,690.2248,27.5000688,-27.8180448,27.500066,-27.8180284,9.969,3.5,0,11.36598,0.02299396,1.245,-89.47,16.9489,0.0017,1070.0,176695,0275m277,5644,SER,27.50007935114963,-27.81807803003387,0.016837442,43.20784,60.769867,73.28308,79.24558,1.3741232,1.2511263,1.1973808,1.194737,1.2560782,87073.96,3.0604537,137959.08,0.13710256,2071497.8,0.02296209,904099.2,18.411093,18.04078,17.83749,17.752562,18.064203,18.296534,,12.782163,0.37031364,0.20328903,0.28821754,0.08492851,27.499875,-27.8181111,230,5,01 49 59.97,-27 49 05.2,0.088395,,19.9607,19.4494,Simbad,0.6614481947228242,230,5,5644,27.50007935114963,-27.81807803003387,1.34129265268485,465.8621,0.0089,689.5943,0.0111,11.6435,0.0351,18.3969,0.0028,0.8497,0.0050,0.7601,0.0011,4.7524,0.2785,465.8621,0.0089,689.5943,0.0111,11.181,0.0266,18.0581,0.0021,1.1518,0.0041,0.7601,0.0011,4.7524,0.2785,465.8621,0.0089,689.5943,0.0111,10.7397,0.0447,17.8961,0.0035,1.4400,0.0076,0.7601,0.0011,4.7524,0.2785,465.8621,0.0089,689.5943,0.0111,10.2620,0.0733,17.8554,0.0059,1.7520,0.0126,0.7601,0.0011,4.7524,0.2785
843.2491,658.9564,27.4690473,-27.8203135,27.4690268,-27.8203167,3.176,3.5,0,36.11851,0.02304074,1.055,-49.64,17.5598,0.0014,1837.0,176695,0275m277,4219,REX,27.46902204298467,-27.82031360324704,0.01650874,21.944717,26.342772,29.190453,38.42343,1.3800784,1.2583481,1.2120886,1.2675332,1.0,0.0,0.2582725,2062917.1,0.0,0.0,0.0,0.0,19.146675,18.948347,18.836899,18.53851,16.865437,16.261951,15.218002,,0.19832802,0.11144829,0.40983772,0.29838943,27.468875,-27.8204167,230,2,01 49 52.53,-27 49 13.5,0.0,,19.6399,19.4916,Simbad,0.5974392129088488,230,2,4219,27.46902204298467,-27.82031360324704,1.34129265268485,843.2892,0.0045,658.9886,0.004,*0.2763*,*0.0131*,19.0966,0.0084,8.7982,0.5551,0.5855,0.0064,34.3795,0.5298,843.2892,0.0045,658.9886,0.004,0.8527,0.0125,18.7148,0.0077,*10.2963*,*0.3762*,0.5855,0.0064,34.3795,0.5298,843.2892,0.0045,658.9886,0.004,1.4027,0.0202,18.4433,0.0092,*11.7257*,*0.3870*,0.5855,0.0064,34.3795,0.5298,843.2892,0.0045,658.9886,0.004,1.9980,0.0312,18.0677,0.012,*13.2730*,*0.5855*,0.5855,0.0064,34.3795,0.5298
902.9962,638.913,27.4642751,-27.8218431,27.4641108,-27.8217767,8.055,3.5,0,10.39752,0.02304074,1.184,-40.91,17.2211,0.0018,1045.0,176695,0275m277,3942,EXP,27.46342358877521,-27.82211553235923,0.016425818,2.7189376,1.9415921,1.8441373,1.2976575,1.3823347,1.2561421,1.2068172,1.2675332,1.0,0.0,0.8101445,22852.3,0.75513315,17231.775,-0.3814558,18533.754,21.414001,21.779606,21.835516,22.2171,,,18.600899,15.25013,-0.3656044,-0.05591011,-0.43749428,-0.38158417,27.4637083,-27.822,230,1,01 49 51.29,-27 49 19.2,0.088744,,19.9635,20.0312,Simbad,0.9973394388728344,230,1,3942,27.46342358877521,-27.82211553235923,1.34129265268485,902.0754,0.0093,637.4759,0.0067,8.8806,0.0234,18.8014,0.0025,0.6290,0.0057,0.5094,0.001,54.4273,0.1222,902.0754,0.0093,637.4759,0.0067,8.7772,0.0181,18.4465,0.0021,0.8673,0.0034,0.5094,0.001,54.4273,0.1222,902.0754,0.0093,637.4759,0.0067,8.6786,0.0295,18.2464,0.0032,1.0946,0.0067,0.5094,0.001,54.4273,0.1222,902.0754,0.0093,637.4759,0.0067,8.5719,0.0479,18.2007,0.0047,1.3407,0.0118,0.5094,0.001,54.4273,0.1222
564.575,490.8734,47.5590183,-35.0302499,47.5590561,-35.0302591,9.093,3.5,3,27.83933,0.02703959,1.2,87.71,16.1218,9.0E-4,2112.0,141098,0476m350,1777,SER,47.55903036149267,-35.03027873839472,0.02127651,91.135704,160.58833,215.626,254.61438,1.346538,1.2212694,1.2805095,1.0753556,1.467802,273950.53,3.4108777,1931445.4,0.086733855,9529767.0,-0.028381862,5056653.0,17.600779,16.985716,16.665747,16.485292,16.98383,17.380991,15.510228,14.796675,0.6150627,0.31996918,0.50042343,0.18045425,47.5594167,-35.0298889,51,3,03 10 14.26,-35 01 47.6,0.0,,20.2179,19.1848,Simbad,1.807377710209877,51,3,1777,47.55903036149267,-35.03027873839472,0.539473610727695,564.8054,0.003,490.7216,0.0034,10.3129,0.0116,17.8373,0.0011,0.8383,0.0020,0.8336,4.0E-4,-14.327,0.1408,564.8054,0.003,490.7216,0.0034,10.107,0.0065,17.2492,6.0E-4,1.0347,0.0011,0.8336,4.0E-4,-14.327,0.1408,564.8054,0.003,490.7216,0.0034,9.9104,0.0096,16.9524,8.0E-4,1.2221,0.0018,0.8336,4.0E-4,-14.327,0.1408,564.8054,0.003,490.7216,0.0034,9.6977,0.0172,16.8143,0.0016,1.4249,0.0031,0.8336,4.0E-4,-14.327,0.1408
744.7645,791.5311,47.5430129,-35.0084212,47.5430338,-35.0083826,14.745,3.5,0,61.59866,0.02703959,1.072,-23.14,14.8139,5.0E-4,4411.0,141098,0476m350,1216,REX,47.54303848651573,-35.00839954500856,0.02121576,212.17978,373.31647,478.41037,586.56323,1.3806306,1.2466152,1.3056732,1.0715256,1.0,0.0,3.6051912,1465450.5,0.0,0.0,0.0,0.0,16.68324,16.069807,15.800499,15.579213,15.828189,16.277498,14.354404,13.789,0.61343384,0.2693081,0.4905939,0.22128582,47.5429167,-35.0083056,51,2,03 10 10.30,-35 00 29.9,0.0,,19.0606,18.3702,Simbad,0.4932922799232008,51,2,1216,47.54303848651573,-35.00839954500856,0.539473610727695,744.7097,0.0017,791.2707,0.0016,16.6344,0.0103,16.5328,6.0E-4,1.0685,0.0011,0.931,2.0E-4,64.4449,0.1594,744.7097,0.0017,791.2707,0.0016,16.5831,0.0061,15.9053,3.0E-4,1.4907,0.0007,0.931,2.0E-4,64.4449,0.1594,744.7097,0.0017,791.2707,0.0016,16.5342,0.01,15.6439,5.0E-4,1.8935,0.0011,0.931,2.0E-4,64.4449,0.1594,744.7097,0.0017,791.2707,0.0016,16.4813,0.0177,15.4584,8.0E-4,2.3295,0.0020,0.931,2.0E-4,64.4449,0.1594
919.8467,815.5861,47.5273743,-35.0066043,47.5274767,-35.0066344,4.491,4.0,0,9.700079,0.02706706,1.135,-3.49,18.4175,0.0044,500.1,141098,0476m350,673,SER,47.52743081502302,-35.00661751239641,0.020973045,12.632396,14.337361,16.789158,16.210323,1.3806306,1.2466152,1.3056732,1.0715256,2.25,1622.4323,1.0065607,124777.22,-0.1662464,187974.69,-0.042741355,98543.16,19.746286,19.608828,19.437428,19.475521,19.875286,20.08366,19.929283,,0.1374588,0.17140007,0.1333065,-0.038093567,47.527,-35.007,51,1,03 10 06.48,-35 00 25.2,0.0,,20.2593,20.1742,Simbad,1.873441426290388,51,1,673,47.52743081502302,-35.00661751239641,0.539473610727695,920.3764,0.0058,815.7897,0.005,3.7358,0.0271,19.7087,0.0044,2.5242,0.0388,0.6912,0.003,-84.1167,0.405,920.3764,0.0058,815.7897,0.005,4.0957,0.0204,19.5214,0.0032,2.6317,0.0237,0.6912,0.003,-84.1167,0.405,920.3764,0.0058,815.7897,0.005,4.4391,0.0367,19.3108,0.005,2.7343,0.0365,0.6912,0.003,-84.1167,0.405,920.3764,0.0058,815.7897,0.005,4.8108,0.0610,19.2808,0.0085,2.8454,0.0633,0.6912,0.003,-84.1167,0.405
515.2521,651.5486,47.5634553,-35.018531,47.5634329,-35.0185639,8.627,3.5,0,17.05715,0.02709449,1.358,79.48,16.6349,0.0013,1411.0,141098,0476m350,1927,SER,47.56346908968972,-35.01856114450278,0.021541655,43.769463,73.8212,95.72727,109.34872,1.3559848,1.2133199,1.2878165,1.0827817,0.7357635,213797.56,2.5688224,379861.28,0.20132676,3443323.0,-0.09929212,2029551.5,18.397072,17.829548,17.547411,17.402966,17.726961,18.21407,16.182932,14.658928,0.56752396,0.28213692,0.42658234,0.14444542,47.5634167,-35.0186111,51,4,03 10 15.22,-35 01 07.0,0.0,,20.3004,20.3873,Simbad,0.2370654696703063,51,4,1927,47.56346908968972,-35.01856114450278,0.539473610727695,514.8458,0.0039,651.5823,0.0057,9.9494,0.0113,18.4005,0.0011,0.5473,0.0023,0.6308,4.0E-4,-12.7634,0.073,514.8458,0.0039,651.5823,0.0057,9.8403,0.0068,17.8257,7.0E-4,0.6847,0.0013,0.6308,4.0E-4,-12.7634,0.073,514.8458,0.0039,651.5823,0.0057,9.7361,0.0095,17.5506,9.0E-4,0.8159,0.0020,0.6308,4.0E-4,-12.7634,0.073,514.8458,0.0039,651.5823,0.0057,9.6234,0.0165,17.4103,0.0016,0.9579,0.0035,0.6308,4.0E-4,-12.7634,0.073
683.7632,752.2269,55.1359606,-48.6259396,55.1358767,-48.6258502,6.349,3.5,0,34.0465,0.02547511,1.14,57.84,16.38,9.0E-4,2456.0,82197,0550m487,8588,REX,55.13591683083962,-48.62590921258528,0.011558753,63.13262,86.06388,97.52333,104.68456,1.4095623,1.2406597,1.2126719,1.1245054,1.0,0.0,1.2855705,1977875.6,0.0,0.0,0.0,0.0,17.999365,17.662949,17.52723,17.450293,17.818495,18.271765,16.325787,16.01971,0.33641624,0.1357193,0.21265602,0.07693672,55.1357083,-48.6258889,59,3,03 40 32.57,-48 37 33.2,0.0,,19.8994,19.4277,Simbad,0.5015588381010342,59,3,8588,55.13591683083962,-48.62590921258528,0.777872150011182,683.3837,0.0021,751.3934,0.0022,5.2749,0.0085,17.9393,0.0012,1.5065,0.0041,0.9441,8.0E-4,27.4947,0.671,683.3837,0.0021,751.3934,0.0022,5.5392,0.006,17.5539,9.0E-4,1.5080,0.0025,0.9441,8.0E-4,27.4947,0.671,683.3837,0.0021,751.3934,0.0022,5.7913,0.0096,17.3913,0.0014,1.5095,0.0035,0.9441,8.0E-4,27.4947,0.671,683.3837,0.0021,751.3934,0.0022,6.0642,0.0160,17.2731,0.0021,1.5111,0.0060,0.9441,8.0E-4,27.4947,0.671
712.8647,701.5821,55.1326507,-48.6295759,55.1326657,-48.6295335,4.386,3.5,0,20.90722,0.02555282,1.262,19.75,17.4754,0.0016,1320.0,82197,0550m487,8476,SER,55.13265426951509,-48.62954589610883,0.011502105,28.383574,33.2056,35.847336,37.533463,1.3879961,1.2406597,1.2126719,1.1245054,0.5,73639.08,1.0262544,1091844.5,-0.021042053,891695.4,-0.20029318,1566524.6,18.867332,18.696972,18.613857,18.563953,19.090052,19.351248,18.000803,14.357141,0.17036057,0.083114624,0.1330185,0.04990387,55.1325,-48.6295,59,2,03 40 31.80,-48 37 46.2,0.0,,19.8076,19.7691,Simbad,0.4025312096802061,59,2,8476,55.13265426951509,-48.62954589610883,0.777872150011182,713.0417,0.0033,701.4487,0.003,4.0019,0.0065,18.9181,0.0012,0.2998,0.0048,0.6564,0.0011,-47.2039,0.1561,713.0417,0.0033,701.4487,0.003,3.9586,0.0037,18.7233,0.0011,0.3353,0.0024,0.6564,0.0011,-47.2039,0.1561,713.0417,0.0033,701.4487,0.003,3.9173,0.0052,18.6424,0.0018,0.3691,0.0037,0.6564,0.0011,-47.2039,0.1561,713.0417,0.0033,701.4487,0.003,3.8726,0.0092,18.5871,0.0026,0.4057,0.0070,0.6564,0.0011,-47.2039,0.1561
801.5356,535.0862,55.1231562,-48.6417218,55.1228771,-48.6416425,6.018,3.5,3,18.6344,0.02537113,1.216,37.34,17.1088,0.0015,1369.0,82197,0550m487,8165,PSF,55.12245913409185,-48.64203615489762,0.011243959,0.94558245,0.93763304,0.7602563,0.9318999,1.459387,1.3178328,1.285423,1.1401948,0.0,0.0,0.0,0.0,0.0,0.0,0.0,0.0,22.560751,22.569918,22.7976,22.576576,19.689568,20.617712,16.161001,13.189478,-0.0091667175,-0.22768211,-0.006658554,0.22102356,55.1225833,-48.6423056,59,1,03 40 29.42,-48 38 32.3,0.0,,20.2824,19.4815,Simbad,1.0139727732469856,59,1,8165,55.12245913409185,-48.64203615489762,0.777872150011182,800.47,0.0061,534.4599,0.0055,6.2943,0.0286,19.0857,0.0037,1.3703,0.0115,0.764,0.0018,-77.3965,0.3251,800.47,0.0061,534.4599,0.0055,5.9702,0.0186,18.3022,0.0023,1.3074,0.0067,0.764,0.0018,-77.3965,0.3251,800.47,0.0061,534.4599,0.0055,5.661,0.0182,18.0863,0.0028,1.2474,0.0067,0.764,0.0018,-77.3965,0.3251,800.47,0.0061,534.4599,0.0055,5.3262,0.0282,17.8156,0.0043,1.1824,0.0116,0.764,0.0018,-77.3965,0.3251
545.8018,773.0991,55.1510477,-48.6242764,55.1510694,-48.624342,14.567,3.5,0,49.36098,0.02542317,1.095,39.58,14.7914,4.0E-4,4965.0,83150,0550m485,7533,REX,55.15103067821671,-48.62424917136797,0.011718989,269.88083,417.2757,512.4296,596.34595,1.4085456,1.2616656,1.2092505,1.1264101,1.0,0.0,3.8315456,1372010.8,0.0,0.0,0.0,0.0,16.42207,15.948942,15.725914,15.561255,15.906247,16.312056,13.958205,13.123792,0.47312737,0.22302818,0.38768768,0.1646595,55.151,-48.6245,59,4,03 40 36.24,-48 37 28.2,0.0,,18.0358,17.7545,Simbad,0.9059291316776528,59,4,7533,55.15103067821671,-48.62424917136797,0.777872150011182,545.7068,0.0026,773.3461,0.0023,15.6775,0.0070,16.3512,4.0E-4,0.6246,0.0007,0.8972,2.0E-4,-51.4056,0.1255,545.7068,0.0026,773.3461,0.0023,15.4344,0.0062,15.9169,4.0E-4,0.9331,0.0005,0.8972,2.0E-4,-51.4056,0.1255,545.7068,0.0026,773.3461,0.0023,15.2026,0.0103,15.7328,6.0E-4,1.2275,0.0010,0.8972,2.0E-4,-51.4056,0.1255,545.7068,0.0026,773.3461,0.0023,14.9515,0.0164,15.6249,9.0E-4,1.5462,0.0017,0.8972,2.0E-4,-51.4056,0.1255
535.4581,616.4056,66.7579226,-49.1245749,66.7578717,-49.1246182,11.959,3.5,2,229.0126,0.02713061,1.196,-89.13,14.0163,3.0E-4,10910.0,81279,0666m490,10060,DUP,66.75788923904496,-49.1245573541696,0.019797854,0.0,0.0,0.0,0.0,1.3465796,1.3330152,1.1572496,1.1130242,0.0,0.0,0.0,0.0,0.0,0.0,0.0,0.0,Infinity,Infinity,Infinity,Infinity,Infinity,Infinity,Infinity,Infinity,,,,,66.7572917,-49.1238333,235,4,04 27 01.75,-49 07 25.8,0.0,,18.7048,18.807,Simbad,2.9624492288664186,235,4,10060,66.75788923904496,-49.1245573541696,2.02398643307026,535.3642,0.0012,617.0502,0.0014,27.9646,0.0763,15.7576,0.0014,4.9840,0.0093,0.6724,3.0E-4,10.1145,0.0391,535.3642,0.0012,617.0502,0.0014,25.67,0.0493,14.9044,0.001,4.9660,0.0060,0.6724,3.0E-4,10.1145,0.0391,535.3642,0.0012,617.0502,0.0014,23.4808,0.044,14.5621,0.001,4.9489,0.0058,0.6724,3.0E-4,10.1145,0.0391,535.3642,0.0012,617.0502,0.0014,21.1109,0.0664,14.3546,0.0016,4.9304,0.0090,0.6724,3.0E-4,10.1145,0.0391
407.4114,748.8563,66.7721603,-49.1149709,66.7721146,-49.1149813,12.041,3.5,2,242.8615,0.02715812,2.266,-25.45,13.5956,2.0E-4,15740.0,81279,0666m490,8148,SER,66.77262982968402,-49.11473712347369,0.019724023,513.7137,972.5458,1294.2363,1543.8142,1.32893,1.3389413,1.1431184,1.1153045,0.9369088,6193375.0,5.142897,9521085.0,-0.27979824,1.2276644E8,0.21880153,1.20366144E8,15.723197,15.030225,14.719966,14.528512,14.943882,15.4426,13.423775,,0.6929722,0.31025887,0.5017128,0.19145393,66.7724167,-49.1146389,235,5,04 27 05.38,-49 06 52.7,0.05828,,17.6725,17.0204,Simbad,0.6142094782533873,235,5,8148,66.77262982968402,-49.11473712347369,2.02398643307026,407.1009,0.0016,749.3087,8.0E-4,14.3452,0.0090,15.5292,4.0E-4,2.0113,0.0016,0.4784,1.0E-4,77.0194,0.013,407.1009,0.0016,749.3087,8.0E-4,14.4472,0.0055,14.872,3.0E-4,1.9173,0.0009,0.4784,1.0E-4,77.0194,0.013,407.1009,0.0016,749.3087,8.0E-4,14.5445,0.0066,14.678,4.0E-4,1.8276,0.0009,0.4784,1.0E-4,77.0194,0.013,407.1009,0.0016,749.3087,8.0E-4,14.6498,0.0112,14.4511,5.0E-4,1.7305,0.0015,0.4784,1.0E-4,77.0194,0.013
915.3221,732.6142,66.7158972,-49.1161147,66.715639,-49.1161426,10.917,3.5,2,30.66238,0.02710309,1.355,-79.35,15.4744,7.0E-4,3150.0,81279,0666m490,6575,REX,66.71578600950266,-49.11614529629508,0.02021754,147.3691,208.92911,250.81734,259.7341,1.3261907,1.3363465,1.1395792,1.1149026,1.0,0.0,2.6555638,1208268.8,0.0,0.0,0.0,0.0,17.078983,16.700003,16.501606,16.463678,16.765846,17.158281,14.911572,13.767239,0.37898064,0.19839668,0.23632431,0.037927628,66.7155833,-49.1161944,235,1,04 26 51.74,-49 06 58.3,0.0,,18.5235,18.163,Simbad,0.5093061695066153,235,1,6575,66.71578600950266,-49.11614529629508,2.02398643307026,913.7438,0.0042,732.6036,0.0045,11.1825,0.0154,16.9969,0.0012,1.0916,0.0024,0.9483,7.0E-4,5.4165,0.5946,913.7438,0.0042,732.6036,0.0045,11.0889,0.0101,16.6266,8.0E-4,1.2310,0.0015,0.9483,7.0E-4,5.4165,0.5946,913.7438,0.0042,732.6036,0.0045,10.9997,0.0168,16.476,0.0014,1.3639,0.0026,0.9483,7.0E-4,5.4165,0.5946,913.7438,0.0042,732.6036,0.0045,10.9030,0.0286,16.3962,0.0022,1.5078,0.0045,0.9483,7.0E-4,5.4165,0.5946
802.1036,713.0295,66.7283489,-49.11765,66.7282262,-49.117575,10.561,3.5,0,8.448759,0.02702033,1.584,27.28,17.275,0.0028,633.5,81279,0666m490,6922,SER,66.72834628857257,-49.1176649251292,0.02005361,44.72741,58.99403,66.01034,69.27231,1.3261907,1.3363465,1.1395792,1.1149026,3.0436401,15404.387,5.23879,15299.074,-0.16168307,672007.8,0.016467517,298044.28,18.373566,18.072979,17.95097,17.898602,,,,,0.3005867,0.12200928,0.17437744,0.052368164,66.7280833,-49.1176667,235,2,04 26 54.74,-49 07 03.6,0.0,,19.9712,19.6633,Simbad,0.6196939373096197,235,2,6922,66.72834628857257,-49.1176649251292,2.02398643307026,801.1436,0.0159,711.9071,0.0123,13.1281,0.1183,18.6296,0.0068,1.8116,0.0191,0.6933,0.0023,-86.744,0.3818,801.1436,0.0159,711.9071,0.0123,12.6818,0.0703,18.3611,0.0045,1.8495,0.0112,0.6933,0.0023,-86.744,0.3818,801.1436,0.0159,711.9071,0.0123,12.256,0.1173,18.2549,0.008,1.8857,0.0195,0.6933,0.0023,-86.744,0.3818,801.1436,0.0159,711.9071,0.0123,11.7950,0.2062,18.2401,0.0139,1.9249,0.0345,0.6933,0.0023,-86.744,0.3818
773.4702,611.0958,66.7314541,-49.1250748,66.7314019,-49.124995,10.26,3.5,0,68.69378,0.02704794,1.236,-49.27,15.4618,6.0E-4,3489.0,80334,0665m492,10927,SER,66.73140597687143,-49.12506145178234,0.020014493,228.24928,316.00607,363.7375,401.984,1.3317205,1.3388722,1.1374329,1.1144613,5.042731,88435.15,6.4692926,432469.25,-0.1402565,6295912.0,-0.15379098,6714699.5,16.603977,16.250761,16.09803,15.989478,16.49382,16.894287,15.411119,13.404518,0.35321617,0.15273094,0.26128292,0.10855198,66.7312917,-49.1246944,235,3,04 26 55.51,-49 07 28.9,0.0,,18.8249,18.3212,Simbad,1.348533717925644,235,3,10927,66.73140597687143,-49.12506145178234,2.02398643307026,773.5778,0.003,610.4314,0.0024,12.5010,0.0365,16.9046,0.0018,2.8752,0.0080,0.6733,7.0E-4,-66.2703,0.0913,773.5778,0.003,610.4314,0.0024,13.4963,0.0251,16.5174,0.0012,3.0509,0.0051,0.6733,7.0E-4,-66.2703,0.0913,773.5778,0.003,610.4314,0.0024,14.4459,0.045,16.3009,0.0019,3.2187,0.0075,0.6733,7.0E-4,-66.2703,0.0913,773.5778,0.003,610.4314,0.0024,15.4738,0.0763,16.1456,0.0029,3.4002,0.0128,0.6733,7.0E-4,-66.2703,0.0913
622.816,500.7607,54.5450916,-47.4111648,54.5451114,-47.4111822,11.092,3.5,2,21.8694,0.0251791,1.275,38.05,16.0871,0.0011,1905.0,87009,0544m475,8686,SER,54.54555348227841,-47.41201930354791,0.011218387,1.4255263,1.3110534,1.0507045,0.11910851,1.4098734,1.3618282,1.155096,1.1008481,0.5,145.65414,2.3031752,353.58447,0.5851116,2842.922,0.030058727,1813.7762,22.115063,22.20595,22.446299,24.810143,,,,,-0.09088707,-0.24034882,-2.6041927,-2.363844,54.5455,-47.4116944,58,3,03 38 10.92,-47 24 42.1,0.0,,20.2691,19.7303,Simbad,1.176887454989637,58,3,8686,54.54555348227841,-47.41201930354791,0.514797866886711,623.1254,0.0031,500.9246,0.0028,12.7928,0.0196,17.893,0.0014,1.1330,0.0027,0.8218,5.0E-4,-48.3031,0.1448,623.1254,0.0031,500.9246,0.0028,12.5481,0.012,17.2358,8.0E-4,1.2838,0.0016,0.8218,5.0E-4,-48.3031,0.1448,623.1254,0.0031,500.9246,0.0028,12.3146,0.0154,16.917,0.001,1.4277,0.0021,0.8218,5.0E-4,-48.3031,0.1448,623.1254,0.0031,500.9246,0.0028,12.0618,0.0262,16.7671,0.0017,1.5834,0.0037,0.8218,5.0E-4,-48.3031,0.1448
582.5821,852.5403,54.5492993,-47.3856209,54.5494517,-47.3855816,10.74,3.5,2,20.24058,0.02520467,2.048,-2.45,15.9974,9.0E-4,2076.0,87009,0544m475,8794,SER,54.54934174827138,-47.38559464123681,0.010906948,85.34626,132.57211,164.51413,180.46375,1.4031245,1.3618908,1.155096,1.1010625,0.9669872,340624.4,3.4932282,325458.1,-0.21842794,6171258.0,0.12070631,4215817.5,17.672039,17.193869,16.959492,16.859026,17.243143,17.742384,15.785693,14.590857,0.4781704,0.2343769,0.33484268,0.10046577,54.5492917,-47.3856111,58,4,03 38 11.83,-47 23 08.2,0.0,,18.9769,18.628,Simbad,0.1356169965668032,58,4,8794,54.54934174827138,-47.38559464123681,0.514797866886711,583.7546,0.0044,852.2288,0.003,13.6483,0.0125,17.641,9.0E-4,0.8404,0.0016,0.6272,3.0E-4,75.3871,0.0503,583.7546,0.0044,852.2288,0.003,12.9498,0.0078,17.2002,6.0E-4,0.9488,0.0010,0.6272,3.0E-4,75.3871,0.0503,583.7546,0.0044,852.2288,0.003,12.2834,0.0103,17.033,8.0E-4,1.0522,0.0014,0.6272,3.0E-4,75.3871,0.0503,583.7546,0.0044,852.2288,0.003,11.5620,0.0174,16.9394,0.0013,1.1642,0.0025,0.6272,3.0E-4,75.3871,0.0503
707.6807,823.5868,54.5358613,-47.3876546,54.5360031,-47.3876847,6.568,3.71,0,10.83024,0.0251791,1.438,21.08,17.5265,0.0023,862.8,87009,0544m475,8390,REX,54.53527578198323,-47.3867555551081,0.011228248,0.90492284,1.222483,1.822157,1.408362,1.4031245,1.3618908,1.155096,1.1010625,1.0,0.0,2.3311658,153.42056,0.0,0.0,0.0,0.0,22.60847,22.281893,21.848536,22.128214,,,,13.905605,0.32657814,0.43335724,0.1536789,-0.27967834,54.5352917,-47.3871944,58,2,03 38 08.47,-47 23 13.9,0.0,,19.8911,19.4686,Simbad,1.5803179395689086,58,2,8390,54.53527578198323,-47.3867555551081,0.514797866886711,708.5748,0.0067,824.0987,0.0041,6.9458,0.0116,19.0061,0.0015,0.6513,0.0042,0.52,7.0E-4,-78.2427,0.0877,708.5748,0.0067,824.0987,0.0041,7.0305,0.0084,18.7465,0.0013,0.7126,0.0023,0.52,7.0E-4,-78.2427,0.0877,708.5748,0.0067,824.0987,0.0041,7.1114,0.013,18.6302,0.002,0.7711,0.0038,0.52,7.0E-4,-78.2427,0.0877,708.5748,0.0067,824.0987,0.0041,7.1989,0.0212,18.5713,0.003,0.8344,0.0068,0.52,7.0E-4,-78.2427,0.0877
833.8829,572.5403,54.5222979,-47.4059889,54.5224181,-47.4059497,9.983,3.5,0,53.99585,0.0250251,1.441,-25.0,15.3843,5.0E-4,4071.0,87009,0544m475,8010,SER,54.52236933614189,-47.4059597702231,0.011669433,107.79781,227.44832,315.24808,397.2362,1.3968096,1.3364122,1.155096,1.1645278,1.4172784,409204.7,3.4061368,2737207.0,-0.22417846,8596473.0,0.24465445,2.0370722E7,17.418476,16.607794,16.253368,16.002378,16.073336,16.484526,14.881485,12.7173,0.8106823,0.35442543,0.60541534,0.2509899,54.5225833,-47.4058889,58,1,03 38 05.42,-47 24 21.2,0.0,,20.2363,19.9946,Simbad,0.5804013925753333,58,1,8010,54.52236933614189,-47.4059597702231,0.514797866886711,834.3067,0.0023,572.3656,0.0014,13.4267,0.0103,17.39,7.0E-4,0.8739,0.0015,0.5037,2.0E-4,66.1839,0.0221,834.3067,0.0023,572.3656,0.0014,13.0749,0.0064,16.5885,4.0E-4,1.1655,0.0010,0.5037,2.0E-4,66.1839,0.0221,834.3067,0.0023,572.3656,0.0014,12.7393,0.008,16.242,5.0E-4,1.4438,0.0013,0.5037,2.0E-4,66.1839,0.0221,834.3067,0.0023,572.3656,0.0014,12.3760,0.0135,16.0172,8.0E-4,1.7450,0.0022,0.5037,2.0E-4,66.1839,0.0221
759.9216,827.7186,55.6109013,-41.1444623,55.6111986,-41.1447013,24.27,3.5,2,71.16744,0.02789875,1.315,62.74,13.2573,2.0E-4,10510.0,112777,0555m412,7925,SER,55.61118847941587,-41.14467798349656,0.016196558,1141.3983,1803.2839,2210.75,2378.8057,1.3619049,1.2586563,1.055371,1.2670853,1.4628271,6661637.0,8.755139,918819.06,0.018858826,8.5752016E7,-0.22398694,1.516741E8,14.856407,14.359839,14.138651,14.059103,14.68868,15.192921,13.549897,13.22913,0.49656773,0.22118855,0.30073643,0.07954788,55.6112917,-41.1446111,60,2,03 42 26.71,-41 08 40.6,0.004923,,17.0741,16.6998,Simbad,0.3691608350963796,60,2,7925,55.61118847941587,-41.14467798349656,1.24568927645279,760.3291,0.002,828.5241,0.0018,32.1839,0.0101,14.8189,2.0E-4,1.5339,0.0006,0.6008,1.0E-4,-45.3571,0.0127,760.3291,0.002,828.5241,0.0018,33.4988,0.0061,14.3538,2.0E-4,1.4585,0.0004,0.6008,1.0E-4,-45.3571,0.0127,760.3291,0.002,828.5241,0.0018,34.7535,0.0095,14.161,3.0E-4,1.3866,0.0005,0.6008,1.0E-4,-45.3571,0.0127,760.3291,0.002,828.5241,0.0018,36.1116,0.0167,13.969,4.0E-4,1.3088,0.0008,0.6008,1.0E-4,-45.3571,0.0127
543.1097,762.0372,55.6324493,-41.1495672,55.6321488,-41.1494916,14.615,3.5,0,9.871937,0.02784188,3.683,13.44,16.3594,0.0014,1031.0,112777,0555m412,8577,SER,55.63225419210978,-41.14952251705099,0.01602056,64.05925,96.30719,116.96004,123.8108,1.3619049,1.2586563,1.0796129,1.2639811,0.5,428926.34,6.0206914,322550.6,-0.58624333,1.1220362E7,-0.3083774,7743582.5,17.983545,17.540854,17.329906,17.268105,17.81973,18.346998,17.578796,,0.4426918,0.21094704,0.27274895,0.06180191,55.6315,-41.1493889,60,4,03 42 31.56,-41 08 57.8,0.0,,20.0069,19.6158,Simbad,2.1002777516781324,60,4,8577,55.63225419210978,-41.14952251705099,1.24568927645279,543.0742,0.0173,761.8788,0.0043,23.3625,0.0222,17.9806,0.0011,0.3164,0.0018,0.1944,2.0E-4,-76.1898,0.016,543.0742,0.0173,761.8788,0.0043,23.3892,0.0177,17.5553,9.0E-4,0.4288,0.0012,0.1944,2.0E-4,-76.1898,0.016,543.0742,0.0173,761.8788,0.0043,23.4147,0.029,17.3797,0.0016,0.5360,0.0022,0.1944,2.0E-4,-76.1898,0.016,543.0742,0.0173,761.8788,0.0043,23.4423,0.0468,17.2579,0.0024,0.6520,0.0039,0.1944,2.0E-4,-76.1898,0.016
760.8069,679.577,55.6111801,-41.1554519,55.6111021,-41.1554827,8.092,3.87,2,11.02361,0.02792715,1.081,-9.14,17.2899,0.0026,795.5,112777,0555m412,7924,REX,55.61115773427836,-41.1554598853192,0.016171342,32.43085,43.751408,48.46455,52.455135,1.389776,1.2586563,1.0796129,1.2639811,1.0,0.0,1.9769858,239716.05,0.0,0.0,0.0,0.0,18.722605,18.39752,18.28644,18.20053,19.205925,19.426176,16.352234,11.847135,0.3250847,0.11108017,0.19699097,0.0859108,55.6107917,-41.1556944,60,1,03 42 26.59,-41 09 20.5,0.0,,20.0337,19.9131,Simbad,1.3027353258599532,60,1,7924,55.61115773427836,-41.1554598853192,1.24568927645279,760.2397,0.0068,679.8438,0.007,8.0505,0.0244,18.7233,0.0024,0.8975,0.0061,0.8678,0.0014,22.9769,0.5687,760.2397,0.0068,679.8438,0.007,13.9151,0.0973,17.9718,0.0044,2.3278,0.0133,0.8678,0.0014,22.9769,0.5687,760.2397,0.0068,679.8438,0.007,19.5108,0.1888,17.6916,0.0053,3.6925,0.0249,0.8678,0.0014,22.9769,0.5687,760.2397,0.0068,679.8438,0.007,25.5681,0.2889,17.5317,0.0056,5.1699,0.0380,0.8678,0.0014,22.9769,0.5687
673.5217,481.5289,55.6194801,-41.1698664,55.6195263,-41.1699007,2.54,3.5,0,68.45457,0.02778488,1.02,24.53,17.1393,0.001,2842.0,112777,0555m412,8183,PSF,55.61951174555693,-41.16989996658953,0.015968593,44.052433,52.704987,49.092915,47.83614,1.3826966,1.2771543,1.0934019,1.2449532,0.0,0.0,0.0,0.0,0.0,0.0,0.0,0.0,18.390076,18.195372,18.272453,18.30061,17.342054,16.692055,15.92209,14.376433,0.19470406,-0.07708168,-0.10523796,-0.02815628,55.6192917,-41.17,60,3,03 42 28.63,-41 10 12.0,0.0,,19.9046,18.1355,Simbad,0.6966144853846179,60,3,8183,55.61951174555693,-41.16989996658953,1.24568927645279,673.6011,0.0027,481.5375,0.0028,*0.1074*,*0.0067*,18.304,0.0079,*10.1327*,*0.3494*,0.6068,0.0034,-60.3145,0.3281,673.6011,0.0027,481.5375,0.0028,0.9155,0.0074,17.8846,0.0016,*13.4338*,*0.1967*,0.6068,0.0034,-60.3145,0.3281,673.6011,0.0027,481.5375,0.0028,1.6865,0.0185,17.6923,0.0073,*16.5835*,*0.3283*,0.6068,0.0034,-60.3145,0.3281,673.6011,0.0027,481.5375,0.0028,2.5211,0.0311,17.5659,0.0096,*19.9930*,*0.5884*,0.6068,0.0034,-60.3145,0.3281
786.9307,465.0836,29.6593072,-33.7736007,29.6594008,-33.7735946,8.812,3.5,0,31.46833,0.02649243,1.106,-54.08,16.2559,0.001,1993.0,146988,0295m337,10434,SER,29.6593525435057,-33.77359425372538,0.01881649,50.859344,111.07315,154.46835,192.9597,1.4328873,1.3490169,1.0953088,1.1246251,1.75188,90010.54,2.7244895,373627.12,0.06794224,3188229.2,0.10490681,4308564.5,18.234074,17.385977,17.0279,16.786333,16.942366,17.176037,15.381022,13.768613,0.84809685,0.3580761,0.5996437,0.24156761,29.6595,-33.7735,39,1,01 58 38.28,-33 46 24.6,0.157394,,20.2724,20.2398,Simbad,0.5566354327227331,39,1,10434,29.6593525435057,-33.77359425372538,0.649151824885837,787.4148,0.0026,464.8951,0.0031,9.9630,0.0148,18.2177,0.0015,0.8404,0.0029,0.7871,7.0E-4,26.5189,0.1394,787.4148,0.0026,464.8951,0.0031,9.7964,0.01,17.3866,9.0E-4,1.4029,0.0022,0.7871,7.0E-4,26.5189,0.1394,787.4148,0.0026,464.8951,0.0031,9.6375,0.0167,17.0436,0.0013,1.9397,0.0040,0.7871,7.0E-4,26.5189,0.1394,787.4148,0.0026,464.8951,0.0031,9.4655,0.0281,16.839,0.002,2.5207,0.0066,0.7871,7.0E-4,26.5189,0.1394
759.9559,880.3979,29.6616787,-33.7433256,29.6617701,-33.7433694,7.391,3.5,2,103.2124,0.0266278,1.327,17.84,14.8866,3.0E-4,8084.0,146988,0295m337,10524,SER,29.66166257692671,-33.74332914844585,0.019050054,225.92346,360.38397,440.3897,513.95087,1.3965842,1.3163322,1.0953088,1.1246251,1.089455,1247601.0,2.0728827,1.3296956E7,-0.15310666,3.7907772E7,-0.10184162,3.3355482E7,16.615097,16.108086,15.890408,15.722696,16.064335,16.489052,14.255844,13.043851,0.5070114,0.21767807,0.38538933,0.16771126,29.6615833,-33.7433889,39,2,01 58 38.78,-33 44 36.2,0.0,,18.8622,18.2111,Simbad,0.3202965767505477,39,2,10524,29.66166257692671,-33.74332914844585,0.649151824885837,760.3503,0.0013,880.6953,9.0E-4,8.0183,0.0027,16.5751,3.0E-4,0.8596,0.0009,0.6796,1.0E-4,-72.3657,0.0254,760.3503,0.0013,880.6953,9.0E-4,7.7929,0.0018,16.0864,2.0E-4,0.9298,0.0006,0.6796,1.0E-4,-72.3657,0.0254,760.3503,0.0013,880.6953,9.0E-4,7.5778,0.0022,15.9041,3.0E-4,0.9969,0.0008,0.6796,1.0E-4,-72.3657,0.0254,760.3503,0.0013,880.6953,9.0E-4,7.3450,0.0036,15.7632,4.0E-4,1.0694,0.0013,0.6796,1.0E-4,-72.3657,0.0254
718.6672,708.7247,29.665177,-33.7555528,29.6653812,-33.755864,10.935,3.5,0,15.28095,0.02649243,2.088,48.7,16.2177,0.0011,1634.0,146988,0295m337,10652,SER,29.6653533612545,-33.7557267984171,0.019086022,81.44744,101.36447,118.32168,114.77605,1.3953122,1.3398558,1.1114928,1.1149844,0.6789088,376570.94,3.896482,249973.03,-0.03363489,6563153.5,-0.6156629,1.0661746E7,17.722807,17.485285,17.317339,17.350372,18.020958,18.527159,17.171888,14.712886,0.23752213,0.16794586,0.13491249,-0.03303337,29.665,-33.7556111,39,3,01 58 39.60,-33 45 20.2,0.0,,18.8419,18.7809,Simbad,1.1367026264717894,39,3,10652,29.6653533612545,-33.7557267984171,0.649151824885837,719.3446,0.0049,710.8913,0.0046,14.6342,0.0105,17.721,7.0E-4,0.5795,0.0017,0.2277,2.0E-4,-46.5804,0.0142,719.3446,0.0049,710.8913,0.0046,14.7095,0.008,17.4986,7.0E-4,0.6601,0.0010,0.2277,2.0E-4,-46.5804,0.0142,719.3446,0.0049,710.8913,0.0046,14.7814,0.0131,17.4124,0.001,0.7370,0.0017,0.2277,2.0E-4,-46.5804,0.0142,719.3446,0.0049,710.8913,0.0046,14.8592,0.0213,17.3466,0.0015,0.8203,0.0031,0.2277,2.0E-4,-46.5804,0.0142
476.4195,688.3452,29.6866231,-33.7573007,29.6865864,-33.7573484,5.428,3.5,0,54.89811,0.02665479,1.4,-66.02,16.2917,7.0E-4,3048.0,146988,0295m337,11421,SER,29.68659056847958,-33.75728046432995,0.019105537,71.93055,103.96526,118.57029,133.24461,1.4293345,1.3694183,1.1285005,1.1247135,1.7975858,56164.875,1.4618757,1219054.5,0.23437656,4002603.0,0.2382116,4029637.8,17.857716,17.457779,17.31506,17.188375,17.49315,17.86921,15.825962,13.559594,0.39993668,0.14271927,0.26940346,0.12668419,29.6864167,-33.7571111,39,4,01 58 44.74,-33 45 25.6,0.062604,,19.7446,19.2853,Simbad,0.801598024957953,39,4,11421,29.68659056847958,-33.75728046432995,0.649151824885837,476.4481,0.0011,689.1457,0.0017,5.3664,0.0052,17.8526,7.0E-4,1.4028,0.0034,0.4971,4.0E-4,22.3795,0.0381,476.4481,0.0011,689.1457,0.0017,5.4623,0.0036,17.4385,5.0E-4,1.6308,0.0023,0.4971,4.0E-4,22.3795,0.0381,476.4481,0.0011,689.1457,0.0017,5.5537,0.0057,17.2848,8.0E-4,1.8484,0.0034,0.4971,4.0E-4,22.3795,0.0381,476.4481,0.0011,689.1457,0.0017,5.6527,0.0095,17.1332,0.0012,2.0839,0.0056,0.4971,4.0E-4,22.3795,0.0381
652.0429,417.7383,53.4436255,-30.3345932,53.4436218,-30.3345394,14.694,3.5,0,36.29177,0.01700671,1.736,44.27,15.2295,4.0E-4,4705.0,164182,0533m302,10501,SER,53.44363247558491,-30.33458516543448,0.014927684,155.51395,292.3136,403.61145,497.08762,1.3090708,1.2117945,1.1699176,1.2132684,1.5238527,500472.2,5.271472,172458.53,-0.09941544,6168862.0,-0.2924813,1.0631971E7,17.020576,16.335377,15.985091,15.758918,15.923354,16.35686,14.64345,14.136445,0.68519974,0.35028553,0.57645893,0.2261734,53.4432917,-30.3338889,56,3,03 33 46.39,-30 20 02.0,0.1064,,19.3753,18.7572,Simbad,2.721021163451484,56,3,10501,53.44363247558491,-30.33458516543448,0.556192157674747,651.9734,0.0034,417.1922,0.0025,21.3170,0.0258,16.9622,0.001,1.1995,0.0020,0.5307,2.0E-4,-53.8162,0.0297,651.9734,0.0034,417.1922,0.0025,20.1592,0.0167,16.3106,6.0E-4,1.4842,0.0013,0.5307,2.0E-4,-53.8162,0.0297,651.9734,0.0034,417.1922,0.0025,19.0545,0.0273,15.9901,0.001,1.7559,0.0024,0.5307,2.0E-4,-53.8162,0.0297,0.0,0.0,0.0,0.0,0.0,0.0,0.0,0.0,0.0,0.0,0.0,0.0,0.0,0.0
713.2719,857.4672,53.4384795,-30.3026441,53.4384566,-30.3025373,6.926,3.5,0,16.1391,0.01693744,1.417,-58.75,17.0676,0.0011,1843.0,164182,0533m302,10337,SER,53.43844343605756,-30.3025939673689,0.01512724,33.128834,51.759212,65.84274,72.05579,1.3456476,1.2059089,1.1643689,1.241273,1.066766,80467.48,1.9312133,370837.44,0.087938644,1323916.8,0.16002104,1986233.9,18.699484,18.21503,17.95373,17.855827,18.264282,18.558987,17.475004,,0.4844532,0.26130104,0.35920334,0.0979023,53.4385833,-30.3025,56,2,03 33 45.26,-30 18 09.0,0.1061,,20.3328,20.2223,Simbad,0.5508303587215934,56,2,10337,53.43844343605756,-30.3025939673689,0.556192157674747,713.4595,0.003,856.7115,0.004,7.5607,0.0129,18.6755,0.0015,0.9351,0.0040,0.6823,8.0E-4,30.3664,0.1124,713.4595,0.003,856.7115,0.004,7.4569,0.0089,18.1885,0.001,1.0463,0.0027,0.6823,8.0E-4,30.3664,0.1124,713.4595,0.003,856.7115,0.004,7.3578,0.0152,17.9341,0.0017,1.1523,0.0047,0.6823,8.0E-4,30.3664,0.1124,0.0,0.0,0.0,0.0,0.0,0.0,0.0,0.0,0.0,0.0,0.0,0.0,0.0,0.0
630.8187,811.3528,53.4453921,-30.3059185,53.4454074,-30.3058929,6.196,3.5,2,60.993,0.01702399,1.344,18.54,16.2003,6.0E-4,4462.0,164182,0533m302,10561,SER,53.44537476493722,-30.30588441877911,0.01508493,56.49489,117.13751,176.40283,207.84972,1.3469751,1.2350729,1.1804036,1.2031342,4.202573,20190.404,1.7752483,569832.3,0.14581116,3102963.8,0.024221394,1879441.4,18.119978,17.32826,16.883736,16.705626,15.912089,15.647626,14.68996,12.769016,0.7917175,0.44452477,0.6226349,0.17811012,53.4454167,-30.3058056,56,4,03 33 46.90,-30 18 20.9,0.0,,20.1442,19.4364,Simbad,0.3122500972354524,56,4,10561,53.44537476493722,-30.30588441877911,0.556192157674747,631.2318,0.0015,811.469,0.0016,6.4792,0.0275,18.0827,0.0024,3.8080,0.0194,0.7543,8.0E-4,4.7571,0.1229,631.2318,0.0015,811.469,0.0016,6.5357,0.0148,17.2794,0.0012,3.9744,0.0097,0.7543,8.0E-4,4.7571,0.1229,631.2318,0.0015,811.469,0.0016,6.5896,0.0233,16.8342,0.0019,4.1331,0.0152,0.7543,8.0E-4,4.7571,0.1229,0.0,0.0,0.0,0.0,0.0,0.0,0.0,0.0,0.0,0.0,0.0,0.0,0.0,0.0
749.7407,651.0658,53.4353612,-30.3175637,53.4353831,-30.3175589,7.503,3.5,0,87.64507,0.01698942,1.769,59.69,15.2941,2.0E-4,8614.0,164182,0533m302,10222,SER,53.43533681994836,-30.31760628997305,0.015213116,128.04419,260.34515,395.70584,483.4198,1.3381984,1.1752974,1.1257668,1.1689986,1.5323101,425924.0,2.4861465,1805385.5,0.16182746,1.445285E7,-0.2992442,1.6000795E7,17.2316,16.461126,16.006569,15.789189,15.042479,14.994829,13.067019,12.020145,0.7704735,0.45455742,0.671937,0.21737957,53.4352083,-30.3173889,56,1,03 33 44.45,-30 19 02.6,0.130297,,20.2098,19.575,Simbad,0.8786280302814236,56,1,10222,53.43533681994836,-30.31760628997305,0.556192157674747,750.1791,9.0E-4,650.8336,0.0016,10.5565,0.0072,17.1767,5.0E-4,0.9380,0.0017,0.4811,1.0E-4,-31.4559,0.0188,750.1791,9.0E-4,650.8336,0.0016,9.7433,0.0045,16.4299,3.0E-4,1.3097,0.0011,0.4811,1.0E-4,-31.4559,0.0188,750.1791,9.0E-4,650.8336,0.0016,8.9675,0.0068,16.0058,4.0E-4,1.6643,0.0020,0.4811,1.0E-4,-31.4559,0.0188,0.0,0.0,0.0,0.0,0.0,0.0,0.0,0.0,0.0,0.0,0.0,0.0,0.0,0.0
