Group,Gal,ID,ra,dec,type,CHI2NU,XC_g,e_XC_g,YC_g,e_YC_g,RE_g,e_RE_g,MAG_g,e_MAG_g,n_g,e_n_g,AR_g,e_AR_g,PA_g,e_PA_g,XC_r,e_XC_r,YC_r,e_YC_r,RE_r,e_RE_r,MAG_r,e_MAG_r,n_r,e_n_r,AR_r,e_AR_r,PA_r,e_PA_r,XC_i,e_XC_i,YC_i,e_YC_i,RE_i,e_RE_i,MAG_i,e_MAG_i,n_i,e_n_i,AR_i,e_AR_i,PA_i,e_PA_i,XC_z,e_XC_z,YC_z,e_YC_z,RE_z,e_RE_z,MAG_z,e_MAG_z,n_z,e_n_z,AR_z,e_AR_z,PA_z,e_PA_z,brickid,brickname,objid,ebv,mag_g,mag_r,mag_i,mag_z,mag_w1,mag_w2,mag_w3,mag_w4,Group_2,Gal_2,zmemb
20,1,1471,13.04012577583562,-1.119177251059751,SER,0.550881294713299,756.9186,0.002,659.4763,0.0047,34.2949,0.0154,16.5489,5.0E-4,0.7657,0.0009,0.2277,0.0001,-23.0521,0.0058,756.9186,0.002,659.4763,0.0047,32.8672,0.0116,15.8441,3.0E-4,0.9628,0.0006,0.2277,0.0001,-23.0521,0.0058,756.9186,0.002,659.4763,0.0047,31.5050,0.0134,15.5299,3.0E-4,1.1508,0.0007,0.2277,0.0001,-23.0521,0.0058,756.9186,0.002,659.4763,0.0047,30.0303,0.0195,15.2787,5.0E-4,1.3544,0.0013,0.2277,0.0001,-23.0521,0.0058,324660,0131m010,1471,0.051570516,16.592842,15.869571,15.490888,15.243752,15.001912,15.345359,13.093337,12.205332,20,1,0.041238
20,3,1935,13.04660065707238,-1.128448197229796,EXP,0.550881294713299,676.7578,0.0047,519.8303,0.0034,13.8501,0.0278,17.9135,0.0018,1.2425,0.0039,0.6732,0.0005,-64.1641,0.0925,676.7578,0.0047,519.8303,0.0034,12.7863,0.0145,17.4785,0.001,1.3475,0.0020,0.6732,0.0005,-64.1641,0.0925,676.7578,0.0047,519.8303,0.0034,11.7714,0.0170,17.2249,0.0012,1.4478,0.0029,0.6732,0.0005,-64.1641,0.0925,676.7578,0.0047,519.8303,0.0034,10.6727,0.0325,17.1916,0.0025,1.5562,0.0053,0.6732,0.0005,-64.1641,0.0925,323220,0131m012,1935,0.051507268,21.158838,21.205263,21.184563,21.387417,,,,,20,3,0.104819
20,2,1536,13.04231588811046,-1.109083549669928,REX,0.550881294713299,723.3525,0.0038,783.534,0.0051,2.8661,0.0112,19.7399,0.0022,1.0814,0.0223,0.5483,0.0021,12.1869,0.2279,723.3525,0.0038,783.534,0.0051,3.0283,0.0066,19.4675,0.0018,1.1854,0.0108,0.5483,0.0021,12.1869,0.2279,723.3525,0.0038,783.534,0.0051,3.1832,0.0103,19.3441,0.0025,1.2846,0.0159,0.5483,0.0021,12.1869,0.2279,723.3525,0.0038,783.534,0.0051,3.3508,0.0180,19.2356,0.004,1.3920,0.0308,0.5483,0.0021,12.1869,0.2279,324660,0131m010,1536,0.051510766,23.970991,23.48852,23.277914,24.560593,,,17.390049,,20,2,0.0
20,4,1904,13.05099114252429,-1.111288683922806,SER,0.550881294713299,607.4764,0.0036,767.6451,0.0014,15.2334,0.0130,17.4378,8.0E-4,0.9530,0.0019,0.2954,0.0001,78.0638,0.0124,607.4764,0.0036,767.6451,0.0014,14.5706,0.0083,16.8177,5.0E-4,1.0009,0.0011,0.2954,0.0001,78.0638,0.0124,607.4764,0.0036,767.6451,0.0014,13.9382,0.0088,16.5724,5.0E-4,1.0466,0.0013,0.2954,0.0001,78.0638,0.0124,607.4764,0.0036,767.6451,0.0014,13.2537,0.0143,16.3689,9.0E-4,1.0961,0.0022,0.2954,0.0001,78.0638,0.0124,324660,0131m010,1904,0.05183192,17.467215,16.829493,16.518545,16.326435,16.46787,16.92776,14.921985,13.97155,20,4,0.0413
26,4,7828,16.84741713183292,-32.8290673708472,SER,0.793480348577686,430.8808,4.0E-4,765.8698,8.0E-4,13.6116,0.0037,15.9679,2.0E-4,1.2265,0.0009,0.3725,0.0001,16.5187,0.0053,430.8808,4.0E-4,765.8698,8.0E-4,12.2773,0.0024,15.0434,1.0E-4,1.3947,0.0006,0.3725,0.0001,16.5187,0.0053,430.8808,4.0E-4,765.8698,8.0E-4,11.0043,0.0021,14.7278,1.0E-4,1.5551,0.0006,0.3725,0.0001,16.5187,0.0053,430.8808,4.0E-4,765.8698,8.0E-4,9.6262,0.0033,14.4175,2.0E-4,1.7287,0.0010,0.3725,0.0001,16.5187,0.0053,151766,0167m327,7828,0.028982436,15.957093,15.089968,14.717459,14.474657,14.970778,15.49166,15.527465,,26,4,0.035811
26,3,9564,16.83293887916162,-32.8317691155815,DUP,0.793480348577686,597.545,0.0023,728.8288,0.002,19.4818,0.0051,16.4851,3.0E-4,0.5078,0.0006,0.2544,0.0001,49.8399,0.0051,597.545,0.0023,728.8288,0.002,19.1045,0.0032,15.7765,2.0E-4,0.6747,0.0004,0.2544,0.0001,49.8399,0.0051,597.545,0.0023,728.8288,0.002,18.7444,0.0043,15.4747,3.0E-4,0.8340,0.0005,0.2544,0.0001,49.8399,0.0051,597.545,0.0023,728.8288,0.002,18.3547,0.0073,15.1926,4.0E-4,1.0064,0.0009,0.2544,0.0001,49.8399,0.0051,151766,0167m327,9564,0.029134303,Infinity,Infinity,Infinity,Infinity,Infinity,Infinity,Infinity,Infinity,26,3,0.035194
26,1,6445,16.80270840320432,-32.83567747715625,REX,0.793480348577686,946.9052,0.0086,674.7876,0.0092,16.5049,0.0287,17.7552,0.0016,0.9076,0.0025,0.9179,0.0007,6.0506,0.496,946.9052,0.0086,674.7876,0.0092,16.3141,0.0209,17.2521,0.0013,1.0749,0.0018,0.9179,0.0007,6.0506,0.496,946.9052,0.0086,674.7876,0.0092,16.1321,0.0340,17.0555,0.002,1.2345,0.0030,0.9179,0.0007,6.0506,0.496,946.9052,0.0086,674.7876,0.0092,15.9351,0.0559,16.9425,0.0032,1.4073,0.0051,0.9179,0.0007,6.0506,0.496,151766,0167m327,6445,0.029552748,17.834425,17.320929,17.108545,16.967478,17.419529,18.017485,18.834425,,26,1,0.0643
26,2,6928,16.81804207117206,-32.8427817921172,EXP,0.793480348577686,771.6877,0.0227,576.8618,0.0145,16.8836,0.0594,18.7241,0.0031,0.9029,0.0049,0.6097,0.0012,75.451,0.1868,771.6877,0.0227,576.8618,0.0145,16.5454,0.0470,18.4686,0.003,0.9463,0.0036,0.6097,0.0012,75.451,0.1868,771.6877,0.0227,576.8618,0.0145,16.2226,0.0774,18.3982,0.0052,0.9877,0.0065,0.6097,0.0012,75.451,0.1868,771.6877,0.0227,576.8618,0.0145,15.8732,0.1251,18.3596,0.0083,1.0326,0.0108,0.6097,0.0012,75.451,0.1868,151766,0167m327,6928,0.029327404,18.98711,18.692116,18.586771,18.505516,20.840569,19.185719,,11.086848,26,2,0.0638
28,4,10387,20.29108124601455,-32.04061563232854,SER,0.617147559253985,401.5528,0.0027,856.7382,0.004,17.4979,0.0183,17.048,9.0E-4,1.2767,0.0019,0.6056,0.0003,13.1909,0.0406,401.5528,0.0027,856.7382,0.004,17.0540,0.0110,16.5993,6.0E-4,1.3601,0.0011,0.6056,0.0003,13.1909,0.0406,401.5528,0.0027,856.7382,0.004,16.6306,0.0151,16.4486,8.0E-4,1.4396,0.0016,0.6056,0.0003,13.1909,0.0406,401.5528,0.0027,856.7382,0.004,16.1721,0.0262,16.3509,0.0013,1.5256,0.0028,0.6056,0.0003,13.1909,0.0406,155430,0201m320,10387,0.026457714,17.076982,16.608213,16.383247,16.297495,16.879856,17.385614,15.93232,16.234596,28,4,0.0352
28,3,9981,20.27815691689498,-32.0500743178396,SER,0.617147559253985,546.6294,0.0067,726.468,0.0029,10.0835,0.0103,18.3549,9.0E-4,0.5430,0.0024,0.3559,0.0003,77.5412,0.0319,546.6294,0.0067,726.468,0.0029,10.3687,0.0077,18.0226,8.0E-4,0.6275,0.0013,0.3559,0.0003,77.5412,0.0319,546.6294,0.0067,726.468,0.0029,10.6408,0.0122,17.8654,0.0014,0.7082,0.0023,0.3559,0.0003,77.5412,0.0319,546.6294,0.0067,726.468,0.0029,10.9353,0.0198,17.8132,0.0017,0.7955,0.0042,0.3559,0.0003,77.5412,0.0319,155430,0201m320,9981,0.02635827,19.032486,18.93906,19.009768,19.038073,,,,,28,3,0.0722
28,2,9141,20.2526136443005,-32.05851136884929,SER,0.617147559253985,849.7222,0.0033,610.7536,0.0021,21.0406,0.0133,16.9935,6.0E-4,0.8906,0.0011,0.4160,0.0001,57.5414,0.0156,849.7222,0.0033,610.7536,0.0021,20.6192,0.0080,16.3403,4.0E-4,1.1242,0.0006,0.4160,0.0001,57.5414,0.0156,849.7222,0.0033,610.7536,0.0021,20.2171,0.0114,16.0329,6.0E-4,1.3470,0.0010,0.4160,0.0001,57.5414,0.0156,849.7222,0.0033,610.7536,0.0021,19.7818,0.0198,15.8518,8.0E-4,1.5883,0.0017,0.4160,0.0001,57.5414,0.0156,155430,0201m320,9141,0.026182787,17.07119,16.410414,16.08536,15.880268,16.026674,16.470709,14.870979,13.69465,28,2,0.0726
28,1,8846,20.24462727220963,-32.06282642816967,SER,0.617147559253985,942.5316,0.0025,551.4504,0.0057,7.8737,0.0101,18.6756,0.0011,0.6432,0.0036,0.3225,0.0004,16.733,0.0384,942.5316,0.0025,551.4504,0.0057,8.0469,0.0083,18.4354,0.001,0.7986,0.0021,0.3225,0.0004,16.733,0.0384,942.5316,0.0025,551.4504,0.0057,8.2121,0.0145,18.3355,0.0017,0.9469,0.0042,0.3225,0.0004,16.733,0.0384,942.5316,0.0025,551.4504,0.0057,8.3910,0.0234,18.3314,0.0024,1.1074,0.0074,0.3225,0.0004,16.733,0.0384,155430,0201m320,8846,0.026235,18.65307,18.44986,18.382,18.335512,19.040924,18.468042,,10.877768,28,1,0.0724
32,4,8288,23.45944951864787,-69.33398403722262,SER,0.624711812844562,532.8176,0.0088,513.7808,0.0051,20.0133,0.0719,16.8629,0.0029,1.5500,0.0075,0.4361,0.0005,59.8123,0.0604,532.8176,0.0088,513.7808,0.0051,19.6959,0.0365,16.3654,0.0015,1.7384,0.0038,0.4361,0.0005,59.8123,0.0604,532.8176,0.0088,513.7808,0.0051,19.3931,0.0621,16.1849,0.0026,1.9181,0.0068,0.4361,0.0005,59.8123,0.0604,532.8176,0.0088,513.7808,0.0051,19.0653,0.1158,16.045,0.0045,2.1127,0.0126,0.4361,0.0005,59.8123,0.0604,21507,0234m692,8288,0.022333538,16.90027,16.39398,16.192078,16.028032,16.307718,16.737568,14.807714,14.363768,32,4,0.0
32,2,7374,23.4191639383167,-69.30994700675836,PSF,0.624711812844562,727.4753,0.0235,844.1869,0.0267,28.0791,0.1988,17.09,0.0062,1.3552,0.0111,0.8591,0.0021,-2.0218,0.6679,727.4753,0.0235,844.1869,0.0267,27.6093,0.0987,16.6148,0.0031,1.4884,0.0054,0.8591,0.0021,-2.0218,0.6679,727.4753,0.0235,844.1869,0.0267,27.1610,0.1833,16.4521,0.0061,1.6155,0.0106,0.8591,0.0021,-2.0218,0.6679,727.4753,0.0235,844.1869,0.0267,26.6758,0.3420,16.3694,0.0112,1.7531,0.0199,0.8591,0.0021,-2.0218,0.6679,21507,0234m692,7374,0.023159832,22.098518,21.206976,20.752361,20.29051,20.017498,20.61484,17.561365,,32,2,0.0
32,1,6556,23.38287520992754,-69.31228126334031,SER,0.624711812844562,903.4767,0.0167,813.0307,0.0214,16.4178,0.0781,17.5442,0.0044,0.9633,0.0068,0.7593,0.0017,-18.3234,0.3447,903.4767,0.0167,813.0307,0.0214,16.6225,0.0454,17.1218,0.0025,1.0551,0.0038,0.7593,0.0017,-18.3234,0.3447,903.4767,0.0167,813.0307,0.0214,16.8178,0.0848,16.9771,0.0052,1.1427,0.0074,0.7593,0.0017,-18.3234,0.3447,903.4767,0.0167,813.0307,0.0214,17.0293,0.1505,16.8912,0.0089,1.2375,0.0134,0.7593,0.0017,-18.3234,0.3447,21507,0234m692,6556,0.02279285,17.55592,17.149649,17.009956,16.916225,17.694866,18.491804,19.555277,,32,1,0.0
32,3,8067,23.44873690246612,-69.32935004777504,EXP,0.624711812844562,585.2216,0.0209,580.2457,0.0299,12.8365,0.0644,18.3204,0.0046,0.8079,0.0095,0.6745,0.0019,-6.0149,0.3268,585.2216,0.0209,580.2457,0.0299,12.4028,0.0427,17.9151,0.0028,0.6676,0.0053,0.6745,0.0019,-6.0149,0.3268,585.2216,0.0209,580.2457,0.0299,11.9889,0.0470,17.7324,0.0047,0.5337,0.0063,0.6745,0.0019,-6.0149,0.3268,585.2216,0.0209,580.2457,0.0299,11.5408,0.0741,17.6476,0.0073,0.3889,0.0116,0.6745,0.0019,-6.0149,0.3268,21507,0234m692,8067,0.022504775,18.363464,18.039597,17.969421,17.91553,18.372047,18.511602,16.19956,,32,3,0.0
36,1,682,26.88918569427224,-30.2617488125907,REX,0.65055925365526,824.3058,0.0013,639.5767,0.0012,12.7935,0.0067,16.0208,4.0E-4,1.6745,0.0012,0.9222,0.0002,76.3119,0.1208,824.3058,0.0013,639.5767,0.0012,12.2872,0.0038,15.6788,3.0E-4,1.7504,0.0007,0.9222,0.0002,76.3119,0.1208,824.3058,0.0013,639.5767,0.0012,11.8041,0.0060,15.6437,4.0E-4,1.8229,0.0010,0.9222,0.0002,76.3119,0.1208,824.3058,0.0013,639.5767,0.0012,11.2811,0.0106,15.5605,7.0E-4,1.9013,0.0018,0.9222,0.0002,76.3119,0.1208,164091,0270m302,682,0.01652258,16.238873,15.892893,15.826542,15.682822,16.327017,16.744072,14.403498,,36,1,0.0428
36,4,1575,26.91354851874674,-30.24911880652262,SER,0.65055925365526,534.4253,0.0024,812.6782,0.0022,3.9111,0.0232,18.6966,0.003,3.6667,0.0286,0.6099,0.0017,50.0806,0.1714,534.4253,0.0024,812.6782,0.0022,4.5503,0.0180,18.3956,0.0022,3.4878,0.0178,0.6099,0.0017,50.0806,0.1714,534.4253,0.0024,812.6782,0.0022,5.1602,0.0319,18.3529,0.0034,3.3172,0.0208,0.6099,0.0017,50.0806,0.1714,534.4253,0.0024,812.6782,0.0022,5.8204,0.0525,18.2158,0.0054,3.1324,0.0347,0.6099,0.0017,50.0806,0.1714,164091,0270m302,1575,0.016972756,18.68871,18.52744,18.5606,18.513231,19.210167,19.5645,,14.275536,36,4,0.0428
36,3,1259,26.90490354802899,-30.25425529877529,SER,0.65055925365526,637.0378,0.0018,741.574,0.0011,9.6617,0.0048,16.8548,4.0E-4,1.1510,0.0013,0.5500,0.0001,-78.1637,0.0203,637.0378,0.0018,741.574,0.0011,9.6903,0.0029,16.3701,3.0E-4,1.1761,0.0008,0.5500,0.0001,-78.1637,0.0203,637.0378,0.0018,741.574,0.0011,9.7175,0.0040,16.1937,4.0E-4,1.2000,0.0010,0.5500,0.0001,-78.1637,0.0203,637.0378,0.0018,741.574,0.0011,9.7471,0.0071,16.0471,6.0E-4,1.2259,0.0018,0.5500,0.0001,-78.1637,0.0203,164091,0270m302,1259,0.016820092,16.862362,16.406258,16.2308,16.084833,16.63387,17.129385,16.11406,,36,3,0.0
36,2,896,26.8952270149351,-30.26768591844592,SER,0.65055925365526,751.9882,0.0022,559.5435,0.0074,11.3719,0.0120,18.4651,0.001,0.5448,0.0030,0.1853,0.0003,-4.6418,0.0199,751.9882,0.0022,559.5435,0.0074,10.9370,0.0069,18.2478,9.0E-4,0.5377,0.0015,0.1853,0.0003,-4.6418,0.0199,751.9882,0.0022,559.5435,0.0074,10.5222,0.0109,18.2677,0.0013,0.5309,0.0025,0.1853,0.0003,-4.6418,0.0199,751.9882,0.0022,559.5435,0.0074,10.0731,0.0193,18.2243,0.0022,0.5236,0.0047,0.1853,0.0003,-4.6418,0.0199,164091,0270m302,896,0.016626108,18.46962,18.209463,18.155901,18.063763,18.70128,19.499096,,14.158124,36,2,0.0425
39,1,10434,29.6593525435057,-33.77359425372538,SER,0.649148922635997,787.4147,0.0026,464.8951,0.0031,9.9631,0.0148,18.2177,0.0015,0.8404,0.0029,0.7871,0.0007,26.519,0.1394,787.4147,0.0026,464.8951,0.0031,9.7964,0.0100,17.3866,9.0E-4,1.4029,0.0022,0.7871,0.0007,26.519,0.1394,787.4147,0.0026,464.8951,0.0031,9.6372,0.0167,17.0436,0.0013,1.9396,0.0040,0.7871,0.0007,26.519,0.1394,787.4147,0.0026,464.8951,0.0031,9.4650,0.0281,16.839,0.002,2.5206,0.0066,0.7871,0.0007,26.519,0.1394,146988,0295m337,10434,0.01881649,18.234074,17.385977,17.0279,16.786333,16.942366,17.176037,15.381022,13.768613,39,1,0.157394
39,2,10524,29.66166257692671,-33.74332914844585,SER,0.649148922635997,760.3504,0.0013,880.6953,9.0E-4,8.0183,0.0027,16.5751,3.0E-4,0.8596,0.0009,0.6796,0.0001,-72.3657,0.0254,760.3504,0.0013,880.6953,9.0E-4,7.7929,0.0018,16.0864,2.0E-4,0.9299,0.0006,0.6796,0.0001,-72.3657,0.0254,760.3504,0.0013,880.6953,9.0E-4,7.5778,0.0022,15.9041,3.0E-4,0.9969,0.0008,0.6796,0.0001,-72.3657,0.0254,760.3504,0.0013,880.6953,9.0E-4,7.3450,0.0036,15.7631,4.0E-4,1.0695,0.0013,0.6796,0.0001,-72.3657,0.0254,146988,0295m337,10524,0.019050054,16.615097,16.108086,15.890408,15.722696,16.064335,16.489052,14.255844,13.043851,39,2,0.0
39,3,10652,29.6653533612545,-33.7557267984171,SER,0.649148922635997,719.3439,0.0049,710.8906,0.0046,14.6316,0.0105,17.7213,7.0E-4,0.5789,0.0017,0.2277,0.0002,-46.5814,0.0142,719.3439,0.0049,710.8906,0.0046,14.7083,0.0080,17.4988,7.0E-4,0.6599,0.0010,0.2277,0.0002,-46.5814,0.0142,719.3439,0.0049,710.8906,0.0046,14.7815,0.0131,17.4124,0.001,0.7371,0.0017,0.2277,0.0002,-46.5814,0.0142,719.3439,0.0049,710.8906,0.0046,14.8607,0.0214,17.3466,0.0015,0.8207,0.0031,0.2277,0.0002,-46.5814,0.0142,146988,0295m337,10652,0.019086022,17.722807,17.485285,17.317339,17.350372,18.020958,18.527159,17.171888,14.712886,39,3,0.0
39,4,11421,29.68659056847958,-33.75728046432995,SER,0.649148922635997,476.4481,0.0011,689.1457,0.0017,5.3664,0.0052,17.8526,7.0E-4,1.4028,0.0034,0.4971,0.0004,22.3795,0.0381,476.4481,0.0011,689.1457,0.0017,5.4623,0.0036,17.4385,5.0E-4,1.6308,0.0023,0.4971,0.0004,22.3795,0.0381,476.4481,0.0011,689.1457,0.0017,5.5537,0.0057,17.2848,8.0E-4,1.8484,0.0034,0.4971,0.0004,22.3795,0.0381,476.4481,0.0011,689.1457,0.0017,5.6527,0.0095,17.1332,0.0012,2.0839,0.0056,0.4971,0.0004,22.3795,0.0381,146988,0295m337,11421,0.019105537,17.857716,17.457779,17.31506,17.188375,17.49315,17.86921,15.825962,13.559594,39,4,0.062604
40,3,1498,30.96466705372731,-31.14377393611345,SER,0.658835898059633,663.5278,0.0014,795.6321,0.0025,14.8916,0.0038,16.3151,3.0E-4,0.5343,0.0005,0.5162,0.0001,22.5412,0.0138,663.5278,0.0014,795.6321,0.0025,14.5148,0.0028,16.0008,3.0E-4,0.6172,0.0003,0.5162,0.0001,22.5412,0.0138,663.5278,0.0014,795.6321,0.0025,14.1552,0.0038,15.915,3.0E-4,0.6963,0.0005,0.5162,0.0001,22.5412,0.0138,663.5278,0.0014,795.6321,0.0025,13.7660,0.0059,15.8152,4.0E-4,0.7820,0.0008,0.5162,0.0001,22.5412,0.0138,159150,0310m312,1498,0.022625748,16.379147,16.048225,15.939064,15.816108,16.357124,16.894632,15.20279,13.930923,40,3,0.0289
40,2,1257,30.95856931662525,-31.14696311824521,SER,0.658835898059633,735.8091,0.0021,751.5716,0.0052,12.0249,0.0073,17.8509,6.0E-4,0.4039,0.0014,0.3061,0.0002,10.3583,0.0178,735.8091,0.0021,751.5716,0.0052,12.0586,0.0052,17.5579,6.0E-4,0.4513,0.0008,0.3061,0.0002,10.3583,0.0178,735.8091,0.0021,751.5716,0.0052,12.0907,0.0074,17.4767,8.0E-4,0.4966,0.0012,0.3061,0.0002,10.3583,0.0178,735.8091,0.0021,751.5716,0.0052,12.1254,0.0121,17.3814,0.0011,0.5456,0.0022,0.3061,0.0002,10.3583,0.0178,159150,0310m312,1257,0.022556743,17.82233,17.55031,17.472832,17.379469,18.061316,17.817305,18.410275,,40,2,0.0
40,4,1972,30.97886528617959,-31.15557516968853,SER,0.658835898059633,496.9629,0.0046,633.5986,0.0018,10.1025,0.0086,18.0682,7.0E-4,0.7328,0.0025,0.3051,0.0002,88.101,0.0202,496.9629,0.0046,633.5986,0.0018,10.2225,0.0052,17.5576,6.0E-4,0.7903,0.0015,0.3051,0.0002,88.101,0.0202,496.9629,0.0046,633.5986,0.0018,10.3370,0.0073,17.3656,8.0E-4,0.8452,0.0019,0.3051,0.0002,88.101,0.0202,496.9629,0.0046,633.5986,0.0018,10.4609,0.0127,17.2074,0.001,0.9047,0.0033,0.3051,0.0002,88.101,0.0202,159150,0310m312,1972,0.022416946,18.113132,17.627563,17.402868,17.317558,17.238876,17.60081,15.028274,12.674983,40,4,0.0665
40,1,878,30.9478588830863,-31.16082085071439,SER,0.658835898059633,861.2564,0.0019,561.6997,0.0012,13.7588,0.0430,17.5545,0.0017,3.8465,0.0116,0.4013,0.0003,71.8525,0.0289,861.2564,0.0019,561.6997,0.0012,12.3900,0.0265,16.9423,0.0012,3.6282,0.0072,0.4013,0.0003,71.8525,0.0289,861.2564,0.0019,561.6997,0.0012,11.0841,0.0220,16.7127,0.0012,3.4199,0.0067,0.4013,0.0003,71.8525,0.0289,861.2564,0.0019,561.6997,0.0012,9.6704,0.0346,16.5946,0.0021,3.1945,0.0109,0.4013,0.0003,71.8525,0.0289,159150,0310m312,878,0.022319773,17.952105,17.298689,17.001814,16.779049,16.902626,17.226221,15.276324,13.736371,40,1,0.0
48,1,1193,45.03859046574656,-36.38120277446424,SER,0.515515711500992,756.6358,0.0041,422.3932,0.0031,23.3312,0.0638,17.6143,0.0022,1.6755,0.0051,0.6832,0.0005,53.6006,0.0869,756.6358,0.0041,422.3932,0.0031,22.9052,0.0369,17.0048,0.0013,1.9756,0.0027,0.6832,0.0005,53.6006,0.0869,756.6358,0.0041,422.3932,0.0031,22.4987,0.0505,16.7437,0.0015,2.2620,0.0040,0.6832,0.0005,53.6006,0.0869,756.6358,0.0041,422.3932,0.0031,22.0588,0.0894,16.6041,0.0029,2.5720,0.0073,0.6832,0.0005,53.6006,0.0869,134069,0451m365,1193,0.017747942,17.603607,16.967686,16.672739,16.496552,16.96026,17.474342,15.765213,16.092117,48,1,0.0
48,2,6568,45.04357933448144,-36.35840573048463,SER,0.515515711500992,701.6655,0.0021,735.6796,0.0037,20.8846,0.0123,16.9407,6.0E-4,0.7379,0.0009,0.5171,0.0001,-0.3969,0.0177,701.6655,0.0021,735.6796,0.0037,20.3529,0.0078,16.2197,3.0E-4,0.8844,0.0006,0.5171,0.0001,-0.3969,0.0177,701.6655,0.0021,735.6796,0.0037,19.8456,0.0090,15.8726,3.0E-4,1.0242,0.0007,0.5171,0.0001,-0.3969,0.0177,701.6655,0.0021,735.6796,0.0037,19.2964,0.0149,15.6664,7.0E-4,1.1756,0.0012,0.5171,0.0001,-0.3969,0.0177,135229,0450m362,6568,0.017829526,16.95178,16.213886,15.861064,15.632906,15.794824,16.221594,14.736536,14.296562,48,2,0.0958
51,3,1777,47.55903036149267,-35.03027873839472,SER,0.539473610721392,564.8054,0.003,490.7216,0.0034,10.3129,0.0116,17.8373,0.0011,0.8383,0.0020,0.8336,0.0004,-14.327,0.1408,564.8054,0.003,490.7216,0.0034,10.1070,0.0065,17.2492,6.0E-4,1.0347,0.0011,0.8336,0.0004,-14.327,0.1408,564.8054,0.003,490.7216,0.0034,9.9104,0.0096,16.9524,8.0E-4,1.2221,0.0018,0.8336,0.0004,-14.327,0.1408,564.8054,0.003,490.7216,0.0034,9.6977,0.0172,16.8143,0.0016,1.4249,0.0031,0.8336,0.0004,-14.327,0.1408,141098,0476m350,1777,0.02127651,17.600779,16.985716,16.665747,16.485292,16.98383,17.380991,15.510228,14.796675,51,3,0.0
51,2,1216,47.54303848651573,-35.00839954500856,REX,0.539473610721392,744.7097,0.0017,791.2707,0.0016,16.6344,0.0103,16.5328,6.0E-4,1.0685,0.0011,0.9310,0.0002,64.4449,0.1594,744.7097,0.0017,791.2707,0.0016,16.5831,0.0061,15.9053,3.0E-4,1.4907,0.0007,0.9310,0.0002,64.4449,0.1594,744.7097,0.0017,791.2707,0.0016,16.5342,0.0100,15.6439,5.0E-4,1.8935,0.0011,0.9310,0.0002,64.4449,0.1594,744.7097,0.0017,791.2707,0.0016,16.4813,0.0177,15.4584,8.0E-4,2.3295,0.0020,0.9310,0.0002,64.4449,0.1594,141098,0476m350,1216,0.02121576,16.68324,16.069807,15.800499,15.579213,15.828189,16.277498,14.354404,13.789,51,2,0.0
51,1,673,47.52743081502302,-35.00661751239641,SER,0.539473610721392,920.3764,0.0058,815.7897,0.005,3.7358,0.0271,19.7087,0.0044,2.5242,0.0388,0.6912,0.0030,-84.1167,0.405,920.3764,0.0058,815.7897,0.005,4.0957,0.0204,19.5214,0.0032,2.6317,0.0237,0.6912,0.0030,-84.1167,0.405,920.3764,0.0058,815.7897,0.005,4.4391,0.0367,19.3108,0.005,2.7343,0.0365,0.6912,0.0030,-84.1167,0.405,920.3764,0.0058,815.7897,0.005,4.8108,0.0610,19.2808,0.0085,2.8454,0.0633,0.6912,0.0030,-84.1167,0.405,141098,0476m350,673,0.020973045,19.746286,19.608828,19.437428,19.475521,19.875286,20.08366,19.929283,,51,1,0.0
51,4,1927,47.56346908968972,-35.01856114450278,SER,0.539473610721392,514.8458,0.0039,651.5823,0.0057,9.9494,0.0113,18.4005,0.0011,0.5473,0.0023,0.6308,0.0004,-12.7634,0.073,514.8458,0.0039,651.5823,0.0057,9.8403,0.0068,17.8257,7.0E-4,0.6847,0.0013,0.6308,0.0004,-12.7634,0.073,514.8458,0.0039,651.5823,0.0057,9.7361,0.0095,17.5506,9.0E-4,0.8159,0.0020,0.6308,0.0004,-12.7634,0.073,514.8458,0.0039,651.5823,0.0057,9.6234,0.0165,17.4103,0.0016,0.9579,0.0035,0.6308,0.0004,-12.7634,0.073,141098,0476m350,1927,0.021541655,18.397072,17.829548,17.547411,17.402966,17.726961,18.21407,16.182932,14.658928,51,4,0.0
52,2,3891,50.09687788879909,-40.2083288182827,SER,1.44685142224972,695.8848,0.0013,478.9531,0.0012,10.1076,0.0220,16.8948,0.0014,2.9480,0.0069,0.8659,0.0006,38.1731,0.1506,695.8848,0.0013,478.9531,0.0012,10.0754,0.0133,16.1971,8.0E-4,2.9594,0.0040,0.8659,0.0006,38.1731,0.1506,695.8848,0.0013,478.9531,0.0012,10.0448,0.0158,15.8663,0.001,2.9703,0.0043,0.8659,0.0006,38.1731,0.1506,695.8848,0.0013,478.9531,0.0012,10.0116,0.0271,15.6399,0.0017,2.9820,0.0075,0.8659,0.0006,38.1731,0.1506,117131,0501m402,3891,0.016478062,16.87946,16.176083,15.847699,15.63033,15.732464,15.949157,13.568861,12.109694,52,2,0.0
52,1,3032,50.07005825693662,-40.17808928771583,PSF,1.44685142224972,976.7259,0.0032,894.6768,0.003,2.3017,0.0090,20.088,0.0029,0.6179,0.0228,0.9166,0.0024,87.2158,1.1704,976.7259,0.0032,894.6768,0.003,2.2209,0.0053,19.1455,0.0017,0.6216,0.0127,0.9166,0.0024,87.2158,1.1704,976.7259,0.0032,894.6768,0.003,2.1439,0.0033,18.2747,0.0012,0.6251,0.0078,0.9166,0.0024,87.2158,1.1704,976.7259,0.0032,894.6768,0.003,2.0605,0.0055,17.8217,0.0017,0.6288,0.0147,0.9166,0.0024,87.2158,1.1704,117131,0501m402,3032,0.016462434,20.08729,19.154768,18.285114,17.847546,18.440779,19.052416,,,52,1,0.0
52,4,4863,50.12638129450011,-40.20079277915492,REX,1.44685142224972,385.7642,0.0193,582.8292,0.0197,13.1680,0.3541,19.4256,0.0178,2.5671,0.0629,0.9567,0.0077,-46.4609,6.6742,385.7642,0.0193,582.8292,0.0197,13.1076,0.2040,19.0603,0.0108,2.6937,0.0356,0.9567,0.0077,-46.4609,6.6742,385.7642,0.0193,582.8292,0.0197,13.0500,0.3398,18.8933,0.0173,2.8145,0.0601,0.9567,0.0077,-46.4609,6.6742,385.7642,0.0193,582.8292,0.0197,12.9876,0.6038,18.8043,0.0313,2.9453,0.1075,0.9567,0.0077,-46.4609,6.6742,117131,0501m402,4863,0.017005531,19.441418,19.066523,18.90014,18.8019,19.457865,20.064249,16.753166,,52,4,0.0
54,1,11713,52.93920447662241,-39.61423111947493,REX,0.429453829010701,845.8465,0.0046,804.783,0.0047,7.2215,0.0124,18.3315,0.0018,0.6630,0.0036,0.9829,0.0009,-26.6912,2.4106,845.8465,0.0046,804.783,0.0047,7.3642,0.0077,17.8411,0.001,0.7201,0.0021,0.9829,0.0009,-26.6912,2.4106,845.8465,0.0046,804.783,0.0047,7.5004,0.0096,17.5591,0.0012,0.7745,0.0025,0.9829,0.0009,-26.6912,2.4106,845.8465,0.0046,804.783,0.0047,7.6478,0.0162,17.4228,0.0021,0.8334,0.0044,0.9829,0.0009,-26.6912,2.4106,120459,0528m395,11713,0.016788945,18.27935,17.799269,17.521955,17.419886,17.739744,18.208067,16.170149,14.166007,54,1,0.0
54,2,2328,52.94671752743711,-39.6313705245943,SER,0.429453829010701,766.4842,0.0026,569.2544,0.0037,11.6224,0.0095,17.5937,9.0E-4,0.7134,0.0016,0.6846,0.0003,14.2613,0.0527,766.4842,0.0026,569.2544,0.0037,11.4708,0.0059,16.9498,5.0E-4,0.8371,0.0010,0.6846,0.0003,14.2613,0.0527,766.4842,0.0026,569.2544,0.0037,11.3263,0.0075,16.6202,6.0E-4,0.9552,0.0013,0.6846,0.0003,14.2613,0.0527,766.4842,0.0026,569.2544,0.0037,11.1698,0.0125,16.4508,0.001,1.0830,0.0022,0.6846,0.0003,14.2613,0.0527,119349,0530m397,2328,0.016637748,17.607847,16.956852,16.610266,16.43036,16.654697,17.042782,15.085602,15.054997,54,2,0.10668
54,3,2618,52.95790597526705,-39.63148912885078,SER,0.429453829010701,648.136,0.0032,567.6287,0.003,7.8107,0.0187,18.8734,0.0019,1.2892,0.0064,0.3595,0.0004,-46.4464,0.0426,648.136,0.0032,567.6287,0.003,7.9251,0.0113,18.2163,0.0011,1.3524,0.0038,0.3595,0.0004,-46.4464,0.0426,648.136,0.0032,567.6287,0.003,8.0343,0.0137,17.8333,0.0013,1.4128,0.0043,0.3595,0.0004,-46.4464,0.0426,648.136,0.0032,567.6287,0.003,8.1526,0.0234,17.6442,0.0022,1.4781,0.0073,0.3595,0.0004,-46.4464,0.0426,119349,0530m397,2618,0.016806008,18.870413,18.23847,17.857872,17.689585,17.641027,17.988756,15.73403,15.466325,54,3,0.0
55,2,8260,53.26270992841383,-47.67381086448842,REX,0.551988136230193,700.3045,0.007,547.0179,0.0066,12.7095,0.0143,17.7354,0.0013,0.5138,0.0019,0.9449,0.0007,65.2476,0.5808,700.3045,0.007,547.0179,0.0066,12.4351,0.0091,17.0471,8.0E-4,0.6053,0.0011,0.9449,0.0007,65.2476,0.5808,700.3045,0.007,547.0179,0.0066,12.1733,0.0116,16.717,0.001,0.6927,0.0015,0.9449,0.0007,65.2476,0.5808,700.3045,0.007,547.0179,0.0066,11.8899,0.0193,16.5553,0.0017,0.7872,0.0027,0.9449,0.0007,65.2476,0.5808,86033,0531m477,8260,0.014096289,17.671408,16.96209,16.623236,16.435822,16.72351,17.142431,15.835383,14.122403,55,2,0.0
55,4,8599,53.27460303614701,-47.65381446480341,SER,0.551988136230193,590.2397,0.0048,822.0083,0.0046,1.3838,0.0179,19.82,0.0058,4.1750,0.1641,0.6520,0.0068,26.0551,0.7076,590.2397,0.0048,822.0083,0.0046,1.8475,0.0133,19.367,0.0042,4.5563,0.1019,0.6520,0.0068,26.0551,0.7076,590.2397,0.0048,822.0083,0.0046,2.2898,0.0280,19.1033,0.007,4.9201,0.1320,0.6520,0.0068,26.0551,0.7076,590.2397,0.0048,822.0083,0.0046,2.7687,0.0475,18.9573,0.0097,5.3139,0.2240,0.6520,0.0068,26.0551,0.7076,86033,0531m477,8599,0.014271567,19.791916,19.425077,19.227224,19.22364,19.514679,19.632006,18.488607,16.413912,55,4,0.0
55,3,8367,53.26621212288526,-47.66102872075055,SER,0.551988136230193,667.8858,0.002,722.7148,0.0029,13.6452,0.0110,17.084,7.0E-4,0.9186,0.0018,0.4605,0.0002,-34.2766,0.0223,667.8858,0.002,722.7148,0.0029,13.3496,0.0066,16.3285,4.0E-4,1.0837,0.0011,0.4605,0.0002,-34.2766,0.0223,667.8858,0.002,722.7148,0.0029,13.0676,0.0088,15.9865,6.0E-4,1.2413,0.0015,0.4605,0.0002,-34.2766,0.0223,667.8858,0.002,722.7148,0.0029,12.7624,0.0153,15.7379,9.0E-4,1.4118,0.0025,0.4605,0.0002,-34.2766,0.0223,86033,0531m477,8367,0.014189268,17.09697,16.329676,15.974196,15.743986,15.822361,16.26767,14.50028,13.746101,55,3,0.0
55,1,8017,53.2536851230029,-47.66581926330934,REX,0.551988136230193,783.6252,0.0116,657.1605,0.0124,10.5608,0.0457,18.6758,0.0038,0.9885,0.0075,0.9020,0.0022,15.7587,0.986,783.6252,0.0116,657.1605,0.0124,10.0996,0.0328,18.3505,0.003,1.2330,0.0057,0.9020,0.0022,15.7587,0.986,783.6252,0.0116,657.1605,0.0124,9.6594,0.0559,18.2355,0.005,1.4664,0.0107,0.9020,0.0022,15.7587,0.986,783.6252,0.0116,657.1605,0.0124,9.1830,0.0931,18.2052,0.0087,1.7189,0.0179,0.9020,0.0022,15.7587,0.986,86033,0531m477,8017,0.014104508,18.929653,18.546354,18.382093,18.288252,19.067497,19.67182,,14.72372,55,1,0.0
56,3,10501,53.44363247558491,-30.33458516543448,SER,0.556190973280058,651.9733,0.0034,417.1921,0.0025,21.3159,0.0258,16.9623,0.001,1.1995,0.0020,0.5307,0.0002,-53.8153,0.0297,651.9733,0.0034,417.1921,0.0025,20.1588,0.0167,16.3106,6.0E-4,1.4843,0.0013,0.5307,0.0002,-53.8153,0.0297,651.9733,0.0034,417.1921,0.0025,19.0546,0.0273,15.9901,0.001,1.7560,0.0024,0.5307,0.0002,-53.8153,0.0297,0.0,0.0,0.0,0.0,0.0,0.0,0.0,0.0,0.0,0.0,0.0,0.0,0.0,0.0,164182,0533m302,10501,0.014927684,17.020576,16.335377,15.985091,15.758918,15.923354,16.35686,14.64345,14.136445,56,3,0.1064
56,2,10337,53.43844343605756,-30.3025939673689,SER,0.556190973280058,713.4595,0.003,856.7115,0.004,7.5608,0.0129,18.6755,0.0015,0.9351,0.0040,0.6823,0.0008,30.3662,0.1124,713.4595,0.003,856.7115,0.004,7.4569,0.0089,18.1885,0.001,1.0462,0.0027,0.6823,0.0008,30.3662,0.1124,713.4595,0.003,856.7115,0.004,7.3578,0.0152,17.9341,0.0017,1.1523,0.0047,0.6823,0.0008,30.3662,0.1124,0.0,0.0,0.0,0.0,0.0,0.0,0.0,0.0,0.0,0.0,0.0,0.0,0.0,0.0,164182,0533m302,10337,0.01512724,18.699484,18.21503,17.95373,17.855827,18.264282,18.558987,17.475004,,56,2,0.1061
56,4,10561,53.44537476493722,-30.30588441877911,SER,0.556190973280058,631.2318,0.0015,811.469,0.0016,6.4736,0.0274,18.0832,0.0024,3.8050,0.0194,0.7544,0.0008,4.7567,0.1229,631.2318,0.0015,811.469,0.0016,6.5348,0.0149,17.2794,0.0012,3.9740,0.0097,0.7544,0.0008,4.7567,0.1229,631.2318,0.0015,811.469,0.0016,6.5931,0.0234,16.8339,0.0019,4.1353,0.0153,0.7544,0.0008,4.7567,0.1229,0.0,0.0,0.0,0.0,0.0,0.0,0.0,0.0,0.0,0.0,0.0,0.0,0.0,0.0,164182,0533m302,10561,0.01508493,18.119978,17.32826,16.883736,16.705626,15.912089,15.647626,14.68996,12.769016,56,4,0.0
56,1,10222,53.43533681994836,-30.31760628997305,SER,0.556190973280058,750.1791,9.0E-4,650.8336,0.0016,10.5565,0.0072,17.1767,5.0E-4,0.9381,0.0017,0.4811,0.0001,-31.4557,0.0188,750.1791,9.0E-4,650.8336,0.0016,9.7433,0.0045,16.4299,3.0E-4,1.3097,0.0011,0.4811,0.0001,-31.4557,0.0188,750.1791,9.0E-4,650.8336,0.0016,8.9675,0.0068,16.0058,4.0E-4,1.6643,0.0020,0.4811,0.0001,-31.4557,0.0188,0.0,0.0,0.0,0.0,0.0,0.0,0.0,0.0,0.0,0.0,0.0,0.0,0.0,0.0,164182,0533m302,10222,0.015213116,17.2316,16.461126,16.006569,15.789189,15.042479,14.994829,13.067019,12.020145,56,1,0.130297
57,3,11548,53.81342234282801,-33.46747452729964,SER,0.573493664273331,607.0788,0.0049,810.9194,0.0027,5.1177,0.0113,19.3162,0.0011,0.6731,0.0093,0.2863,0.0010,-77.5779,0.0633,607.0788,0.0049,810.9194,0.0027,5.0920,0.0065,19.0936,0.0013,0.8538,0.0046,0.2863,0.0010,-77.5779,0.0633,607.0788,0.0049,810.9194,0.0027,5.0675,0.0107,19.0697,0.0017,1.0262,0.0075,0.2863,0.0010,-77.5779,0.0633,607.0788,0.0049,810.9194,0.0027,5.0409,0.0189,19.0225,0.0033,1.2128,0.0142,0.2863,0.0010,-77.5779,0.0633,148269,0536m335,11548,0.011078953,19.222479,19.08897,19.070267,19.026978,19.967262,20.23239,,15.010907,57,3,0.0
57,4,918,53.83981037850533,-33.47548093163716,SER,0.573493664273331,304.6524,0.0079,700.9166,0.008,17.0035,0.0205,18.5685,0.001,0.6877,0.0031,0.2008,0.0003,44.3465,0.021,304.6524,0.0079,700.9166,0.008,16.7896,0.0159,18.2499,0.0012,0.7406,0.0015,0.2008,0.0003,44.3465,0.021,304.6524,0.0079,700.9166,0.008,16.5854,0.0263,18.1541,0.0015,0.7912,0.0027,0.2008,0.0003,44.3465,0.021,304.6524,0.0079,700.9166,0.008,16.3645,0.0428,18.1092,0.0029,0.8459,0.0051,0.2008,0.0003,44.3465,0.021,148270,0539m335,918,0.010967741,18.522182,18.249798,18.145256,18.086384,18.905905,19.515188,,,57,4,0.0
57,2,10669,53.79127051032987,-33.48001083482608,SER,0.573493664273331,861.2044,0.0016,638.6529,0.0011,6.6504,0.0058,17.6823,6.0E-4,1.2188,0.0033,0.5177,0.0003,67.4634,0.0303,861.2044,0.0016,638.6529,0.0011,6.6341,0.0033,17.1094,4.0E-4,1.3930,0.0019,0.5177,0.0003,67.4634,0.0303,861.2044,0.0016,638.6529,0.0011,6.6185,0.0046,16.9168,4.0E-4,1.5593,0.0022,0.5177,0.0003,67.4634,0.0303,861.2044,0.0016,638.6529,0.0011,6.6016,0.0082,16.7755,9.0E-4,1.7392,0.0040,0.5177,0.0003,67.4634,0.0303,148269,0536m335,10669,0.011000828,17.575638,17.121586,16.935966,16.792624,17.187681,17.677477,15.773101,,57,2,0.0
57,1,10288,53.78163719604368,-33.48228186041139,REX,0.573493664273331,972.6648,0.064,615.6056,0.1287,42.3653,0.1402,19.2273,0.0072,0.0999,0.0045,0.4215,0.0016,-24.1127,0.1559,972.6648,0.064,615.6056,0.1287,40.7077,0.2980,19.7308,0.0222,0.3256,0.0147,0.4215,0.0016,-24.1127,0.1559,972.6648,0.064,615.6056,0.1287,39.1261,0.5606,19.4864,0.0239,0.5410,0.0286,0.4215,0.0016,-24.1127,0.1559,972.6648,0.064,615.6056,0.1287,37.4141,0.8566,20.6512,0.1842,0.7741,0.0439,0.4215,0.0016,-24.1127,0.1559,148269,0536m335,10288,0.011011025,22.702595,21.776405,21.47552,21.368694,,,18.224014,14.632123,57,1,0.0
58,3,8686,54.54555348227841,-47.41201930354791,SER,0.514797867516472,623.1254,0.0031,500.9246,0.0028,12.7928,0.0196,17.893,0.0014,1.1330,0.0027,0.8218,0.0005,-48.3031,0.1448,623.1254,0.0031,500.9246,0.0028,12.5481,0.0120,17.2358,8.0E-4,1.2838,0.0016,0.8218,0.0005,-48.3031,0.1448,623.1254,0.0031,500.9246,0.0028,12.3146,0.0154,16.917,0.001,1.4277,0.0021,0.8218,0.0005,-48.3031,0.1448,623.1254,0.0031,500.9246,0.0028,12.0618,0.0262,16.7671,0.0017,1.5834,0.0037,0.8218,0.0005,-48.3031,0.1448,87009,0544m475,8686,0.011218387,22.115063,22.20595,22.446299,24.810143,,,,,58,3,0.0
58,4,8794,54.54934174827138,-47.38559464123681,SER,0.514797867516472,583.7546,0.0044,852.2288,0.003,13.6483,0.0125,17.641,9.0E-4,0.8404,0.0016,0.6272,0.0003,75.3871,0.0503,583.7546,0.0044,852.2288,0.003,12.9498,0.0078,17.2002,6.0E-4,0.9488,0.0010,0.6272,0.0003,75.3871,0.0503,583.7546,0.0044,852.2288,0.003,12.2834,0.0103,17.033,8.0E-4,1.0522,0.0014,0.6272,0.0003,75.3871,0.0503,583.7546,0.0044,852.2288,0.003,11.5620,0.0174,16.9394,0.0013,1.1642,0.0025,0.6272,0.0003,75.3871,0.0503,87009,0544m475,8794,0.010906948,17.672039,17.193869,16.959492,16.859026,17.243143,17.742384,15.785693,14.590857,58,4,0.0
58,2,8390,54.53527578198323,-47.3867555551081,REX,0.514797867516472,708.5748,0.0067,824.0987,0.0041,6.9458,0.0116,19.0061,0.0015,0.6513,0.0042,0.5200,0.0007,-78.2427,0.0877,708.5748,0.0067,824.0987,0.0041,7.0305,0.0084,18.7465,0.0013,0.7126,0.0023,0.5200,0.0007,-78.2427,0.0877,708.5748,0.0067,824.0987,0.0041,7.1114,0.0130,18.6302,0.002,0.7711,0.0038,0.5200,0.0007,-78.2427,0.0877,708.5748,0.0067,824.0987,0.0041,7.1989,0.0212,18.5713,0.003,0.8344,0.0068,0.5200,0.0007,-78.2427,0.0877,87009,0544m475,8390,0.011228248,22.60847,22.281893,21.848536,22.128214,,,,13.905605,58,2,0.0
58,1,8010,54.52236933614189,-47.4059597702231,SER,0.514797867516472,834.3067,0.0023,572.3656,0.0014,13.4267,0.0103,17.39,7.0E-4,0.8739,0.0015,0.5037,0.0002,66.1839,0.0221,834.3067,0.0023,572.3656,0.0014,13.0749,0.0064,16.5885,4.0E-4,1.1655,0.0010,0.5037,0.0002,66.1839,0.0221,834.3067,0.0023,572.3656,0.0014,12.7393,0.0080,16.242,5.0E-4,1.4438,0.0013,0.5037,0.0002,66.1839,0.0221,834.3067,0.0023,572.3656,0.0014,12.3760,0.0135,16.0172,8.0E-4,1.7450,0.0022,0.5037,0.0002,66.1839,0.0221,87009,0544m475,8010,0.011669433,17.418476,16.607794,16.253368,16.002378,16.073336,16.484526,14.881485,12.7173,58,1,0.0
59,3,8588,55.13591683083962,-48.62590921258528,REX,0.777873223011235,683.3837,0.0021,751.3934,0.0022,5.2750,0.0085,17.9393,0.0012,1.5065,0.0041,0.9441,0.0008,27.4942,0.671,683.3837,0.0021,751.3934,0.0022,5.5392,0.0060,17.5539,9.0E-4,1.5080,0.0025,0.9441,0.0008,27.4942,0.671,683.3837,0.0021,751.3934,0.0022,5.7913,0.0096,17.3913,0.0014,1.5095,0.0035,0.9441,0.0008,27.4942,0.671,683.3837,0.0021,751.3934,0.0022,6.0642,0.0160,17.2731,0.0021,1.5111,0.0060,0.9441,0.0008,27.4942,0.671,82197,0550m487,8588,0.011558753,17.999365,17.662949,17.52723,17.450293,17.818495,18.271765,16.325787,16.01971,59,3,0.0
59,2,8476,55.13265426951509,-48.62954589610883,SER,0.777873223011235,713.0419,0.0033,701.4488,0.003,4.0021,0.0065,18.9181,0.0012,0.2996,0.0048,0.6564,0.0011,-47.2016,0.156,713.0419,0.0033,701.4488,0.003,3.9587,0.0037,18.7234,0.0011,0.3349,0.0024,0.6564,0.0011,-47.2016,0.156,713.0419,0.0033,701.4488,0.003,3.9173,0.0052,18.6425,0.0018,0.3686,0.0037,0.6564,0.0011,-47.2016,0.156,713.0419,0.0033,701.4488,0.003,3.8725,0.0092,18.5872,0.0026,0.4052,0.0070,0.6564,0.0011,-47.2016,0.156,82197,0550m487,8476,0.011502105,18.867332,18.696972,18.613857,18.563953,19.090052,19.351248,18.000803,14.357141,59,2,0.0
59,1,8165,55.12245913409185,-48.64203615489762,PSF,0.777873223011235,800.4702,0.0061,534.46,0.0055,6.2942,0.0286,19.0857,0.0037,1.3702,0.0115,0.7640,0.0018,-77.3936,0.3251,800.4702,0.0061,534.46,0.0055,5.9702,0.0186,18.3022,0.0023,1.3073,0.0067,0.7640,0.0018,-77.3936,0.3251,800.4702,0.0061,534.46,0.0055,5.6610,0.0182,18.0863,0.0028,1.2473,0.0067,0.7640,0.0018,-77.3936,0.3251,800.4702,0.0061,534.46,0.0055,5.3264,0.0282,17.8155,0.0043,1.1824,0.0116,0.7640,0.0018,-77.3936,0.3251,82197,0550m487,8165,0.011243959,22.560751,22.569918,22.7976,22.576576,19.689568,20.617712,16.161001,13.189478,59,1,0.0
59,4,7533,55.15103067821671,-48.62424917136797,REX,0.777873223011235,545.7068,0.0026,773.3462,0.0023,15.6775,0.0070,16.3512,4.0E-4,0.6246,0.0007,0.8972,0.0002,-51.4057,0.1255,545.7068,0.0026,773.3462,0.0023,15.4344,0.0062,15.9169,4.0E-4,0.9331,0.0005,0.8972,0.0002,-51.4057,0.1255,545.7068,0.0026,773.3462,0.0023,15.2025,0.0103,15.7328,6.0E-4,1.2275,0.0010,0.8972,0.0002,-51.4057,0.1255,545.7068,0.0026,773.3462,0.0023,14.9515,0.0164,15.6249,9.0E-4,1.5462,0.0017,0.8972,0.0002,-51.4057,0.1255,83150,0550m485,7533,0.011718989,16.42207,15.948942,15.725914,15.561255,15.906247,16.312056,13.958205,13.123792,59,4,0.0
60,2,7925,55.61118847941587,-41.14467798349656,SER,1.24389571993059,760.329,0.002,828.524,0.0018,32.1301,0.0115,14.8202,3.0E-4,1.5322,0.0006,0.6008,0.0001,-45.3269,0.0126,760.329,0.002,828.524,0.0018,33.6064,0.0069,14.3513,2.0E-4,1.4636,0.0004,0.6008,0.0001,-45.3269,0.0126,760.329,0.002,828.524,0.0018,35.0150,0.0109,14.1539,3.0E-4,1.3982,0.0005,0.6008,0.0001,-45.3269,0.0126,760.329,0.002,828.524,0.0018,36.5399,0.0192,13.9581,5.0E-4,1.3274,0.0008,0.6008,0.0001,-45.3269,0.0126,112777,0555m412,7925,0.016196558,14.856407,14.359839,14.138651,14.059103,14.68868,15.192921,13.549897,13.22913,60,2,0.004923
60,4,8577,55.63225419210978,-41.14952251705099,SER,1.24389571993059,543.1362,0.0172,761.8956,0.0042,23.4074,0.0219,17.9773,0.0011,0.3215,0.0018,0.1948,0.0002,-76.1876,0.0159,543.1362,0.0172,761.8956,0.0042,23.2410,0.0168,17.5627,8.0E-4,0.4136,0.0011,0.1948,0.0002,-76.1876,0.0159,543.1362,0.0172,761.8956,0.0042,23.0822,0.0271,17.4021,0.0015,0.5014,0.0021,0.1948,0.0002,-76.1876,0.0159,543.1362,0.0172,761.8956,0.0042,22.9104,0.0439,17.2894,0.0023,0.5965,0.0037,0.1948,0.0002,-76.1876,0.0159,112777,0555m412,8577,0.01602056,17.983545,17.540854,17.329906,17.268105,17.81973,18.346998,17.578796,,60,4,0.0
60,1,7924,55.61115773427836,-41.1554598853192,REX,1.24389571993059,760.2231,0.007,679.8684,0.0077,8.0804,0.0216,18.7131,0.0023,0.8793,0.0046,0.8892,0.0016,28.5375,0.6319,760.2231,0.007,679.8684,0.0077,8.0385,0.0191,18.3802,0.0022,1.0846,0.0041,0.8892,0.0016,28.5375,0.6319,760.2231,0.007,679.8684,0.0077,7.9986,0.0338,18.2773,0.0041,1.2804,0.0077,0.8892,0.0016,28.5375,0.6319,760.2231,0.007,679.8684,0.0077,7.9554,0.0543,18.2072,0.0059,1.4924,0.0125,0.8892,0.0016,28.5375,0.6319,112777,0555m412,7924,0.016171342,18.722605,18.39752,18.28644,18.20053,19.205925,19.426176,16.352234,11.847135,60,1,0.0
62,1,10483,57.72755090099398,-38.08460802995427,SER,1.22813698033942,739.717,0.0017,488.3648,0.0012,17.8373,0.0073,16.6968,3.0E-4,1.0490,0.0007,0.7076,0.0002,64.703,0.0244,739.717,0.0017,488.3648,0.0012,17.5046,0.0045,16.0116,4.0E-4,1.2238,0.0004,0.7076,0.0002,64.703,0.0244,739.717,0.0017,488.3648,0.0012,17.1872,0.0060,15.6648,3.0E-4,1.3906,0.0006,0.7076,0.0002,64.703,0.0244,739.717,0.0017,488.3648,0.0012,16.8436,0.0103,15.4792,7.0E-4,1.5711,0.0010,0.7076,0.0002,64.703,0.0244,127222,0577m380,10483,0.013472011,16.63893,15.945167,15.584404,15.372082,15.457781,15.811007,13.970065,13.087752,62,1,0.0
62,2,10649,57.73011576466543,-38.06117170321892,EXP,1.22813698033942,711.9082,0.004,810.1617,0.0077,11.0159,0.0217,18.8671,0.0015,1.0370,0.0032,0.4421,0.0005,15.1165,0.0585,711.9082,0.004,810.1617,0.0077,11.5858,0.0238,18.7122,0.0025,1.1008,0.0032,0.4421,0.0005,15.1165,0.0585,711.9082,0.004,810.1617,0.0077,12.1295,0.0392,18.6628,0.0024,1.1616,0.0053,0.4421,0.0005,15.1165,0.0585,711.9082,0.004,810.1617,0.0077,12.7182,0.0596,18.6043,0.0081,1.2275,0.0081,0.4421,0.0005,15.1165,0.0585,127222,0577m380,10649,0.013639145,18.876032,18.76951,18.760698,18.74153,19.048126,20.649397,19.212755,11.593705,62,2,0.0
62,3,10694,57.73095681634258,-38.04195678843559,SER,1.22813698033942,702.9158,0.0011,1074.2269,0.0018,9.1046,0.0032,17.7656,4.0E-4,0.4001,0.0008,0.4929,0.0001,-31.8752,0.0178,702.9158,0.0011,1074.2269,0.0018,8.6544,0.0020,17.2021,6.0E-4,0.5704,0.0005,0.4929,0.0001,-31.8752,0.0178,702.9158,0.0011,1074.2269,0.0018,8.2247,0.0026,16.9857,3.0E-4,0.7328,0.0008,0.4929,0.0001,-31.8752,0.0178,702.9158,0.0011,1074.2269,0.0018,7.7597,0.0044,16.8276,0.0012,0.9087,0.0014,0.4929,0.0001,-31.8752,0.0178,127222,0577m380,10694,0.013397953,17.769075,17.208548,16.972385,16.785788,16.92697,17.499128,15.351199,12.858568,62,3,0.0
68,4,12694,73.38137624380975,-36.24073564478677,DUP,0.603717416037275,485.7218,0.0016,861.6214,0.0019,74.3136,0.5860,16.6556,0.0041,5.8999,0.0218,0.6635,0.0006,8.8054,0.062,485.7218,0.0016,861.6214,0.0019,70.7885,0.3250,15.7823,0.0023,6.8348,0.0116,0.6635,0.0006,8.8054,0.062,485.7218,0.0016,861.6214,0.0019,67.4251,0.3934,15.4696,0.0028,7.7268,0.0166,0.6635,0.0006,8.8054,0.062,485.7218,0.0016,861.6214,0.0019,63.7842,0.7155,15.2893,0.0053,8.6924,0.0308,0.6635,0.0006,8.8054,0.062,135321,0734m362,12694,0.009605601,Infinity,Infinity,Infinity,Infinity,Infinity,Infinity,Infinity,Infinity,68,4,0.0
68,1,1826,73.34498265667271,-36.24702057351266,SER,0.603717416037275,889.0855,0.007,775.5761,0.005,16.2410,0.0928,18.618,0.0043,1.9818,0.0132,0.6173,0.0013,-55.005,0.1629,889.0855,0.007,775.5761,0.005,14.9553,0.0514,18.2496,0.0027,2.1998,0.0076,0.6173,0.0013,-55.005,0.1629,889.0855,0.007,775.5761,0.005,13.7286,0.0844,18.1498,0.0047,2.4078,0.0143,0.6173,0.0013,-55.005,0.1629,889.0855,0.007,775.5761,0.005,12.4007,0.1522,18.1442,0.0089,2.6329,0.0255,0.6173,0.0013,-55.005,0.1629,135321,0734m362,1826,0.009709291,18.65416,18.203957,18.023327,17.9103,19.028727,19.208858,,13.474765,68,1,0.0
68,3,2667,73.36776031033033,-36.25887232763502,SER,0.603717416037275,636.7284,0.0032,611.9177,0.0036,21.9344,0.5266,18.0686,0.0093,9.5647,0.0984,0.5235,0.0014,1.4535,0.1247,636.7284,0.0032,611.9177,0.0036,23.5083,0.3238,17.6152,0.0054,9.3538,0.0572,0.5235,0.0014,1.4535,0.1247,636.7284,0.0032,611.9177,0.0036,25.0100,0.5302,17.401,0.0086,9.1526,0.0774,0.5235,0.0014,1.4535,0.1247,636.7284,0.0032,611.9177,0.0036,26.6355,0.9203,17.3126,0.0139,8.9347,0.1365,0.5235,0.0014,1.4535,0.1247,135321,0734m362,2667,0.00980965,18.454401,18.061691,17.872519,17.813047,19.254517,19.813044,17.845795,13.588338,68,3,0.0
68,2,2354,73.35924354458093,-36.26736970178203,SER,0.603717416037275,731.7169,0.0027,496.0767,0.0029,2.6045,0.0140,18.8687,0.0026,4.9102,0.0488,0.4407,0.0016,0.9382,0.1161,731.7169,0.0027,496.0767,0.0029,3.4373,0.0100,18.4242,0.0018,4.5231,0.0327,0.4407,0.0016,0.9382,0.1161,731.7169,0.0027,496.0767,0.0029,4.2320,0.0199,18.2929,0.0028,4.1538,0.0326,0.4407,0.0016,0.9382,0.1161,731.7169,0.0027,496.0767,0.0029,5.0922,0.0337,18.0567,0.0042,3.7541,0.0494,0.4407,0.0016,0.9382,0.1161,135321,0734m362,2354,0.009896941,18.855127,18.523739,18.456274,18.317919,18.457367,18.73148,19.167582,,68,2,0.0
186,3,3576,314.4895706185349,-24.94810710824377,SER,0.458365645636481,627.8249,0.0027,911.7556,0.0022,6.5892,0.0421,17.635,0.0041,2.7310,0.0306,0.6486,0.0013,54.526,0.1466,0.0,0.0,0.0,0.0,0.0,0.0,0.0,0.0,0.0,0.0,0.0,0.0,0.0,0.0,627.8249,0.0027,911.7556,0.0022,6.2917,0.0207,16.478,0.0018,3.2618,0.0139,0.6486,0.0013,54.526,0.1466,627.8249,0.0027,911.7556,0.0022,6.1344,0.0343,16.2849,0.0033,3.5424,0.0236,0.6486,0.0013,54.526,0.1466,191940,3144m250,3576,0.06218225,17.670563,Infinity,16.52233,16.363525,16.18135,16.398172,13.983911,12.020897,186,3,0.094365
186,1,3253,314.472846415685,-24.96240135644899,REX,0.458365645636481,836.5536,0.0051,716.8831,0.0054,25.5409,0.2211,17.2984,0.0059,2.7281,0.0188,0.8959,0.0019,-32.2151,0.6369,0.0,0.0,0.0,0.0,0.0,0.0,0.0,0.0,0.0,0.0,0.0,0.0,0.0,0.0,836.5536,0.0051,716.8831,0.0054,18.9165,0.1194,16.4002,0.0039,3.4040,0.0158,0.8959,0.0019,-32.2151,0.6369,836.5536,0.0051,716.8831,0.0054,15.4152,0.1894,16.3528,0.0074,3.7613,0.0241,0.8959,0.0019,-32.2151,0.6369,191940,3144m250,3253,0.062246647,17.656069,Infinity,16.523489,16.266678,16.977415,17.554752,17.453753,,186,1,0.0
186,4,3677,314.4941688273316,-24.96287790106267,SER,0.458365645636481,570.5071,0.0035,709.2769,0.0042,5.4471,0.0097,17.8621,0.0011,0.9389,0.0066,0.7610,0.0010,-8.8131,0.1751,0.0,0.0,0.0,0.0,0.0,0.0,0.0,0.0,0.0,0.0,0.0,0.0,0.0,0.0,570.5071,0.0035,709.2769,0.0042,5.7367,0.0074,16.9866,7.0E-4,0.9464,0.0035,0.7610,0.0010,-8.8131,0.1751,570.5071,0.0035,709.2769,0.0042,5.8898,0.0112,16.8623,0.0018,0.9503,0.0059,0.7610,0.0010,-8.8131,0.1751,191940,3144m250,3677,0.06236795,17.85424,Infinity,17.002031,16.897139,17.028147,17.249165,14.697726,12.439299,186,4,0.0
187,2,4081,314.6599590727831,-48.54114227794305,SER,144.803938840405,785.1103,0.117,910.6826,0.0487,34.1526,0.2958,17.1536,0.0092,0.6656,0.0128,0.1760,0.0009,-67.4217,0.0794,785.1103,0.117,910.6826,0.0487,32.2607,0.1971,16.292,0.0053,0.7170,0.0080,0.1760,0.0009,-67.4217,0.0794,785.1103,0.117,910.6826,0.0487,30.4557,0.2191,15.9178,0.0078,0.7660,0.0100,0.1760,0.0009,-67.4217,0.0794,785.1103,0.117,910.6826,0.0487,28.5017,0.3450,15.6796,0.0108,0.8191,0.0167,0.1760,0.0009,-67.4217,0.0794,83841,3147m485,4081,0.035982043,17.141693,16.261572,15.84508,15.573714,15.530194,16.005468,14.907034,,187,2,0.0
187,1,3968,314.6563806592251,-48.5582969873645,SER,144.803938840405,817.7859,0.0355,675.0313,0.0222,20.8171,0.2138,16.8681,0.0093,1.1719,0.0149,0.4218,0.0016,-58.2867,0.1871,817.7859,0.0355,675.0313,0.0222,20.3458,0.1252,16.0019,0.0048,1.2712,0.0089,0.4218,0.0016,-58.2867,0.1871,817.7859,0.0355,675.0313,0.0222,19.8961,0.1674,15.6462,0.007,1.3660,0.0118,0.4218,0.0016,-58.2867,0.1871,817.7859,0.0355,675.0313,0.0222,19.4094,0.2941,15.4324,0.0124,1.4685,0.0204,0.4218,0.0016,-58.2867,0.1871,83841,3147m485,3968,0.03630866,16.841307,15.987402,15.622879,15.385864,15.599033,16.100025,15.320501,14.64178,187,1,0.0
191,1,2588,322.2946328156277,-31.02284519271748,SER,0.0,0.0,0.0,0.0,0.0,0.0,0.0,0.0,0.0,0.0,0.0,0.0,0.0,0.0,0.0,0.0,0.0,0.0,0.0,0.0,0.0,0.0,0.0,0.0,0.0,0.0,0.0,0.0,0.0,0.0,0.0,0.0,0.0,0.0,0.0,0.0,0.0,0.0,0.0,0.0,0.0,0.0,0.0,0.0,0.0,0.0,0.0,0.0,0.0,0.0,0.0,0.0,0.0,0.0,0.0,0.0,0.0,161384,3222m310,2588,0.05115264,17.451967,Infinity,16.787468,Infinity,17.276234,17.975563,18.274693,15.013217,191,1,0.0
191,2,2918,322.3153191511885,-31.02367979811417,EXP,0.0,0.0,0.0,0.0,0.0,0.0,0.0,0.0,0.0,0.0,0.0,0.0,0.0,0.0,0.0,0.0,0.0,0.0,0.0,0.0,0.0,0.0,0.0,0.0,0.0,0.0,0.0,0.0,0.0,0.0,0.0,0.0,0.0,0.0,0.0,0.0,0.0,0.0,0.0,0.0,0.0,0.0,0.0,0.0,0.0,0.0,0.0,0.0,0.0,0.0,0.0,0.0,0.0,0.0,0.0,0.0,0.0,161384,3222m310,2918,0.05108332,Infinity,Infinity,19.018091,Infinity,17.0209,16.648733,14.810129,,191,2,0.0
191,3,2964,322.3181191668331,-31.02895929460352,EXP,0.0,0.0,0.0,0.0,0.0,0.0,0.0,0.0,0.0,0.0,0.0,0.0,0.0,0.0,0.0,0.0,0.0,0.0,0.0,0.0,0.0,0.0,0.0,0.0,0.0,0.0,0.0,0.0,0.0,0.0,0.0,0.0,0.0,0.0,0.0,0.0,0.0,0.0,0.0,0.0,0.0,0.0,0.0,0.0,0.0,0.0,0.0,0.0,0.0,0.0,0.0,0.0,0.0,0.0,0.0,0.0,0.0,161384,3222m310,2964,0.051160417,Infinity,Infinity,17.469116,Infinity,17.77803,18.290398,15.948809,,191,3,0.0
191,4,3045,322.3234749744349,-31.03881110377744,SER,0.0,0.0,0.0,0.0,0.0,0.0,0.0,0.0,0.0,0.0,0.0,0.0,0.0,0.0,0.0,0.0,0.0,0.0,0.0,0.0,0.0,0.0,0.0,0.0,0.0,0.0,0.0,0.0,0.0,0.0,0.0,0.0,0.0,0.0,0.0,0.0,0.0,0.0,0.0,0.0,0.0,0.0,0.0,0.0,0.0,0.0,0.0,0.0,0.0,0.0,0.0,0.0,0.0,0.0,0.0,0.0,0.0,161384,3222m310,3045,0.051328797,17.722536,Infinity,17.559916,Infinity,17.838354,18.016827,16.113998,,191,4,0.0
198,3,118,334.5284356228768,-25.68926201045797,PSF,0.440347511696941,510.0775,9.0E-4,641.3314,3.0E-4,70.5845,0.0496,15.3616,0.0011,1.1119,0.0014,0.7201,0.0003,50.3887,0.0161,0.0,0.0,0.0,0.0,0.0,0.0,0.0,0.0,0.0,0.0,0.0,0.0,0.0,0.0,510.0775,9.0E-4,641.3314,3.0E-4,80.5692,0.0218,14.924,3.0E-4,1.4792,0.0010,0.7201,0.0003,50.3887,0.0161,510.0775,9.0E-4,641.3314,3.0E-4,85.8465,0.0451,14.7222,8.0E-4,1.6733,0.0009,0.7201,0.0003,50.3887,0.0161,188100,3346m257,118,0.021326184,Infinity,Infinity,21.21792,21.107853,,,,15.971299,198,3,0.009126
198,1,3267,334.4881763011416,-25.69512825316072,PSF,0.440347511696941,1005.7082,0.0151,557.0876,0.0107,6.7974,587.6398,25.4682,13982.7524,2.5662,139.9980,0.6190,0.0025,63.3325,0.2912,0.0,0.0,0.0,0.0,0.0,0.0,0.0,0.0,0.0,0.0,0.0,0.0,0.0,0.0,1005.7082,0.0151,557.0876,0.0107,8.0964,0.0330,17.3669,1.3479,0.9547,0.0100,0.6190,0.0025,63.3325,0.2912,1005.7082,0.0151,557.0876,0.0107,8.7830,310.5949,15.2713,241.602,0.1029,73.9954,0.6190,0.0025,63.3325,0.2912,188099,3343m257,3267,0.020956185,Infinity,Infinity,22.084587,Infinity,21.241585,22.265923,18.034725,,198,1,0.0901
198,4,211,334.5342549875871,-25.66724743330755,SER,0.440347511696941,448.7686,0.0096,944.9012,0.0074,4.1758,0.0450,18.6818,0.0057,3.3056,0.0645,0.4400,0.0038,-79.9983,0.2762,0.0,0.0,0.0,0.0,0.0,0.0,0.0,0.0,0.0,0.0,0.0,0.0,0.0,0.0,448.7686,0.0096,944.9012,0.0074,7.0045,0.1354,18.1148,0.0095,3.9984,0.0671,0.4400,0.0038,-79.9983,0.2762,448.7686,0.0096,944.9012,0.0074,8.4996,0.2063,17.7992,0.012,4.3646,0.0935,0.4400,0.0038,-79.9983,0.2762,188100,3346m257,211,0.02135314,20.936882,Infinity,19.82171,19.536623,20.842384,,18.975735,14.315928,198,4,0.0837
230,3,5015,27.48574877761106,-27.8187794532997,SER,1.3413353490337,640.012,0.0017,680.0001,9.0E-4,24.6328,0.0065,15.1624,2.0E-4,0.9885,0.0006,0.4839,0.0001,-63.1734,0.0066,640.012,0.0017,680.0001,9.0E-4,24.1193,0.0046,14.471,1.0E-4,1.2273,0.0004,0.4839,0.0001,-63.1734,0.0066,640.012,0.0017,680.0001,9.0E-4,23.6294,0.0056,14.1681,2.0E-4,1.4552,0.0005,0.4839,0.0001,-63.1734,0.0066,640.012,0.0017,680.0001,9.0E-4,23.0990,0.0088,13.9075,3.0E-4,1.7018,0.0008,0.4839,0.0001,-63.1734,0.0066,176695,0275m277,5015,0.01670039,15.189421,14.511536,14.166996,13.945402,14.118378,14.531201,12.30531,11.700524,230,3,0.042866
230,4,5257,27.4914190220405,-27.81209212365086,SER,1.3413353490337,570.5805,0.0027,771.8054,0.0039,18.8850,0.0112,16.3359,6.0E-4,0.6959,0.0010,0.6697,0.0002,-24.1292,0.0379,570.5805,0.0027,771.8054,0.0039,18.5512,0.0066,15.7151,4.0E-4,0.9306,0.0006,0.6697,0.0002,-24.1292,0.0379,570.5805,0.0027,771.8054,0.0039,18.2328,0.0098,15.4047,5.0E-4,1.1544,0.0009,0.6697,0.0002,-24.1292,0.0379,570.5805,0.0027,771.8054,0.0039,17.8880,0.0172,15.2261,8.0E-4,1.3968,0.0017,0.6697,0.0002,-24.1292,0.0379,176695,0275m277,5257,0.016820326,16.296076,15.657519,15.336056,15.132566,15.586008,15.901958,13.91207,11.872924,230,4,0.0
230,5,5644,27.50007935114963,-27.81807803003387,SER,1.3413353490337,465.8698,0.0089,689.5929,0.0111,11.6974,0.0356,18.391,0.0028,0.8657,0.0051,0.7610,0.0012,4.9182,0.2799,465.8698,0.0089,689.5929,0.0111,11.1970,0.0264,18.0576,0.0022,1.1557,0.0040,0.7610,0.0012,4.9182,0.2799,465.8698,0.0089,689.5929,0.0111,10.7195,0.0441,17.8944,0.0035,1.4323,0.0076,0.7610,0.0012,4.9182,0.2799,465.8698,0.0089,689.5929,0.0111,10.2026,0.0726,17.8577,0.0059,1.7318,0.0125,0.7610,0.0012,4.9182,0.2799,176695,0275m277,5644,0.016837442,18.411093,18.04078,17.83749,17.752562,18.064203,18.296534,,12.782163,230,5,0.088395
230,1,3942,27.46342358877521,-27.82211553235923,EXP,1.3413353490337,902.0747,0.0093,637.4759,0.0067,8.8767,0.0234,18.8024,0.0025,0.6261,0.0057,0.5092,0.0010,54.436,0.1221,902.0747,0.0093,637.4759,0.0067,8.7764,0.0181,18.4468,0.0021,0.8663,0.0034,0.5092,0.0010,54.436,0.1221,902.0747,0.0093,637.4759,0.0067,8.6807,0.0295,18.2462,0.0032,1.0955,0.0067,0.5092,0.0010,54.436,0.1221,902.0747,0.0093,637.4759,0.0067,8.5772,0.0479,18.2002,0.0047,1.3436,0.0118,0.5092,0.0010,54.436,0.1221,176695,0275m277,3942,0.016425818,21.414001,21.779606,21.835516,22.2171,,,18.600899,15.25013,230,1,0.088744
234,1,1066,66.37509485387507,-64.4484969496396,SER,0.677477027606572,925.284,0.0018,852.6764,0.0019,2.5373,0.0152,18.6209,0.0031,6.2347,0.0659,0.7152,0.0020,12.1358,0.247,925.284,0.0018,852.6764,0.0019,2.8692,0.0102,18.2699,0.0018,6.1686,0.0384,0.7152,0.0020,12.1358,0.247,925.284,0.0018,852.6764,0.0019,3.1859,0.0199,17.9706,0.0032,6.1055,0.0524,0.7152,0.0020,12.1358,0.247,925.284,0.0018,852.6764,0.0019,3.5287,0.0342,17.9479,0.005,6.0373,0.0923,0.7152,0.0020,12.1358,0.247,32351,0666m645,1066,0.03429853,18.679438,18.370573,18.094007,18.121496,18.247541,18.496738,15.844645,15.279074,234,1,0.0
234,2,1101,66.37589592180791,-64.46185690174991,SER,0.677477027606572,920.8969,0.003,668.5832,0.0028,12.1740,0.0066,17.0823,5.0E-4,0.6109,0.0009,0.8526,0.0003,-49.8209,0.1121,920.8969,0.003,668.5832,0.0028,11.9174,0.0056,16.8662,5.0E-4,0.7170,0.0007,0.8526,0.0003,-49.8209,0.1121,920.8969,0.003,668.5832,0.0028,11.6725,0.0094,16.8454,0.001,0.8182,0.0013,0.8526,0.0003,-49.8209,0.1121,920.8969,0.003,668.5832,0.0028,11.4074,0.0151,16.7929,0.0014,0.9277,0.0022,0.8526,0.0003,-49.8209,0.1121,32351,0666m645,1101,0.033957474,17.188608,16.962618,16.926159,16.844656,17.550827,17.919392,16.98145,11.748901,234,2,0.0
234,4,2880,66.431885041347,-64.46400266056607,SER,0.677477027606572,588.7085,0.0039,639.5414,0.0032,7.0719,0.0120,18.4791,0.0013,1.0347,0.0035,0.7746,0.0009,-51.3213,0.1746,588.7085,0.0039,639.5414,0.0032,7.4036,0.0095,18.1923,0.0012,1.0269,0.0019,0.7746,0.0009,-51.3213,0.1746,588.7085,0.0039,639.5414,0.0032,7.7201,0.0166,18.1103,0.0024,1.0195,0.0035,0.7746,0.0009,-51.3213,0.1746,588.7085,0.0039,639.5414,0.0032,8.0628,0.0272,18.0034,0.0034,1.0114,0.0063,0.7746,0.0009,-51.3213,0.1746,32351,0666m645,2880,0.034383718,18.52051,18.265064,18.2194,18.148975,19.051342,19.528643,,13.199039,234,4,0.0
234,5,3970,66.46432422712171,-64.4736664545824,SER,0.677477027606572,396.7473,0.0071,506.8367,0.0054,9.4263,0.0438,18.764,0.0033,1.6831,0.0103,0.6837,0.0015,-66.5348,0.2131,396.7473,0.0071,506.8367,0.0054,9.8340,0.0351,18.4286,0.0027,1.8058,0.0075,0.6837,0.0015,-66.5348,0.2131,396.7473,0.0071,506.8367,0.0054,10.2230,0.0641,18.2776,0.0049,1.9228,0.0130,0.6837,0.0015,-66.5348,0.2131,396.7473,0.0071,506.8367,0.0054,10.6441,0.1053,18.1644,0.0074,2.0495,0.0216,0.6837,0.0015,-66.5348,0.2131,32351,0666m645,3970,0.034652293,18.905342,18.58608,18.472834,18.390858,19.169249,19.802036,17.527699,,234,5,0.0
235,4,10060,66.75788923904496,-49.1245573541696,DUP,2.02397369168898,535.3642,0.0012,617.0504,0.0014,27.9568,0.0766,15.7577,0.0014,4.9827,0.0093,0.6726,0.0003,10.1233,0.0391,535.3642,0.0012,617.0504,0.0014,25.6698,0.0494,14.9043,0.001,4.9662,0.0060,0.6726,0.0003,10.1233,0.0391,535.3642,0.0012,617.0504,0.0014,23.4878,0.0441,14.5619,0.001,4.9504,0.0058,0.6726,0.0003,10.1233,0.0391,535.3642,0.0012,617.0504,0.0014,21.1257,0.0667,14.3542,0.0016,4.9333,0.0090,0.6726,0.0003,10.1233,0.0391,81279,0666m490,10060,0.019797854,Infinity,Infinity,Infinity,Infinity,Infinity,Infinity,Infinity,Infinity,235,4,0.0
235,5,8148,66.77262982968402,-49.11473712347369,SER,2.02397369168898,407.1009,0.0016,749.3088,8.0E-4,14.3443,0.0090,15.5293,4.0E-4,2.0111,0.0016,0.4783,0.0001,77.02,0.013,407.1009,0.0016,749.3088,8.0E-4,14.4464,0.0055,14.872,3.0E-4,1.9171,0.0009,0.4783,0.0001,77.02,0.013,407.1009,0.0016,749.3088,8.0E-4,14.5437,0.0066,14.678,4.0E-4,1.8274,0.0009,0.4783,0.0001,77.02,0.013,407.1009,0.0016,749.3088,8.0E-4,14.6492,0.0112,14.4511,5.0E-4,1.7303,0.0015,0.4783,0.0001,77.02,0.013,81279,0666m490,8148,0.019724023,15.723197,15.030225,14.719966,14.528512,14.943882,15.4426,13.423775,,235,5,0.05828
235,1,6575,66.71578600950266,-49.11614529629508,REX,2.02397369168898,913.7439,0.0042,732.6036,0.0045,11.1824,0.0154,16.9969,0.0012,1.0916,0.0024,0.9483,0.0007,5.4123,0.5946,913.7439,0.0042,732.6036,0.0045,11.0889,0.0101,16.6266,8.0E-4,1.2309,0.0015,0.9483,0.0007,5.4123,0.5946,913.7439,0.0042,732.6036,0.0045,10.9997,0.0168,16.476,0.0014,1.3639,0.0026,0.9483,0.0007,5.4123,0.5946,913.7439,0.0042,732.6036,0.0045,10.9031,0.0286,16.3962,0.0022,1.5078,0.0045,0.9483,0.0007,5.4123,0.5946,81279,0666m490,6575,0.02021754,17.078983,16.700003,16.501606,16.463678,16.765846,17.158281,14.911572,13.767239,235,1,0.0
235,2,6922,66.72834628857257,-49.1176649251292,SER,2.02397369168898,801.1431,0.0159,711.9068,0.0123,13.1183,0.1179,18.6302,0.0068,1.8101,0.0190,0.6933,0.0023,-86.7231,0.3817,801.1431,0.0159,711.9068,0.0123,12.6553,0.0697,18.3628,0.0044,1.8449,0.0112,0.6933,0.0023,-86.7231,0.3817,801.1431,0.0159,711.9068,0.0123,12.2135,0.1160,18.2575,0.008,1.8781,0.0194,0.6933,0.0023,-86.7231,0.3817,801.1431,0.0159,711.9068,0.0123,11.7353,0.2042,18.244,0.0138,1.9140,0.0343,0.6933,0.0023,-86.7231,0.3817,81279,0666m490,6922,0.02005361,18.373566,18.072979,17.95097,17.898602,,,,,235,2,0.0
235,3,10927,66.73140597687143,-49.12506145178234,SER,2.02397369168898,773.578,0.003,610.4316,0.0024,12.5096,0.0367,16.9043,0.0018,2.8768,0.0081,0.6732,0.0007,-66.2668,0.0913,773.578,0.003,610.4316,0.0024,13.5065,0.0253,16.5169,0.0012,3.0526,0.0051,0.6732,0.0007,-66.2668,0.0913,773.578,0.003,610.4316,0.0024,14.4576,0.0453,16.3004,0.002,3.2204,0.0075,0.6732,0.0007,-66.2668,0.0913,773.578,0.003,610.4316,0.0024,15.4873,0.0767,16.1452,0.0029,3.4020,0.0129,0.6732,0.0007,-66.2668,0.0913,80334,0665m492,10927,0.020014493,16.603977,16.250761,16.09803,15.989478,16.49382,16.894287,15.411119,13.404518,235,3,0.0
236,1,5222,69.2653149436005,-46.70667876176086,EXP,0.602083668742854,956.8965,0.0033,441.9735,0.0036,11.5986,0.0097,17.3518,8.0E-4,0.8362,0.0016,0.8937,0.0004,22.5065,0.1947,956.8965,0.0033,441.9735,0.0036,11.3660,0.0062,16.737,5.0E-4,0.9328,0.0010,0.8937,0.0004,22.5065,0.1947,956.8965,0.0033,441.9735,0.0036,11.1441,0.0080,16.4769,8.0E-4,1.0249,0.0013,0.8937,0.0004,22.5065,0.1947,956.8965,0.0033,441.9735,0.0036,10.9039,0.0133,16.3122,0.001,1.1247,0.0022,0.8937,0.0004,22.5065,0.1947,89994,0692m467,5222,0.009023707,17.376299,16.754356,16.484907,16.297022,16.684439,17.199217,15.654359,,236,1,0.0
236,5,6641,69.31889408980804,-46.68418047490785,SER,0.602083668742854,452.2206,0.0025,752.0827,0.0011,26.0685,0.0075,15.7177,3.0E-4,0.7909,0.0006,0.3984,0.0001,-83.4866,0.0069,452.2206,0.0025,752.0827,0.0011,25.5605,0.0047,15.0089,2.0E-4,1.0048,0.0004,0.3984,0.0001,-83.4866,0.0069,452.2206,0.0025,752.0827,0.0011,25.0757,0.0062,14.6896,3.0E-4,1.2089,0.0005,0.3984,0.0001,-83.4866,0.0069,452.2206,0.0025,752.0827,0.0011,24.5509,0.0104,14.4377,3.0E-4,1.4299,0.0008,0.3984,0.0001,-83.4866,0.0069,89994,0692m467,6641,0.009775669,15.73619,15.033184,14.69799,14.484118,14.511899,14.714786,12.77519,11.869711,236,5,0.0
236,2,5508,69.27603373592217,-46.6978590063849,SER,0.602083668742854,856.1166,0.0068,563.4205,0.0075,17.7957,0.0333,18.0819,0.0018,0.8174,0.0030,0.5218,0.0005,-42.1183,0.0672,856.1166,0.0068,563.4205,0.0075,17.7556,0.0237,17.4673,0.0013,1.0883,0.0021,0.5218,0.0005,-42.1183,0.0672,856.1166,0.0068,563.4205,0.0075,17.7173,0.0380,17.1759,0.0021,1.3469,0.0034,0.5218,0.0005,-42.1183,0.0672,856.1166,0.0068,563.4205,0.0075,17.6759,0.0628,17.0212,0.0028,1.6267,0.0058,0.5218,0.0005,-42.1183,0.0672,89994,0692m467,5508,0.00923022,17.961975,17.354485,17.05697,16.880953,17.983908,18.688906,,,236,2,0.0
236,4,6490,69.31406448948452,-46.67005421537799,SER,0.602083668742854,498.2743,0.0032,945.9786,0.0039,11.0255,0.0154,17.6558,0.0012,1.1429,0.0028,0.6616,0.0005,39.8896,0.0812,498.2743,0.0032,945.9786,0.0039,10.6155,0.0096,17.314,8.0E-4,1.1360,0.0018,0.6616,0.0005,39.8896,0.0812,498.2743,0.0032,945.9786,0.0039,10.2243,0.0126,17.2079,0.0014,1.1293,0.0024,0.6616,0.0005,39.8896,0.0812,498.2743,0.0032,945.9786,0.0039,9.8008,0.0214,17.1175,0.0018,1.1222,0.0040,0.6616,0.0005,39.8896,0.0812,89994,0692m467,6490,0.009968031,17.695797,17.328705,17.188545,17.075012,17.57196,18.131598,16.009148,14.220016,236,4,0.0
269,6,18158,50.28122061266026,-33.90572373860297,DUP,4.88715738216537,381.7391,0.0014,673.9299,0.0012,185.1317,0.5272,14.8607,0.0011,9.7758,0.0093,0.7383,0.0003,-84.769,0.0425,381.7391,0.0014,673.9299,0.0012,123.4192,0.3432,14.3983,0.0012,7.7704,0.0076,0.7383,0.0003,-84.769,0.0425,381.7391,0.0014,673.9299,0.0012,64.5368,0.1745,14.4516,0.0012,5.8570,0.0069,0.7383,0.0003,-84.769,0.0425,381.7391,0.0014,673.9299,0.0012,0.7968,0.0889,19.6389,0.0228,3.7858,0.0077,0.7383,0.0003,-84.769,0.0425,145861,0504m340,18158,0.010638976,Infinity,Infinity,Infinity,Infinity,Infinity,Infinity,Infinity,Infinity,269,6,0.070142
269,1,15015,50.22237378454348,-33.89353706874672,SER,4.88715738216537,1052.8425,0.0066,841.2365,0.009,13.7573,0.0713,18.5641,0.0035,1.8125,0.0110,0.6552,0.0014,-12.276,0.1925,1052.8425,0.0066,841.2365,0.009,12.7913,0.0422,18.1533,0.003,1.8780,0.0059,0.6552,0.0014,-12.276,0.1925,1052.8425,0.0066,841.2365,0.009,11.8696,0.0576,18.0013,0.0029,1.9404,0.0095,0.6552,0.0014,-12.276,0.1925,1052.8425,0.0066,841.2365,0.009,10.8719,0.1008,17.9606,0.0087,2.0079,0.0173,0.6552,0.0014,-12.276,0.1925,145860,0501m340,15015,0.010570562,18.61958,18.140747,17.927832,17.804594,18.568823,19.073416,17.225285,,269,1,0.0707
269,5,17554,50.2660938105619,-33.90201401410077,SER,4.88715738216537,554.6242,0.0024,724.7357,0.0029,12.9796,0.0097,17.2015,7.0E-4,0.8085,0.0013,0.7901,0.0004,-6.347,0.0829,554.6242,0.0024,724.7357,0.0029,12.5349,0.0072,16.4664,9.0E-4,1.2559,0.0011,0.7901,0.0004,-6.347,0.0829,554.6242,0.0024,724.7357,0.0029,12.1106,0.0109,16.1266,6.0E-4,1.6827,0.0018,0.7901,0.0004,-6.347,0.0829,554.6242,0.0024,724.7357,0.0029,11.6514,0.0177,15.9063,0.0015,2.1448,0.0029,0.7901,0.0004,-6.347,0.0829,145860,0501m340,17554,0.010611529,17.225054,16.47459,16.118252,15.857105,15.715256,15.893703,13.865558,,269,5,0.0715
269,3,16666,50.25125623143664,-33.90354123982974,SER,4.88715738216537,723.5219,0.0026,704.0121,0.006,8.7484,0.0096,18.4124,0.0011,0.5840,0.0030,0.2636,0.0003,5.6954,0.0296,723.5219,0.0026,704.0121,0.006,9.1416,0.0080,18.1703,0.002,0.6130,0.0018,0.2636,0.0003,5.6954,0.0296,723.5219,0.0026,704.0121,0.006,9.5167,0.0129,18.0391,0.0013,0.6407,0.0030,0.2636,0.0003,5.6954,0.0296,723.5219,0.0026,704.0121,0.006,9.9227,0.0204,17.9497,0.0058,0.6707,0.0053,0.2636,0.0003,5.6954,0.0296,145860,0501m340,16666,0.010583885,18.398314,18.196493,18.077147,18.017496,18.668922,18.838171,,,269,3,0.0568
269,2,15976,50.23973999107268,-33.9067246811413,SER,4.88715738216537,854.8694,0.0026,659.9261,0.0015,10.6903,0.0152,17.4078,0.001,1.6373,0.0034,0.6779,0.0005,61.0903,0.0741,854.8694,0.0026,659.9261,0.0015,10.2368,0.0101,16.9664,0.0012,1.8409,0.0024,0.6779,0.0005,61.0903,0.0741,854.8694,0.0026,659.9261,0.0015,9.8041,0.0154,16.7923,0.001,2.0351,0.0038,0.6779,0.0005,61.0903,0.0741,854.8694,0.0026,659.9261,0.0015,9.3357,0.0260,16.7055,0.0027,2.2453,0.0064,0.6779,0.0005,61.0903,0.0741,145860,0501m340,15976,0.010571474,17.476265,17.00831,16.808578,16.667246,17.00113,17.53033,15.628809,12.431578,269,2,0.0
270,4,10312,61.54860082846632,-36.9374787358167,SER,0.605800785184517,655.9765,0.0012,585.7523,0.0014,25.1009,0.0513,16.6037,0.0012,2.5472,0.0042,0.7608,0.0003,-5.3792,0.0516,655.9765,0.0012,585.7523,0.0014,31.0539,0.0405,15.6714,7.0E-4,3.7289,0.0030,0.7608,0.0003,-5.3792,0.0516,655.9765,0.0012,585.7523,0.0014,36.7340,0.0753,15.252,0.001,4.8564,0.0048,0.7608,0.0003,-5.3792,0.0516,655.9765,0.0012,585.7523,0.0014,42.8826,0.1247,14.9743,0.0013,6.0770,0.0080,0.7608,0.0003,-5.3792,0.0516,131812,0614m370,10312,0.0049562813,16.180288,15.356356,14.997219,14.722928,15.335868,15.742857,16.067839,12.757032,270,4,0.0
270,3,10039,61.5408153022654,-36.92380881162721,SER,0.605800785184517,741.5149,0.0046,773.5641,0.0075,12.5388,0.0355,18.4529,0.0024,1.2430,0.0058,0.5085,0.0008,-23.2198,0.0851,741.5149,0.0046,773.5641,0.0075,11.9283,0.0203,18.0731,0.0015,1.4004,0.0034,0.5085,0.0008,-23.2198,0.0851,741.5149,0.0046,773.5641,0.0075,11.3458,0.0332,17.9524,0.0025,1.5506,0.0059,0.5085,0.0008,-23.2198,0.0851,741.5149,0.0046,773.5641,0.0075,10.7153,0.0591,17.9183,0.0046,1.7132,0.0104,0.5085,0.0008,-23.2198,0.0851,131812,0614m370,10039,0.00507342,18.461485,18.042028,17.874681,17.766195,18.496897,18.919127,21.200773,13.817498,270,3,0.0
270,2,9650,61.52991180576929,-36.92332255369563,REX,0.605800785184517,863.93,0.0049,771.6669,0.0028,3.8037,0.0115,19.4837,0.0016,0.7278,0.0124,0.2426,0.0014,-71.3233,0.0847,863.93,0.0049,771.6669,0.0028,3.8353,0.0051,19.1496,0.0013,0.8013,0.0065,0.2426,0.0014,-71.3233,0.0847,863.93,0.0049,771.6669,0.0028,3.8654,0.0077,19.0238,0.0019,0.8714,0.0094,0.2426,0.0014,-71.3233,0.0847,863.93,0.0049,771.6669,0.0028,3.8980,0.0156,18.9631,0.003,0.9473,0.0175,0.2426,0.0014,-71.3233,0.0847,131812,0614m370,9650,0.00516651,24.225256,24.062807,23.745213,23.83813,22.354637,23.906765,19.242224,,270,2,0.0
270,1,9554,61.52707183891137,-36.94244818954368,REX,0.605800785184517,892.5456,0.0019,517.5305,0.0018,8.6787,0.0067,17.6298,8.0E-4,0.8284,0.0016,0.8996,0.0003,47.5307,0.1724,892.5456,0.0019,517.5305,0.0018,8.6805,0.0039,16.9495,4.0E-4,0.9469,0.0010,0.8996,0.0003,47.5307,0.1724,892.5456,0.0019,517.5305,0.0018,8.6822,0.0054,16.6486,6.0E-4,1.0601,0.0013,0.8996,0.0003,47.5307,0.1724,892.5456,0.0019,517.5305,0.0018,8.6841,0.0094,16.4347,0.001,1.1825,0.0022,0.8996,0.0003,47.5307,0.1724,131812,0614m370,9554,0.0049441545,17.63872,16.961119,16.670757,16.450592,16.659111,17.087059,15.186111,13.792893,270,1,0.0
271,6,5509,72.47271881132448,-73.07555121431152,PSF,2.13999375025007,348.6409,0.0011,593.4772,0.001,15.6356,0.0352,15.2214,0.0012,4.3735,0.0084,0.9162,0.0003,69.0982,0.1466,348.6409,0.0011,593.4772,0.001,15.6777,0.0202,14.3193,6.0E-4,4.8464,0.0048,0.9162,0.0003,69.0982,0.1466,348.6409,0.0011,593.4772,0.001,15.7180,0.0235,13.9406,7.0E-4,5.2976,0.0055,0.9162,0.0003,69.0982,0.1466,348.6409,0.0011,593.4772,0.001,15.7616,0.0416,13.6498,0.0012,5.7860,0.0096,0.9162,0.0003,69.0982,0.1466,14563,0722m730,5509,0.11247132,18.752567,18.173944,18.079416,17.92394,Infinity,Infinity,Infinity,Infinity,271,6,0.027449
271,4,4816,72.39819006470766,-73.05513940680447,PSF,2.13999375025007,644.9265,0.0018,881.5371,0.0019,6.1011,0.0215,16.873,0.002,3.5261,0.0148,0.8429,0.0009,-16.199,0.1961,644.9265,0.0018,881.5371,0.0019,6.4055,0.0130,16.1226,0.0012,3.3344,0.0090,0.8429,0.0009,-16.199,0.1961,644.9265,0.0018,881.5371,0.0019,6.6960,0.0148,15.8783,0.0013,3.1515,0.0077,0.8429,0.0009,-16.199,0.1961,644.9265,0.0018,881.5371,0.0019,7.0105,0.0253,15.6159,0.0023,2.9534,0.0126,0.8429,0.0009,-16.199,0.1961,14563,0722m730,4816,0.11286391,17.80083,17.177715,17.161463,16.950212,Infinity,Infinity,Infinity,Infinity,271,4,0.0
