Group,Gal,ID,ra,dec,type,CHI2NU,XC_g,e_XC_g,YC_g,e_YC_g,RE_g,e_RE_g,MAG_g,e_MAG_g,n_g,e_n_g,AR_g,e_AR_g,PA_g,e_PA_g,XC_r,e_XC_r,YC_r,e_YC_r,RE_r,e_RE_r,MAG_r,e_MAG_r,n_r,e_n_r,AR_r,e_AR_r,PA_r,e_PA_r,XC_i,e_XC_i,YC_i,e_YC_i,RE_i,e_RE_i,MAG_i,e_MAG_i,n_i,e_n_i,AR_i,e_AR_i,PA_i,e_PA_i,XC_z,e_XC_z,YC_z,e_YC_z,RE_z,e_RE_z,MAG_z,e_MAG_z,n_z,e_n_z,AR_z,e_AR_z,PA_z,e_PA_z,brickid,brickname,objid,type_2,ebv,flux_g,flux_r,flux_i,flux_z,psfsize_g,psfsize_r,psfsize_i,psfsize_z,sersic,sersic_ivar,shape_r,shape_r_ivar,shape_e1,shape_e1_ivar,shape_e2,shape_e2_ivar,mag_g,mag_r,mag_i,mag_z,mag_w1,mag_w2,mag_w3,mag_w4,g_r,r_i,r_z,i_z,_RAJ2000,_DEJ2000,RAJ2000,DEJ2000,zmemb,gmemb,FUV,NUV,Simbad,Separation
20,1,1471,13.04012577583562,-1.119177251059751,SER,0.550881294713299,756.9186,0.002,659.4763,0.0047,34.2949,0.0154,16.5489,5.0E-4,0.7657,0.0009,0.2277,1.0E-4,-23.0521,0.0058,756.9186,0.002,659.4763,0.0047,32.8672,0.0116,15.8441,3.0E-4,0.9628,0.0006,0.2277,1.0E-4,-23.0521,0.0058,756.9186,0.002,659.4763,0.0047,31.5050,0.0134,15.5299,3.0E-4,1.1508,0.0007,0.2277,1.0E-4,-23.0521,0.0058,756.9186,0.002,659.4763,0.0047,30.0303,0.0195,15.2787,5.0E-4,1.3544,0.0013,0.2277,1.0E-4,-23.0521,0.0058,324660,0131m010,1471,SER,0.051570516,230.60197,448.92276,636.275,798.9123,1.2603335,1.2122216,1.1767341,1.1621677,1.057419,1638754.4,8.487607,247327.45,0.43531945,5.4462148E7,-0.45720544,5.4293176E7,16.592842,15.869571,15.490888,15.243752,15.001912,15.345359,13.093337,12.205332,0.72327137,0.3786831,0.62581825,0.24713516,13.0404167,-1.1191389,00 52 09.70,-01 07 08.9,0.041238,,19.5171,18.6617,Simbad,0.0
20,3,1935,13.04660065707238,-1.128448197229796,EXP,0.550881294713299,676.7578,0.0047,519.8303,0.0034,13.8501,0.0278,17.9135,0.0018,1.2425,0.0039,0.6732,5.0E-4,-64.1641,0.0925,676.7578,0.0047,519.8303,0.0034,12.7863,0.0145,17.4785,0.001,1.3475,0.0020,0.6732,5.0E-4,-64.1641,0.0925,676.7578,0.0047,519.8303,0.0034,11.7714,0.0170,17.2249,0.0012,1.4478,0.0029,0.6732,5.0E-4,-64.1641,0.0925,676.7578,0.0047,519.8303,0.0034,10.6727,0.0325,17.1916,0.0025,1.5562,0.0053,0.6732,5.0E-4,-64.1641,0.0925,323220,0131m012,1935,EXP,0.051507268,3.4392571,3.2952976,3.358729,2.7863362,1.2609787,1.2108105,1.1729822,1.1568494,1.0,0.0,2.0052536,2357.357,-0.2930719,10150.253,-0.35053492,11807.057,21.158838,21.205263,21.184563,21.387417,,,,,-0.046424866,0.020700455,-0.1821537,-0.20285416,13.0462083,-1.1287222,00 52 11.09,-01 07 43.4,0.104819,,19.9696,18.953,Simbad,0.0
20,2,1536,13.04231588811046,-1.109083549669928,REX,0.550881294713299,723.3525,0.0038,783.534,0.0051,2.8661,0.0112,19.7399,0.0022,1.0814,0.0223,0.5483,0.0021,12.1869,0.2279,723.3525,0.0038,783.534,0.0051,3.0283,0.0066,19.4675,0.0018,1.1854,0.0108,0.5483,0.0021,12.1869,0.2279,723.3525,0.0038,783.534,0.0051,3.1832,0.0103,19.3441,0.0025,1.2846,0.0159,0.5483,0.0021,12.1869,0.2279,723.3525,0.0038,783.534,0.0051,3.3508,0.0180,19.2356,0.004,1.3920,0.0308,0.5483,0.0021,12.1869,0.2279,324660,0131m010,1536,REX,0.051510766,0.25799054,0.4023387,0.48846605,0.14988658,1.2603335,1.2122216,1.1767341,1.1717132,1.0,0.0,1.2333512,88.353714,0.0,0.0,0.0,0.0,23.970991,23.48852,23.277914,24.560593,,,17.390049,,0.48247147,0.21060562,-1.072073,-1.2826786,13.0429583,-1.1094444,00 52 10.31,-01 06 34.0,0.0,,19.9459,20.2035,Simbad,0.0
20,4,1904,13.05099114252429,-1.111288683922806,SER,0.550881294713299,607.4764,0.0036,767.6451,0.0014,15.2334,0.0130,17.4378,8.0E-4,0.9530,0.0019,0.2954,1.0E-4,78.0638,0.0124,607.4764,0.0036,767.6451,0.0014,14.5706,0.0083,16.8177,5.0E-4,1.0009,0.0011,0.2954,1.0E-4,78.0638,0.0124,607.4764,0.0036,767.6451,0.0014,13.9382,0.0088,16.5724,5.0E-4,1.0466,0.0013,0.2954,1.0E-4,78.0638,0.0124,607.4764,0.0036,767.6451,0.0014,13.2537,0.0143,16.3689,9.0E-4,1.0961,0.0022,0.2954,1.0E-4,78.0638,0.0124,324660,0131m010,1904,SER,0.05183192,103.06562,185.43976,246.9346,294.73126,1.2603335,1.2122216,1.1767341,1.1621677,1.0325946,545989.94,3.784927,491015.25,-0.49770728,1.7308538E7,0.21910955,1.2051584E7,17.467215,16.829493,16.518545,16.326435,16.46787,16.92776,14.921985,13.97155,0.637722,0.31094742,0.5030575,0.19211006,13.051125,-1.11125,00 52 12.27,-01 06 40.5,0.0413,,19.6992,19.3486,Simbad,0.0
26,4,7828,16.84741713183292,-32.8290673708472,SER,0.793479330916477,430.8808,4.0E-4,765.8698,8.0E-4,13.6116,0.0037,15.9679,2.0E-4,1.2265,0.0009,0.3725,1.0E-4,16.5187,0.0053,430.8808,4.0E-4,765.8698,8.0E-4,12.2773,0.0024,15.0434,1.0E-4,1.3947,0.0006,0.3725,1.0E-4,16.5187,0.0053,430.8808,4.0E-4,765.8698,8.0E-4,11.0043,0.0021,14.7278,1.0E-4,1.5551,0.0006,0.3725,1.0E-4,16.5187,0.0053,430.8808,4.0E-4,765.8698,8.0E-4,9.6262,0.0033,14.4175,2.0E-4,1.7287,0.0010,0.3725,1.0E-4,16.5187,0.0053,151766,0167m327,7828,SER,0.028982436,414.1549,920.47723,1297.2289,1622.3225,1.373282,1.2616813,1.158947,1.0554078,1.5113742,4127151.8,3.0896199,5022205.0,0.37618887,1.33092096E8,0.22846216,1.1363932E8,15.957093,15.089968,14.717459,14.474657,14.970778,15.49166,15.527465,,0.8671255,0.372509,0.61531067,0.24280167,16.8474167,-32.8291111,01 07 23.38,-32 49 44.8,0.035811,,19.5974,18.7922,Simbad,0.0
26,3,9564,16.83293887916162,-32.8317691155815,DUP,0.793479330916477,597.545,0.0023,728.8289,0.002,19.4817,0.0051,16.4851,3.0E-4,0.5078,0.0006,0.2544,1.0E-4,49.8399,0.0051,597.545,0.0023,728.8289,0.002,19.1042,0.0032,15.7766,2.0E-4,0.6747,0.0004,0.2544,1.0E-4,49.8399,0.0051,597.545,0.0023,728.8289,0.002,18.7440,0.0043,15.4747,3.0E-4,0.8339,0.0005,0.2544,1.0E-4,49.8399,0.0051,597.545,0.0023,728.8289,0.002,18.3540,0.0073,15.1926,4.0E-4,1.0063,0.0009,0.2544,1.0E-4,49.8399,0.0051,151766,0167m327,9564,DUP,0.029134303,0.0,0.0,0.0,0.0,1.373282,1.2616813,1.158947,1.0554078,0.0,0.0,0.0,0.0,0.0,0.0,0.0,0.0,Infinity,Infinity,Infinity,Infinity,Infinity,Infinity,Infinity,Infinity,,,,,16.8327917,-32.8316944,01 07 19.87,-32 49 54.1,0.035194,,19.3174,18.4741,Simbad,0.0
26,1,6445,16.80270840320432,-32.83567747715625,REX,0.793479330916477,946.9052,0.0086,674.7874,0.0092,16.5053,0.0287,17.7552,0.0016,0.9076,0.0025,0.9179,7.0E-4,6.0452,0.4959,946.9052,0.0086,674.7874,0.0092,16.3148,0.0209,17.2521,0.0013,1.0749,0.0018,0.9179,7.0E-4,6.0452,0.4959,946.9052,0.0086,674.7874,0.0092,16.1330,0.0340,17.0554,0.002,1.2345,0.0030,0.9179,7.0E-4,6.0452,0.4959,946.9052,0.0086,674.7874,0.0092,15.9363,0.0559,16.9425,0.0032,1.4073,0.0051,0.9179,7.0E-4,6.0452,0.4959,151766,0167m327,6445,REX,0.029552748,73.49026,117.93108,143.41069,163.30852,1.373282,1.2616813,1.158947,1.0554078,1.0,0.0,3.9109726,137954.42,0.0,0.0,0.0,0.0,17.834425,17.320929,17.108545,16.967478,17.419529,18.017485,18.834425,,0.5134964,0.21238327,0.35345078,0.1410675,16.8027083,-32.8356111,01 07 12.65,-32 50 08.2,0.0643,,19.734,19.2631,Simbad,0.0
26,2,6928,16.81804207117206,-32.8427817921172,EXP,0.793479330916477,771.6877,0.0227,576.8618,0.0145,16.8836,0.0594,18.7241,0.0031,0.9028,0.0049,0.6097,0.0012,75.451,0.1868,771.6877,0.0227,576.8618,0.0145,16.5453,0.0470,18.4686,0.003,0.9463,0.0036,0.6097,0.0012,75.451,0.1868,771.6877,0.0227,576.8618,0.0145,16.2226,0.0774,18.3982,0.0052,0.9877,0.0065,0.6097,0.0012,75.451,0.1868,771.6877,0.0227,576.8618,0.0145,15.8732,0.1251,18.3596,0.0083,1.0326,0.0108,0.6097,0.0012,75.451,0.1868,151766,0167m327,6928,EXP,0.029327404,25.418844,33.354465,36.752907,39.609005,1.355775,1.232342,1.1533581,1.0554078,1.0,0.0,3.6908345,25825.373,-0.16000912,431265.97,0.12021231,354179.22,18.98711,18.692116,18.586771,18.505516,20.840569,19.185719,,11.086848,0.29499435,0.10534477,0.18659973,0.08125496,16.8177917,-32.8426111,01 07 16.27,-32 50 33.4,0.0638,,20.0433,19.8393,Simbad,0.0
28,4,10387,20.29108124601455,-32.04061563232854,SER,0.617147559289692,401.5528,0.0027,856.7382,0.004,17.4979,0.0183,17.048,9.0E-4,1.2767,0.0019,0.6056,3.0E-4,13.1909,0.0406,401.5528,0.0027,856.7382,0.004,17.0540,0.0110,16.5993,6.0E-4,1.3601,0.0011,0.6056,3.0E-4,13.1909,0.0406,401.5528,0.0027,856.7382,0.004,16.6306,0.0151,16.4486,8.0E-4,1.4396,0.0016,0.6056,3.0E-4,13.1909,0.0406,401.5528,0.0027,856.7382,0.004,16.1721,0.0262,16.3509,0.0013,1.5256,0.0028,0.6056,3.0E-4,13.1909,0.0406,155430,0201m320,10387,SER,0.026457714,147.64113,227.36023,279.70554,302.693,1.3119237,1.1694787,1.2061014,1.3767923,1.4024835,417332.16,4.495675,281279.28,0.22286202,9837160.0,0.10895344,6310693.0,17.076982,16.608213,16.383247,16.297495,16.879856,17.385614,15.93232,16.234596,0.46876907,0.22496605,0.31071854,0.08575249,20.2909167,-32.0405,01 21 09.82,-32 02 25.8,0.0352,,19.0883,18.6107,Simbad,0.0
28,3,9981,20.27815691689498,-32.0500743178396,SER,0.617147559289692,546.6294,0.0067,726.468,0.0029,10.0835,0.0103,18.3549,9.0E-4,0.5430,0.0024,0.3559,3.0E-4,77.5412,0.0319,546.6294,0.0067,726.468,0.0029,10.3687,0.0077,18.0226,8.0E-4,0.6275,0.0013,0.3559,3.0E-4,77.5412,0.0319,546.6294,0.0067,726.468,0.0029,10.6408,0.0122,17.8654,0.0014,0.7082,0.0023,0.3559,3.0E-4,77.5412,0.0319,546.6294,0.0067,726.468,0.0029,10.9353,0.0198,17.8132,0.0017,0.7955,0.0042,0.3559,3.0E-4,77.5412,0.0319,155430,0201m320,9981,SER,0.02635827,24.378428,26.56906,24.89392,24.253307,1.3363308,1.1683176,1.1561024,1.4143497,2.165948,5870.638,3.2210474,72514.13,-0.13277137,280899.56,0.49179408,456306.38,19.032486,18.93906,19.009768,19.038073,,,,,0.09342575,-0.07070732,-0.099012375,-0.028305054,20.2784167,-32.0501111,01 21 06.82,-32 03 00.4,0.0722,,20.1093,19.6308,Simbad,0.0
28,2,9141,20.2526136443005,-32.05851136884929,SER,0.617147559289692,849.7222,0.0033,610.7536,0.0021,21.0406,0.0133,16.9935,6.0E-4,0.8906,0.0011,0.416,1.0E-4,57.5414,0.0156,849.7222,0.0033,610.7536,0.0021,20.6192,0.0080,16.3403,4.0E-4,1.1242,0.0006,0.416,1.0E-4,57.5414,0.0156,849.7222,0.0033,610.7536,0.0021,20.2171,0.0114,16.0329,6.0E-4,1.3470,0.0010,0.416,1.0E-4,57.5414,0.0156,849.7222,0.0033,610.7536,0.0021,19.7818,0.0198,15.8518,8.0E-4,1.5883,0.0017,0.416,1.0E-4,57.5414,0.0156,155430,0201m320,9141,SER,0.026182787,148.43083,272.79367,368.0071,444.52142,1.3678213,1.1870127,1.1909599,1.4143497,1.1008254,868519.5,5.104048,411549.56,-0.19427054,1.4601179E7,0.3673773,2.2643144E7,17.07119,16.410414,16.08536,15.880268,16.026674,16.470709,14.870979,13.69465,0.66077614,0.32505417,0.53014565,0.20509148,20.2524167,-32.0586111,01 21 00.58,-32 03 31.0,0.0726,,19.1253,18.6568,Simbad,0.0
28,1,8846,20.24462727220963,-32.06282642816967,SER,0.617147559289692,942.5316,0.0025,551.4504,0.0057,7.8737,0.0101,18.6756,0.0011,0.6432,0.0036,0.3225,4.0E-4,16.733,0.0384,942.5316,0.0025,551.4504,0.0057,8.0469,0.0083,18.4354,0.001,0.7986,0.0021,0.3225,4.0E-4,16.733,0.0384,942.5316,0.0025,551.4504,0.0057,8.2121,0.0145,18.3355,0.0017,0.9469,0.0042,0.3225,4.0E-4,16.733,0.0384,942.5316,0.0025,551.4504,0.0057,8.3910,0.0234,18.3314,0.0024,1.1074,0.0074,0.3225,4.0E-4,16.733,0.0384,155430,0201m320,8846,SER,0.026235,34.57576,41.69236,44.38133,46.322803,1.3678213,1.1870127,1.1909599,1.4143497,0.76497054,75722.5,2.0771072,260929.28,0.4307311,1798294.1,0.28649727,1553671.5,18.65307,18.44986,18.382,18.335512,19.040924,18.468042,,10.877768,0.20321083,0.06785965,0.11434746,0.04648781,20.2445,-32.0626111,01 20 58.68,-32 03 45.4,0.0724,,19.6806,19.5659,Simbad,0.0
32,4,8288,23.45944951864787,-69.33398403722262,SER,0.624711404673561,532.8176,0.0088,513.7808,0.0051,20.0133,0.0719,16.8629,0.0029,1.5500,0.0075,0.4361,5.0E-4,59.8123,0.0604,532.8176,0.0088,513.7808,0.0051,19.6959,0.0365,16.3654,0.0015,1.7384,0.0038,0.4361,5.0E-4,59.8123,0.0604,532.8176,0.0088,513.7808,0.0051,19.3931,0.0621,16.1849,0.0026,1.9181,0.0068,0.4361,5.0E-4,59.8123,0.0604,532.8176,0.0088,513.7808,0.0051,19.0653,0.1158,16.045,0.0045,2.1127,0.0126,0.4361,5.0E-4,59.8123,0.0604,21507,0234m692,8288,SER,0.022333538,173.73677,276.95413,333.55606,387.9602,1.2797232,1.2534566,1.4364719,1.6131548,1.7550057,257001.19,5.1623344,203610.0,-0.18051742,7883114.5,0.34509215,1.1798124E7,16.90027,16.39398,16.192078,16.028032,16.307718,16.737568,14.807714,14.363768,0.50629044,0.20190239,0.36594772,0.16404533,23.4589167,-69.3338889,01 33 50.14,-69 20 02.0,0.0,,18.8685,18.3972,Simbad,0.0
32,2,7374,23.4191639383167,-69.30994700675836,PSF,0.624711404673561,727.4753,0.0235,844.1869,0.0267,28.0793,0.1988,17.09,0.0062,1.3552,0.0111,0.8591,0.0021,-2.0218,0.6679,727.4753,0.0235,844.1869,0.0267,27.6092,0.0987,16.6148,0.0031,1.4884,0.0054,0.8591,0.0021,-2.0218,0.6679,727.4753,0.0235,844.1869,0.0267,27.1607,0.1833,16.4521,0.0061,1.6155,0.0106,0.8591,0.0021,-2.0218,0.6679,727.4753,0.0235,844.1869,0.0267,26.6753,0.3420,16.3695,0.0112,1.7531,0.0199,0.8591,0.0021,-2.0218,0.6679,21507,0234m692,7374,PSF,0.023159832,1.4474126,3.2901022,5.0009823,7.6523757,1.2438936,1.2554036,1.4364719,1.8664048,0.0,0.0,0.0,0.0,0.0,0.0,0.0,0.0,22.098518,21.206976,20.752361,20.29051,20.017498,20.61484,17.561365,,0.89154243,0.45461464,0.91646576,0.46185112,23.419,-69.31,01 33 40.56,-69 18 36.0,0.0,,18.9275,18.6567,Simbad,0.0
32,1,6556,23.38287520992754,-69.31228126334031,SER,0.624711404673561,903.4767,0.0167,813.0307,0.0214,16.4178,0.0781,17.5442,0.0044,0.9633,0.0068,0.7593,0.0017,-18.3234,0.3447,903.4767,0.0167,813.0307,0.0214,16.6225,0.0454,17.1218,0.0025,1.0551,0.0038,0.7593,0.0017,-18.3234,0.3447,903.4767,0.0167,813.0307,0.0214,16.8178,0.0848,16.9771,0.0052,1.1427,0.0074,0.7593,0.0017,-18.3234,0.3447,903.4767,0.0167,813.0307,0.0214,17.0292,0.1505,16.8912,0.0089,1.2375,0.0134,0.7593,0.0017,-18.3234,0.3447,21507,0234m692,6556,SER,0.02279285,94.98003,138.08308,157.04253,171.20233,1.2569959,1.2606013,1.4364719,1.8664048,1.0262741,244821.67,4.3007584,135655.88,0.11043674,3212105.5,-0.08710121,2531933.2,17.55592,17.149649,17.009956,16.916225,17.694866,18.491804,19.555277,,0.40627098,0.1396923,0.23342323,0.09373093,23.3835833,-69.3123056,01 33 32.06,-69 18 44.3,0.0,,19.2767,18.9956,Simbad,0.0
32,3,8067,23.44873690246612,-69.32935004777504,EXP,0.624711404673561,585.2215,0.0209,580.2456,0.0299,12.8365,0.0644,18.3204,0.0046,0.8078,0.0095,0.6745,0.0019,-6.0144,0.3269,585.2215,0.0209,580.2456,0.0299,12.4027,0.0427,17.9151,0.0028,0.6676,0.0053,0.6745,0.0019,-6.0144,0.3269,585.2215,0.0209,580.2456,0.0299,11.9889,0.0470,17.7324,0.0047,0.5338,0.0063,0.6745,0.0019,-6.0144,0.3269,585.2215,0.0209,580.2456,0.0299,11.5409,0.0741,17.6476,0.0073,0.3889,0.0116,0.6745,0.0019,-6.0144,0.3269,21507,0234m692,8067,EXP,0.022504775,45.145473,60.83609,64.89798,68.20066,1.2675489,1.2447916,1.4364719,1.6131548,1.0,0.0,3.1061664,86406.195,0.05778279,920751.0,0.06251147,984413.4,18.363464,18.039597,17.969421,17.91553,18.372047,18.511602,16.19956,,0.3238678,0.07017517,0.12406731,0.053892136,23.4485833,-69.3293889,01 33 47.66,-69 19 45.8,0.0,,20.0152,19.5624,Simbad,0.0
36,1,682,26.88918569427224,-30.2617488125907,REX,0.65056318019576,824.3058,0.0013,639.5767,0.0012,12.7935,0.0067,16.0208,4.0E-4,1.6745,0.0012,0.9222,2.0E-4,76.3119,0.1208,824.3058,0.0013,639.5767,0.0012,12.2872,0.0038,15.6788,3.0E-4,1.7504,0.0007,0.9222,2.0E-4,76.3119,0.1208,824.3058,0.0013,639.5767,0.0012,11.8041,0.0060,15.6437,4.0E-4,1.8229,0.0010,0.9222,2.0E-4,76.3119,0.1208,824.3058,0.0013,639.5767,0.0012,11.2811,0.0106,15.5605,7.0E-4,1.9013,0.0018,0.9222,2.0E-4,76.3119,0.1208,164091,0270m302,682,REX,0.01652258,319.4851,439.38245,467.07123,533.17664,1.4873296,1.268657,1.2035733,1.0305072,1.0,0.0,2.5174994,3585981.8,0.0,0.0,0.0,0.0,16.238873,15.892893,15.826542,15.682822,16.327017,16.744072,14.403498,,0.3459797,0.06635094,0.21007061,0.14371967,26.8894167,-30.2618889,01 47 33.46,-30 15 42.8,0.0428,,17.3607,17.2249,Simbad,0.0
36,4,1575,26.91354851874674,-30.24911880652262,SER,0.65056318019576,534.4253,0.0024,812.6782,0.0022,3.9111,0.0232,18.6966,0.003,3.6666,0.0286,0.6099,0.0017,50.0805,0.1714,534.4253,0.0024,812.6782,0.0022,4.5501,0.0180,18.3956,0.0022,3.4877,0.0178,0.6099,0.0017,50.0805,0.1714,534.4253,0.0024,812.6782,0.0022,5.1599,0.0319,18.3529,0.0034,3.3170,0.0208,0.6099,0.0017,50.0805,0.1714,534.4253,0.0024,812.6782,0.0022,5.8199,0.0525,18.2158,0.0054,3.1321,0.0347,0.6099,0.0017,50.0805,0.1714,164091,0270m302,1575,SER,0.016972756,33.459236,38.817207,37.649544,39.328484,1.5371915,1.2979974,1.204003,1.0283935,2.9017587,3506.0486,1.0179105,330069.66,-0.027999522,329776.44,0.21844283,545847.8,18.68871,18.52744,18.5606,18.513231,19.210167,19.5645,,14.275536,0.16127014,-0.033161163,0.01420784,0.047369003,26.9132917,-30.2491944,01 47 39.19,-30 14 57.1,0.0428,,19.8025,19.4564,Simbad,0.0
36,3,1259,26.90490354802899,-30.25425529877529,SER,0.65056318019576,637.0379,0.0018,741.574,0.0011,9.6617,0.0048,16.8548,4.0E-4,1.1510,0.0013,0.55,1.0E-4,-78.1637,0.0203,637.0379,0.0018,741.574,0.0011,9.6903,0.0029,16.3701,3.0E-4,1.1760,0.0008,0.55,1.0E-4,-78.1637,0.0203,637.0379,0.0018,741.574,0.0011,9.7175,0.0040,16.1937,4.0E-4,1.2000,0.0010,0.55,1.0E-4,-78.1637,0.0203,637.0379,0.0018,741.574,0.0011,9.7470,0.0071,16.0471,6.0E-4,1.2259,0.0018,0.55,1.0E-4,-78.1637,0.0203,164091,0270m302,1259,SER,0.016820092,179.91002,273.8398,321.8695,368.18576,1.4861591,1.2979974,1.204003,1.0283935,1.1466697,835755.25,2.5014238,2160465.0,-0.25693518,2.2517992E7,-0.11687366,1.5771299E7,16.862362,16.406258,16.2308,16.084833,16.63387,17.129385,16.11406,,0.45610428,0.175457,0.32142448,0.14596748,26.9049167,-30.2543056,01 47 37.18,-30 15 15.5,0.0,,19.4921,18.6985,Simbad,0.0
36,2,896,26.8952270149351,-30.26768591844592,SER,0.65056318019576,751.9881,0.0022,559.5413,0.0074,11.3676,0.0119,18.4654,0.001,0.5438,0.0030,0.1853,3.0E-4,-4.6428,0.0199,751.9881,0.0022,559.5413,0.0074,10.9358,0.0069,18.2479,9.0E-4,0.5376,0.0015,0.1853,3.0E-4,-4.6428,0.0199,751.9881,0.0022,559.5413,0.0074,10.5239,0.0109,18.2675,0.0013,0.5316,0.0025,0.1853,3.0E-4,-4.6428,0.0199,751.9881,0.0022,559.5413,0.0074,10.0779,0.0193,18.2238,0.0022,0.5251,0.0047,0.1853,3.0E-4,-4.6428,0.0199,164091,0270m302,896,SER,0.016626108,40.9404,52.02528,54.656178,59.497013,1.4873296,1.268657,1.2035733,1.0305072,1.3799441,36644.793,3.725747,55726.93,0.71823764,2685244.0,-0.1381688,2020215.0,18.46962,18.209463,18.155901,18.063763,18.70128,19.499096,,14.158124,0.26015663,0.053562164,0.14570045,0.09213829,26.895,-30.2676111,01 47 34.80,-30 16 03.4,0.0425,,19.2358,18.9576,Simbad,0.0
39,1,10434,29.6593525435057,-33.77359425372538,SER,0.649151824885837,787.4148,0.0026,464.8951,0.0031,9.9630,0.0148,18.2177,0.0015,0.8404,0.0029,0.7871,7.0E-4,26.5189,0.1394,787.4148,0.0026,464.8951,0.0031,9.7964,0.0100,17.3866,9.0E-4,1.4029,0.0022,0.7871,7.0E-4,26.5189,0.1394,787.4148,0.0026,464.8951,0.0031,9.6375,0.0167,17.0436,0.0013,1.9397,0.0040,0.7871,7.0E-4,26.5189,0.1394,787.4148,0.0026,464.8951,0.0031,9.4655,0.0281,16.839,0.002,2.5207,0.0066,0.7871,7.0E-4,26.5189,0.1394,146988,0295m337,10434,SER,0.01881649,50.859344,111.07315,154.46835,192.9597,1.4328873,1.3490169,1.0953088,1.1246251,1.75188,90010.54,2.7244895,373627.12,0.06794224,3188229.2,0.10490681,4308564.5,18.234074,17.385977,17.0279,16.786333,16.942366,17.176037,15.381022,13.768613,0.84809685,0.3580761,0.5996437,0.24156761,29.6595,-33.7735,01 58 38.28,-33 46 24.6,0.157394,,20.2724,20.2398,Simbad,0.0
39,2,10524,29.66166257692671,-33.74332914844585,SER,0.649151824885837,760.3503,0.0013,880.6953,9.0E-4,8.0183,0.0027,16.5751,3.0E-4,0.8596,0.0009,0.6796,1.0E-4,-72.3657,0.0254,760.3503,0.0013,880.6953,9.0E-4,7.7929,0.0018,16.0864,2.0E-4,0.9298,0.0006,0.6796,1.0E-4,-72.3657,0.0254,760.3503,0.0013,880.6953,9.0E-4,7.5778,0.0022,15.9041,3.0E-4,0.9969,0.0008,0.6796,1.0E-4,-72.3657,0.0254,760.3503,0.0013,880.6953,9.0E-4,7.3450,0.0036,15.7632,4.0E-4,1.0694,0.0013,0.6796,1.0E-4,-72.3657,0.0254,146988,0295m337,10524,SER,0.019050054,225.92346,360.38397,440.3897,513.95087,1.3965842,1.3163322,1.0953088,1.1246251,1.089455,1247601.0,2.0728827,1.3296956E7,-0.15310666,3.7907772E7,-0.10184162,3.3355482E7,16.615097,16.108086,15.890408,15.722696,16.064335,16.489052,14.255844,13.043851,0.5070114,0.21767807,0.38538933,0.16771126,29.6615833,-33.7433889,01 58 38.78,-33 44 36.2,0.0,,18.8622,18.2111,Simbad,0.0
39,3,10652,29.6653533612545,-33.7557267984171,SER,0.649151824885837,719.3446,0.0049,710.8913,0.0046,14.6342,0.0105,17.721,7.0E-4,0.5795,0.0017,0.2277,2.0E-4,-46.5804,0.0142,719.3446,0.0049,710.8913,0.0046,14.7095,0.0080,17.4986,7.0E-4,0.6601,0.0010,0.2277,2.0E-4,-46.5804,0.0142,719.3446,0.0049,710.8913,0.0046,14.7814,0.0131,17.4124,0.001,0.7370,0.0017,0.2277,2.0E-4,-46.5804,0.0142,719.3446,0.0049,710.8913,0.0046,14.8592,0.0213,17.3466,0.0015,0.8203,0.0031,0.2277,2.0E-4,-46.5804,0.0142,146988,0295m337,10652,SER,0.019086022,81.44744,101.36447,118.32168,114.77605,1.3953122,1.3398558,1.1114928,1.1149844,0.6789088,376570.94,3.896482,249973.03,-0.03363489,6563153.5,-0.6156629,1.0661746E7,17.722807,17.485285,17.317339,17.350372,18.020958,18.527159,17.171888,14.712886,0.23752213,0.16794586,0.13491249,-0.03303337,29.665,-33.7556111,01 58 39.60,-33 45 20.2,0.0,,18.8419,18.7809,Simbad,0.0
39,4,11421,29.68659056847958,-33.75728046432995,SER,0.649151824885837,476.4481,0.0011,689.1457,0.0017,5.3664,0.0052,17.8526,7.0E-4,1.4028,0.0034,0.4971,4.0E-4,22.3795,0.0381,476.4481,0.0011,689.1457,0.0017,5.4623,0.0036,17.4385,5.0E-4,1.6308,0.0023,0.4971,4.0E-4,22.3795,0.0381,476.4481,0.0011,689.1457,0.0017,5.5537,0.0057,17.2848,8.0E-4,1.8484,0.0034,0.4971,4.0E-4,22.3795,0.0381,476.4481,0.0011,689.1457,0.0017,5.6527,0.0095,17.1332,0.0012,2.0839,0.0056,0.4971,4.0E-4,22.3795,0.0381,146988,0295m337,11421,SER,0.019105537,71.93055,103.96526,118.57029,133.24461,1.4293345,1.3694183,1.1285005,1.1247135,1.7975858,56164.875,1.4618757,1219054.5,0.23437656,4002603.0,0.2382116,4029637.8,17.857716,17.457779,17.31506,17.188375,17.49315,17.86921,15.825962,13.559594,0.39993668,0.14271927,0.26940346,0.12668419,29.6864167,-33.7571111,01 58 44.74,-33 45 25.6,0.062604,,19.7446,19.2853,Simbad,0.0
40,3,1498,30.96466705372731,-31.14377393611345,SER,0.658835898058,663.5278,0.0014,795.6321,0.0025,14.8916,0.0038,16.3151,3.0E-4,0.5343,0.0005,0.5162,1.0E-4,22.5412,0.0138,663.5278,0.0014,795.6321,0.0025,14.5148,0.0028,16.0008,3.0E-4,0.6172,0.0003,0.5162,1.0E-4,22.5412,0.0138,663.5278,0.0014,795.6321,0.0025,14.1552,0.0038,15.915,3.0E-4,0.6963,0.0005,0.5162,1.0E-4,22.5412,0.0138,663.5278,0.0014,795.6321,0.0025,13.7660,0.0059,15.8152,4.0E-4,0.7820,0.0008,0.5162,1.0E-4,22.5412,0.0138,159150,0310m312,1498,SER,0.022625748,280.76392,380.8115,421.0894,471.58167,1.369367,1.1200596,0.96734303,1.205984,0.6996461,2717249.2,3.8686197,1533700.5,0.272415,3.5801016E7,0.2492863,3.4993412E7,16.379147,16.048225,15.939064,15.816108,16.357124,16.894632,15.20279,13.930923,0.33092117,0.10916138,0.23211765,0.12295628,30.9649167,-31.1436944,02 03 51.58,-31 08 37.3,0.0289,,17.5967,17.2655,Simbad,0.0
40,2,1257,30.95856931662525,-31.14696311824521,SER,0.658835898058,735.8091,0.0021,751.5716,0.0052,12.0249,0.0073,17.8509,6.0E-4,0.4039,0.0014,0.3061,2.0E-4,10.3583,0.0178,735.8091,0.0021,751.5716,0.0052,12.0586,0.0052,17.5579,6.0E-4,0.4513,0.0008,0.3061,2.0E-4,10.3583,0.0178,735.8091,0.0021,751.5716,0.0052,12.0907,0.0074,17.4767,8.0E-4,0.4966,0.0012,0.3061,2.0E-4,10.3583,0.0178,735.8091,0.0021,751.5716,0.0052,12.1254,0.0121,17.3814,0.0011,0.5456,0.0022,0.3061,2.0E-4,10.3583,0.0178,159150,0310m312,1257,SER,0.022556743,74.313484,95.47202,102.53385,111.74088,1.372416,1.1321269,0.96734303,1.1827521,0.5,518127.3,3.0986004,453803.7,0.49010858,9417435.0,0.17884386,5950638.0,17.82233,17.55031,17.472832,17.379469,18.061316,17.817305,18.410275,,0.27202034,0.07747841,0.17084122,0.09336281,30.9584167,-31.1471111,02 03 50.02,-31 08 49.6,0.0,,18.7238,18.6343,Simbad,0.0
40,4,1972,30.97886528617959,-31.15557516968853,SER,0.658835898058,496.9629,0.0046,633.5986,0.0018,10.1025,0.0086,18.0682,7.0E-4,0.7328,0.0025,0.3051,2.0E-4,88.101,0.0202,496.9629,0.0046,633.5986,0.0018,10.2225,0.0052,17.5576,6.0E-4,0.7903,0.0015,0.3051,2.0E-4,88.101,0.0202,496.9629,0.0046,633.5986,0.0018,10.3370,0.0073,17.3656,8.0E-4,0.8452,0.0019,0.3051,2.0E-4,88.101,0.0202,496.9629,0.0046,633.5986,0.0018,10.4609,0.0127,17.2074,0.001,0.9047,0.0033,0.3051,2.0E-4,88.101,0.0202,159150,0310m312,1972,SER,0.022416946,56.85218,88.91487,109.35854,118.29782,1.372416,1.1321269,0.9668255,1.1637511,0.6841879,306459.88,2.5427797,506905.5,-0.53535676,7244163.0,0.043473765,4490641.5,18.113132,17.627563,17.402868,17.317558,17.238876,17.60081,15.028274,12.674983,0.485569,0.2246952,0.3100052,0.08530998,30.9789167,-31.1556111,02 03 54.94,-31 09 20.2,0.0665,,19.9221,19.6045,Simbad,0.0
40,1,878,30.9478588830863,-31.16082085071439,SER,0.658835898058,861.2564,0.0019,561.6997,0.0012,13.7588,0.0430,17.5545,0.0017,3.8465,0.0116,0.4013,3.0E-4,71.8525,0.0289,861.2564,0.0019,561.6997,0.0012,12.3900,0.0265,16.9423,0.0012,3.6282,0.0072,0.4013,3.0E-4,71.8525,0.0289,861.2564,0.0019,561.6997,0.0012,11.0841,0.0220,16.7127,0.0012,3.4199,0.0067,0.4013,3.0E-4,71.8525,0.0289,861.2564,0.0019,561.6997,0.0012,9.6704,0.0346,16.5946,0.0021,3.1945,0.0109,0.4013,3.0E-4,71.8525,0.0289,159150,0310m312,878,SER,0.022319773,65.94136,120.37162,158.22469,194.25854,1.372416,1.1321269,0.9593555,1.1696465,2.3856077,59336.074,2.0095134,569137.6,-0.38262308,4623757.5,0.1968056,3714652.8,17.952105,17.298689,17.001814,16.779049,16.902626,17.226221,15.276324,13.736371,0.6534157,0.296875,0.51963997,0.22276497,30.9485,-31.1603056,02 03 47.64,-31 09 37.1,0.0,,19.816,19.3727,Simbad,0.0
48,1,1193,45.03859046574656,-36.38120277446424,SER,0.52791442785483,756.6401,0.0042,422.3918,0.0031,22.8317,0.0607,17.6307,0.0021,1.6369,0.0049,0.6867,4.0E-4,53.6555,0.0876,756.6401,0.0042,422.3918,0.0031,22.2581,0.0355,17.0253,0.0012,1.9212,0.0026,0.6867,4.0E-4,53.6555,0.0876,756.6401,0.0042,422.3918,0.0031,21.7107,0.0476,16.768,0.0015,2.1925,0.0038,0.6867,4.0E-4,53.6555,0.0876,756.6401,0.0042,422.3918,0.0031,21.1183,0.0837,16.6341,0.0029,2.4861,0.0071,0.6867,4.0E-4,53.6555,0.0876,134069,0451m365,1193,SER,0.017747942,90.89854,163.27734,214.24194,251.98769,1.332155,1.2051195,1.2789575,1.1935889,2.2129877,117664.64,6.7977953,96926.0,-0.06077047,1753098.9,0.20778853,3777180.0,17.603607,16.967686,16.672739,16.496552,16.96026,17.474342,15.765213,16.092117,0.6359215,0.29494667,0.4711342,0.17618752,45.0382083,-36.3808889,03 00 09.17,-36 22 51.2,0.0,,19.4241,19.5236,Simbad,0.0
48,3,6696,45.04855677433579,-36.35173681597946,PSF,0.52791442785483,646.443,0.0023,827.1642,0.0017,*0.3424*,*0.0241*,18.1355,6.0E-4,0.8026,0.2133,0.7728,0.0168,-25.6968,2.6331,646.443,0.0023,827.1642,0.0017,*0.2449*,*0.0184*,17.998,6.0E-4,1.9497,0.2447,0.7728,0.0168,-25.6968,2.6331,646.443,0.0023,827.1642,0.0017,*0.1519*,*0.0133*,17.7829,0.0021,3.0442,0.2797,0.7728,0.0168,-25.6968,2.6331,646.443,0.0023,827.1642,0.0017,*0.0512*,*0.0086*,17.6671,0.0146,4.2291,0.3211,0.7728,0.0168,-25.6968,2.6331,135229,0450m362,6696,PSF,0.017802985,57.224815,65.07409,79.22684,83.22305,1.3526269,1.2127869,1.2751063,1.165638,0.0,0.0,0.0,0.0,0.0,0.0,0.0,0.0,18.10604,17.96648,17.75282,17.69939,17.091246,16.384937,14.991235,13.594778,0.13955879,0.2136612,0.26708984,0.05342865,45.0484167,-36.3516944,03 00 11.62,-36 21 06.1,0.0,,20.1719,18.9757,Simbad,0.0
48,2,6568,45.04357933448144,-36.35840573048463,SER,0.52791442785483,701.6651,0.002,735.6829,0.0037,20.8823,0.0124,16.9392,6.0E-4,0.7446,0.0010,0.5186,1.0E-4,-0.4251,0.0178,701.6651,0.002,735.6829,0.0037,20.2916,0.0079,16.2211,4.0E-4,0.8835,0.0006,0.5186,1.0E-4,-0.4251,0.0178,701.6651,0.002,735.6829,0.0037,19.7280,0.0090,15.8773,3.0E-4,1.0160,0.0007,0.5186,1.0E-4,-0.4251,0.0178,701.6651,0.002,735.6829,0.0037,19.1180,0.0147,15.6745,7.0E-4,1.1595,0.0012,0.5186,1.0E-4,-0.4251,0.0178,135229,0450m362,6568,SER,0.017829526,165.68678,326.9228,452.4539,558.26135,1.3592769,1.2193097,1.2657617,1.1838666,0.93572074,1628107.2,5.4236326,622329.94,0.33011475,3.2698216E7,-0.004727669,1.3930766E7,16.95178,16.213886,15.861064,15.632906,15.794824,16.221594,14.736536,14.296562,0.73789406,0.3528223,0.5809803,0.228158,45.0434167,-36.3586111,03 00 10.42,-36 21 31.0,0.0958,,19.519,18.9998,Simbad,0.0
48,4,6718,45.04940344608852,-36.35633565552046,PSF,0.52791442785483,637.018,7.0E-4,763.9362,6.0E-4,*0.2381*,*0.0060*,15.4754,2.0E-4,1.6248,0.0812,0.9876,0.0056,-67.2214,14.3048,637.018,7.0E-4,763.9362,6.0E-4,*0.1718*,*0.0046*,15.7387,3.0E-4,2.5636,0.0855,0.9876,0.0056,-67.2214,14.3048,637.018,7.0E-4,763.9362,6.0E-4,*0.1085*,*0.0034*,15.9481,0.0012,3.4594,0.0932,0.9876,0.0056,-67.2214,14.3048,637.018,7.0E-4,763.9362,6.0E-4,*0.0401*,*0.0024*,15.9591,0.0053,4.4291,0.1043,0.9876,0.0056,-67.2214,14.3048,135229,0450m362,6718,PSF,0.017795887,677.0701,532.7865,430.70428,396.81952,1.3526269,1.2127869,1.2751063,1.165638,0.0,0.0,0.0,0.0,0.0,0.0,0.0,0.0,15.423416,15.683617,15.914552,16.003517,18.247425,18.941566,,21.833364,-0.2602005,-0.2309351,-0.3199005,-0.088965416,45.0492917,-36.3561944,03 00 11.83,-36 21 22.3,0.0917,,17.6607,17.1745,Simbad,0.0
51,3,1777,47.55903036149267,-35.03027873839472,SER,0.539473610727695,564.8054,0.003,490.7216,0.0034,10.3129,0.0116,17.8373,0.0011,0.8383,0.0020,0.8336,4.0E-4,-14.327,0.1408,564.8054,0.003,490.7216,0.0034,10.1070,0.0065,17.2492,6.0E-4,1.0347,0.0011,0.8336,4.0E-4,-14.327,0.1408,564.8054,0.003,490.7216,0.0034,9.9104,0.0096,16.9524,8.0E-4,1.2221,0.0018,0.8336,4.0E-4,-14.327,0.1408,564.8054,0.003,490.7216,0.0034,9.6977,0.0172,16.8143,0.0016,1.4249,0.0031,0.8336,4.0E-4,-14.327,0.1408,141098,0476m350,1777,SER,0.02127651,91.135704,160.58833,215.626,254.61438,1.346538,1.2212694,1.2805095,1.0753556,1.467802,273950.53,3.4108777,1931445.4,0.086733855,9529767.0,-0.028381862,5056653.0,17.600779,16.985716,16.665747,16.485292,16.98383,17.380991,15.510228,14.796675,0.6150627,0.31996918,0.50042343,0.18045425,47.5594167,-35.0298889,03 10 14.26,-35 01 47.6,0.0,,20.2179,19.1848,Simbad,0.0
51,2,1216,47.54303848651573,-35.00839954500856,REX,0.539473610727695,744.7097,0.0017,791.2707,0.0016,16.6344,0.0103,16.5328,6.0E-4,1.0685,0.0011,0.931,2.0E-4,64.4449,0.1594,744.7097,0.0017,791.2707,0.0016,16.5831,0.0061,15.9053,3.0E-4,1.4907,0.0007,0.931,2.0E-4,64.4449,0.1594,744.7097,0.0017,791.2707,0.0016,16.5342,0.0100,15.6439,5.0E-4,1.8935,0.0011,0.931,2.0E-4,64.4449,0.1594,744.7097,0.0017,791.2707,0.0016,16.4813,0.0177,15.4584,8.0E-4,2.3295,0.0020,0.931,2.0E-4,64.4449,0.1594,141098,0476m350,1216,REX,0.02121576,212.17978,373.31647,478.41037,586.56323,1.3806306,1.2466152,1.3056732,1.0715256,1.0,0.0,3.6051912,1465450.5,0.0,0.0,0.0,0.0,16.68324,16.069807,15.800499,15.579213,15.828189,16.277498,14.354404,13.789,0.61343384,0.2693081,0.4905939,0.22128582,47.5429167,-35.0083056,03 10 10.30,-35 00 29.9,0.0,,19.0606,18.3702,Simbad,0.0
51,1,673,47.52743081502302,-35.00661751239641,SER,0.539473610727695,920.3764,0.0058,815.7897,0.005,3.7358,0.0271,19.7087,0.0044,2.5242,0.0388,0.6912,0.003,-84.1167,0.405,920.3764,0.0058,815.7897,0.005,4.0957,0.0204,19.5214,0.0032,2.6317,0.0237,0.6912,0.003,-84.1167,0.405,920.3764,0.0058,815.7897,0.005,4.4391,0.0367,19.3108,0.005,2.7343,0.0365,0.6912,0.003,-84.1167,0.405,920.3764,0.0058,815.7897,0.005,4.8108,0.0610,19.2808,0.0085,2.8454,0.0633,0.6912,0.003,-84.1167,0.405,141098,0476m350,673,SER,0.020973045,12.632396,14.337361,16.789158,16.210323,1.3806306,1.2466152,1.3056732,1.0715256,2.25,1622.4323,1.0065607,124777.22,-0.1662464,187974.69,-0.042741355,98543.16,19.746286,19.608828,19.437428,19.475521,19.875286,20.08366,19.929283,,0.1374588,0.17140007,0.1333065,-0.038093567,47.527,-35.007,03 10 06.48,-35 00 25.2,0.0,,20.2593,20.1742,Simbad,0.0
51,4,1927,47.56346908968972,-35.01856114450278,SER,0.539473610727695,514.8458,0.0039,651.5823,0.0057,9.9494,0.0113,18.4005,0.0011,0.5473,0.0023,0.6308,4.0E-4,-12.7634,0.073,514.8458,0.0039,651.5823,0.0057,9.8403,0.0068,17.8257,7.0E-4,0.6847,0.0013,0.6308,4.0E-4,-12.7634,0.073,514.8458,0.0039,651.5823,0.0057,9.7361,0.0095,17.5506,9.0E-4,0.8159,0.0020,0.6308,4.0E-4,-12.7634,0.073,514.8458,0.0039,651.5823,0.0057,9.6234,0.0165,17.4103,0.0016,0.9579,0.0035,0.6308,4.0E-4,-12.7634,0.073,141098,0476m350,1927,SER,0.021541655,43.769463,73.8212,95.72727,109.34872,1.3559848,1.2133199,1.2878165,1.0827817,0.7357635,213797.56,2.5688224,379861.28,0.20132676,3443323.0,-0.09929212,2029551.5,18.397072,17.829548,17.547411,17.402966,17.726961,18.21407,16.182932,14.658928,0.56752396,0.28213692,0.42658234,0.14444542,47.5634167,-35.0186111,03 10 15.22,-35 01 07.0,0.0,,20.3004,20.3873,Simbad,0.0
52,2,3891,50.09687788879909,-40.2083288182827,SER,0.658575574621795,695.3307,0.001,479.0964,8.0E-4,19.3314,0.0791,16.7956,0.0017,5.6537,0.0143,0.544,4.0E-4,54.4176,0.0307,695.3307,0.001,479.0964,8.0E-4,24.2285,0.0705,15.9977,0.0012,7.2599,0.0110,0.544,4.0E-4,54.4176,0.0307,695.3307,0.001,479.0964,8.0E-4,28.9010,0.1251,15.5916,0.0016,8.7925,0.0164,0.544,4.0E-4,54.4176,0.0307,695.3307,0.001,479.0964,8.0E-4,33.9590,0.2008,15.3726,0.002,*10.4516*,*0.0260*,0.544,4.0E-4,54.4176,0.0307,117131,0501m402,3891,SER,0.016478062,177.09895,338.5065,458.05795,559.5872,1.4823705,1.3308853,1.2877734,1.17765,6.0,79767.73,5.454205,1301912.8,-0.10079294,9408739.0,0.2853046,1.2899658E7,16.87946,16.176083,15.847699,15.63033,15.732464,15.949157,13.568861,12.109694,0.70337677,0.32838345,0.5457525,0.21736908,50.0964167,-40.2083889,03 20 23.14,-40 12 30.2,0.0,,20.044,19.421,Simbad,0.0
52,1,3032,50.07005825693662,-40.17808928771583,PSF,0.658575574621795,976.8179,0.003,894.7165,0.0034,0.9185,0.0097,20.1046,0.0016,0.8998,0.0732,0.5567,0.0039,88.495,0.3678,976.8179,0.003,894.7165,0.0034,0.7485,0.0055,19.0807,0.0016,7.2226,0.1516,0.5567,0.0039,88.495,0.3678,976.8179,0.003,894.7165,0.0034,0.5863,0.0035,18.1138,0.0013,*13.2555*,*0.2804*,0.5567,0.0039,88.495,0.3678,976.8179,0.003,894.7165,0.0034,*0.4107*,*0.0062*,17.6167,0.0027,*19.7860*,*0.4261*,0.5567,0.0039,88.495,0.3678,117131,0501m402,3032,PSF,0.016462434,9.2275,21.781734,48.523724,72.60756,1.4379804,1.3030901,1.3836958,1.1470869,0.0,0.0,0.0,0.0,0.0,0.0,0.0,0.0,20.08729,19.154768,18.285114,17.847546,18.440779,19.052416,,,0.9325218,0.8696537,1.3072224,0.43756866,50.0702083,-40.1783056,03 20 16.85,-40 10 41.9,0.0,,20.3204,20.3335,Simbad,0.0
52,3,10419,50.09750815067493,-40.18539789203456,DUP,0.658575574621795,689.1659,0.0021,793.1704,0.0035,14.4075,0.0133,17.5449,8.0E-4,0.9574,0.0017,0.4885,2.0E-4,-28.6083,0.0291,689.1659,0.0021,793.1704,0.0035,14.4459,0.0093,17.0193,6.0E-4,1.2006,0.0011,0.4885,2.0E-4,-28.6083,0.0291,689.1659,0.0021,793.1704,0.0035,14.4827,0.0153,16.7522,9.0E-4,1.4327,0.0019,0.4885,2.0E-4,-28.6083,0.0291,689.1659,0.0021,793.1704,0.0035,14.5224,0.0255,16.6247,0.0014,1.6839,0.0032,0.4885,2.0E-4,-28.6083,0.0291,117131,0501m402,10419,DUP,0.016877355,0.0,0.0,0.0,0.0,1.4379804,1.3030901,1.287302,1.1470869,0.0,0.0,0.0,0.0,0.0,0.0,0.0,0.0,Infinity,Infinity,Infinity,Infinity,Infinity,Infinity,Infinity,Infinity,,,,,50.0977083,-40.1853889,03 20 23.45,-40 11 07.4,0.0,,20.001,19.3614,Simbad,0.0
52,4,4863,50.12638129450011,-40.20079277915492,REX,0.658575574621795,385.6446,0.0234,584.0292,0.0228,12.5860,0.0668,19.2305,0.0046,0.8373,0.0073,0.9557,0.0026,-89.7191,2.8741,385.6446,0.0234,584.0292,0.0228,12.9124,0.0534,18.875,0.004,1.0031,0.0055,0.9557,0.0026,-89.7191,2.8741,385.6446,0.0234,584.0292,0.0228,13.2238,0.0885,18.6762,0.0059,1.1614,0.0097,0.9557,0.0026,-89.7191,2.8741,385.6446,0.0234,584.0292,0.0228,13.5608,0.1429,18.5755,0.0103,1.3327,0.0160,0.9557,0.0026,-89.7191,2.8741,117131,0501m402,4863,REX,0.017005531,16.727568,23.626026,27.53874,30.146667,1.5147089,1.4213742,1.4452757,1.2099249,1.0,0.0,3.0389385,21211.412,0.0,0.0,0.0,0.0,19.441418,19.066523,18.90014,18.8019,19.457865,20.064249,16.753166,,0.3748951,0.16638184,0.26462173,0.0982399,50.1264167,-40.2006111,03 20 30.34,-40 12 02.2,0.0,,20.1828,20.3188,Simbad,0.0
54,1,11713,52.93920447662241,-39.61423111947493,REX,0.426709653479103,845.899,0.0047,804.7709,0.005,7.2915,0.0128,18.335,0.0019,0.6596,0.0036,0.9488,8.0E-4,-24.2695,0.7976,845.899,0.0047,804.7709,0.005,7.6421,0.0075,17.8205,0.001,0.7665,0.0021,0.9488,8.0E-4,-24.2695,0.7976,845.899,0.0047,804.7709,0.005,7.9768,0.0103,17.513,0.0012,0.8686,0.0027,0.9488,8.0E-4,-24.2695,0.7976,845.899,0.0047,804.7709,0.005,8.3390,0.0182,17.3488,0.0021,0.9791,0.0047,0.9488,8.0E-4,-24.2695,0.7976,120459,0528m395,11713,REX,0.016788945,48.782047,75.90883,97.9982,107.65787,1.3705053,1.229831,1.5120718,1.1810064,1.0,0.0,2.0179288,423756.06,0.0,0.0,0.0,0.0,18.27935,17.799269,17.521955,17.419886,17.739744,18.208067,16.170149,14.166007,0.48008156,0.27731323,0.3793831,0.10206985,52.9395833,-39.6141944,03 31 45.50,-39 36 51.1,0.0,,20.2266,20.073,Simbad,0.0
54,4,13073,52.97204937707694,-39.61394410918128,PSF,0.426709653479103,498.2129,0.0024,808.6159,0.0026,*0.0275*,*0.0038*,18.1478,0.0233,6.8806,0.4131,0.4752,0.0031,47.5071,0.2056,498.2129,0.0024,808.6159,0.0026,1.0787,0.0081,18.2303,0.0027,*11.2724*,*0.1468*,0.4752,0.0031,47.5071,0.2056,498.2129,0.0024,808.6159,0.0026,2.0818,0.0174,18.2586,0.0059,*15.4628*,*0.2918*,0.4752,0.0031,47.5071,0.2056,498.2129,0.0024,808.6159,0.0026,3.1676,0.0277,18.2883,0.0084,*19.9989*,*0.6169*,0.4752,0.0031,47.5071,0.2056,120459,0528m395,13073,PSF,0.017292853,48.287697,39.267254,31.70721,25.05218,1.2172071,1.135573,1.2701256,1.1562767,0.0,0.0,0.0,0.0,0.0,0.0,0.0,0.0,18.29041,18.514923,18.747105,19.002886,20.925375,,19.401402,15.40379,-0.22451401,-0.23218155,-0.48796272,-0.25578117,52.9720833,-39.6138056,03 31 53.30,-39 36 49.7,0.0,,18.6888,18.3777,Simbad,0.0
54,2,2328,52.94671752743711,-39.6313705245943,SER,0.426709653479103,766.4836,0.0026,569.2549,0.0037,11.5892,0.0094,17.5965,9.0E-4,0.7093,0.0016,0.6859,3.0E-4,14.2494,0.053,766.4836,0.0026,569.2549,0.0037,11.4413,0.0059,16.9515,5.0E-4,0.8346,0.0010,0.6859,3.0E-4,14.2494,0.053,766.4836,0.0026,569.2549,0.0037,11.3003,0.0074,16.6216,6.0E-4,0.9543,0.0013,0.6859,3.0E-4,14.2494,0.053,766.4836,0.0026,569.2549,0.0037,11.1476,0.0125,16.4523,0.001,1.0837,0.0022,0.6859,3.0E-4,14.2494,0.053,119349,0530m397,2328,SER,0.016637748,90.54424,164.91464,226.93112,267.82794,1.4248008,1.2250428,1.4770695,1.1522892,0.9127572,400965.5,2.9874442,525327.1,0.16628033,7301128.0,0.089978166,4856392.5,17.607847,16.956852,16.610266,16.43036,16.654697,17.042782,15.085602,15.054997,0.65099525,0.34658623,0.52649117,0.17990494,52.9467917,-39.6316111,03 31 47.23,-39 37 53.8,0.10668,,19.8661,19.5581,Simbad,0.0
54,3,2618,52.95790597526705,-39.63148912885078,SER,0.426709653479103,648.1348,0.0032,567.6277,0.003,7.8124,0.0186,18.8734,0.0019,1.2890,0.0064,0.3599,4.0E-4,-46.4536,0.0427,648.1348,0.0032,567.6277,0.003,7.9009,0.0114,18.2186,0.0011,1.3441,0.0038,0.3599,4.0E-4,-46.4536,0.0427,648.1348,0.0032,567.6277,0.003,7.9854,0.0135,17.8382,0.0013,1.3966,0.0043,0.3599,4.0E-4,-46.4536,0.0427,648.1348,0.0032,567.6277,0.003,8.0769,0.0230,17.6521,0.0022,1.4535,0.0073,0.3599,4.0E-4,-46.4536,0.0427,119349,0530m397,2618,SER,0.016806008,28.303133,50.653828,71.92023,83.97812,1.3689295,1.1838111,1.3619685,1.1470277,1.3860269,34696.145,2.0933392,197587.06,-0.023815406,957837.75,-0.45881158,1585515.1,18.870413,18.23847,17.857872,17.689585,17.641027,17.988756,15.73403,15.466325,0.63194275,0.38059807,0.54888535,0.16828728,52.9580833,-39.6315,03 31 49.94,-39 37 53.4,0.0,,20.3219,21.4014,Simbad,0.0
55,2,8260,53.26270992841383,-47.67381086448842,REX,0.551987423672432,700.3046,0.007,547.018,0.0066,12.7095,0.0143,17.7354,0.0013,0.5138,0.0019,0.9449,7.0E-4,65.2521,0.5808,700.3046,0.007,547.018,0.0066,12.4351,0.0091,17.0471,8.0E-4,0.6053,0.0011,0.9449,7.0E-4,65.2521,0.5808,700.3046,0.007,547.018,0.0066,12.1733,0.0116,16.717,0.001,0.6926,0.0015,0.9449,7.0E-4,65.2521,0.5808,700.3046,0.007,547.018,0.0066,11.8898,0.0193,16.5553,0.0017,0.7871,0.0027,0.9449,7.0E-4,65.2521,0.5808,86033,0531m477,8260,REX,0.014096289,85.39593,164.12111,224.23605,266.48404,1.3896109,1.2970874,1.1649393,1.1142542,1.0,0.0,3.4682767,430038.3,0.0,0.0,0.0,0.0,17.671408,16.96209,16.623236,16.435822,16.72351,17.142431,15.835383,14.122403,0.70931816,0.33885384,0.526268,0.18741417,53.2622083,-47.674,03 33 02.93,-47 40 26.4,0.0,,20.0421,19.7671,Simbad,0.0
55,4,8599,53.27460303614701,-47.65381446480341,SER,0.551987423672432,590.2397,0.0048,822.0083,0.0046,1.3837,0.0179,19.8201,0.0058,4.1710,0.1639,0.652,0.0068,26.0574,0.7076,590.2397,0.0048,822.0083,0.0046,1.8475,0.0133,19.367,0.0042,4.5552,0.1017,0.652,0.0068,26.0574,0.7076,590.2397,0.0048,822.0083,0.0046,2.2900,0.0280,19.1032,0.007,4.9217,0.1320,0.652,0.0068,26.0574,0.7076,590.2397,0.0048,822.0083,0.0046,2.7691,0.0475,18.9572,0.0097,5.3184,0.2240,0.652,0.0068,26.0574,0.7076,86033,0531m477,8599,SER,0.014271567,12.11249,16.981213,20.375582,20.442955,1.4106262,1.3319834,1.2677276,1.0727925,6.0,77.688416,0.49062312,249989.56,0.13565373,67472.49,0.1692548,76212.695,19.791916,19.425077,19.227224,19.22364,19.514679,19.632006,18.488607,16.413912,0.36683846,0.19785309,0.201437,0.003583908,53.2745833,-47.6536944,03 33 05.90,-47 39 13.3,0.0,,20.307,20.7464,Simbad,0.0
55,3,8367,53.26621212288526,-47.66102872075055,SER,0.551987423672432,667.8858,0.002,722.7148,0.0029,13.6451,0.0110,17.084,7.0E-4,0.9186,0.0018,0.4605,2.0E-4,-34.2764,0.0223,667.8858,0.002,722.7148,0.0029,13.3496,0.0066,16.3285,4.0E-4,1.0837,0.0011,0.4605,2.0E-4,-34.2764,0.0223,667.8858,0.002,722.7148,0.0029,13.0676,0.0088,15.9865,6.0E-4,1.2413,0.0015,0.4605,2.0E-4,-34.2764,0.0223,667.8858,0.002,722.7148,0.0029,12.7623,0.0153,15.738,9.0E-4,1.4118,0.0025,0.4605,2.0E-4,-34.2764,0.0223,86033,0531m477,8367,SER,0.014189268,144.94789,293.8526,407.68198,503.97122,1.3896109,1.3199816,1.2677276,1.0729812,1.1626164,1007539.5,3.4645479,7270454.0,0.11873416,2.6355594E7,-0.34459376,3.152681E7,17.09697,16.329676,15.974196,15.743986,15.822361,16.26767,14.50028,13.746101,0.76729393,0.35547924,0.58568954,0.2302103,53.2657917,-47.6608889,03 33 03.79,-47 39 39.2,0.0,,20.1609,19.6938,Simbad,0.0
55,1,8017,53.2536851230029,-47.66581926330934,REX,0.551987423672432,783.6249,0.0116,657.1605,0.0124,10.5615,0.0457,18.6758,0.0038,0.9883,0.0075,0.9019,0.0022,15.7635,0.9851,783.6249,0.0116,657.1605,0.0124,10.1001,0.0328,18.3505,0.003,1.2328,0.0057,0.9019,0.0022,15.7635,0.9851,783.6249,0.0116,657.1605,0.0124,9.6597,0.0559,18.2355,0.005,1.4662,0.0107,0.9019,0.0022,15.7635,0.9851,783.6249,0.0116,657.1605,0.0124,9.1831,0.0931,18.2053,0.0087,1.7188,0.0179,0.9019,0.0022,15.7635,0.9851,86033,0531m477,8017,REX,0.014104508,26.800255,38.146793,44.377495,48.383686,1.3896109,1.2970874,1.1649393,1.0697137,1.0,0.0,2.1178205,339982.25,0.0,0.0,0.0,0.0,18.929653,18.546354,18.382093,18.288252,19.067497,19.67182,,14.72372,0.38329887,0.16426086,0.25810242,0.09384155,53.2539167,-47.6656944,03 33 00.94,-47 39 56.5,0.0,,20.2183,19.923,Simbad,0.0
56,3,10501,53.44363247558491,-30.33458516543448,SER,0.556192157674747,651.9734,0.0034,417.1922,0.0025,21.3170,0.0258,16.9622,0.001,1.1995,0.0020,0.5307,2.0E-4,-53.8162,0.0297,651.9734,0.0034,417.1922,0.0025,20.1592,0.0167,16.3106,6.0E-4,1.4842,0.0013,0.5307,2.0E-4,-53.8162,0.0297,651.9734,0.0034,417.1922,0.0025,19.0545,0.0273,15.9901,0.001,1.7559,0.0024,0.5307,2.0E-4,-53.8162,0.0297,0.0,0.0,0.0,0.0,0.0,0.0,0.0,0.0,0.0,0.0,0.0,0.0,0.0,0.0,164182,0533m302,10501,SER,0.014927684,155.51395,292.3136,403.61145,497.08762,1.3090708,1.2117945,1.1699176,1.2132684,1.5238527,500472.2,5.271472,172458.53,-0.09941544,6168862.0,-0.2924813,1.0631971E7,17.020576,16.335377,15.985091,15.758918,15.923354,16.35686,14.64345,14.136445,0.68519974,0.35028553,0.57645893,0.2261734,53.4432917,-30.3338889,03 33 46.39,-30 20 02.0,0.1064,,19.3753,18.7572,Simbad,0.0
56,2,10337,53.43844343605756,-30.3025939673689,SER,0.556192157674747,713.4595,0.003,856.7115,0.004,7.5607,0.0129,18.6755,0.0015,0.9351,0.0040,0.6823,8.0E-4,30.3664,0.1124,713.4595,0.003,856.7115,0.004,7.4569,0.0089,18.1885,0.001,1.0463,0.0027,0.6823,8.0E-4,30.3664,0.1124,713.4595,0.003,856.7115,0.004,7.3578,0.0152,17.9341,0.0017,1.1523,0.0047,0.6823,8.0E-4,30.3664,0.1124,0.0,0.0,0.0,0.0,0.0,0.0,0.0,0.0,0.0,0.0,0.0,0.0,0.0,0.0,164182,0533m302,10337,SER,0.01512724,33.128834,51.759212,65.84274,72.05579,1.3456476,1.2059089,1.1643689,1.241273,1.066766,80467.48,1.9312133,370837.44,0.087938644,1323916.8,0.16002104,1986233.9,18.699484,18.21503,17.95373,17.855827,18.264282,18.558987,17.475004,,0.4844532,0.26130104,0.35920334,0.0979023,53.4385833,-30.3025,03 33 45.26,-30 18 09.0,0.1061,,20.3328,20.2223,Simbad,0.0
56,4,10561,53.44537476493722,-30.30588441877911,SER,0.556192157674747,631.2318,0.0015,811.469,0.0016,6.4792,0.0275,18.0827,0.0024,3.8080,0.0194,0.7543,8.0E-4,4.7571,0.1229,631.2318,0.0015,811.469,0.0016,6.5357,0.0148,17.2794,0.0012,3.9744,0.0097,0.7543,8.0E-4,4.7571,0.1229,631.2318,0.0015,811.469,0.0016,6.5896,0.0233,16.8342,0.0019,4.1331,0.0152,0.7543,8.0E-4,4.7571,0.1229,0.0,0.0,0.0,0.0,0.0,0.0,0.0,0.0,0.0,0.0,0.0,0.0,0.0,0.0,164182,0533m302,10561,SER,0.01508493,56.49489,117.13751,176.40283,207.84972,1.3469751,1.2350729,1.1804036,1.2031342,4.202573,20190.404,1.7752483,569832.3,0.14581116,3102963.8,0.024221394,1879441.4,18.119978,17.32826,16.883736,16.705626,15.912089,15.647626,14.68996,12.769016,0.7917175,0.44452477,0.6226349,0.17811012,53.4454167,-30.3058056,03 33 46.90,-30 18 20.9,0.0,,20.1442,19.4364,Simbad,0.0
56,1,10222,53.43533681994836,-30.31760628997305,SER,0.556192157674747,750.1791,9.0E-4,650.8336,0.0016,10.5565,0.0072,17.1767,5.0E-4,0.9380,0.0017,0.4811,1.0E-4,-31.4559,0.0188,750.1791,9.0E-4,650.8336,0.0016,9.7433,0.0045,16.4299,3.0E-4,1.3097,0.0011,0.4811,1.0E-4,-31.4559,0.0188,750.1791,9.0E-4,650.8336,0.0016,8.9675,0.0068,16.0058,4.0E-4,1.6643,0.0020,0.4811,1.0E-4,-31.4559,0.0188,0.0,0.0,0.0,0.0,0.0,0.0,0.0,0.0,0.0,0.0,0.0,0.0,0.0,0.0,164182,0533m302,10222,SER,0.015213116,128.04419,260.34515,395.70584,483.4198,1.3381984,1.1752974,1.1257668,1.1689986,1.5323101,425924.0,2.4861465,1805385.5,0.16182746,1.445285E7,-0.2992442,1.6000795E7,17.2316,16.461126,16.006569,15.789189,15.042479,14.994829,13.067019,12.020145,0.7704735,0.45455742,0.671937,0.21737957,53.4352083,-30.3173889,03 33 44.45,-30 19 02.6,0.130297,,20.2098,19.575,Simbad,0.0
58,3,8686,54.54555348227841,-47.41201930354791,SER,0.514797866886711,623.1254,0.0031,500.9246,0.0028,12.7928,0.0196,17.893,0.0014,1.1330,0.0027,0.8218,5.0E-4,-48.3031,0.1448,623.1254,0.0031,500.9246,0.0028,12.5481,0.0120,17.2358,8.0E-4,1.2838,0.0016,0.8218,5.0E-4,-48.3031,0.1448,623.1254,0.0031,500.9246,0.0028,12.3146,0.0154,16.917,0.001,1.4277,0.0021,0.8218,5.0E-4,-48.3031,0.1448,623.1254,0.0031,500.9246,0.0028,12.0618,0.0262,16.7671,0.0017,1.5834,0.0037,0.8218,5.0E-4,-48.3031,0.1448,87009,0544m475,8686,SER,0.011218387,1.4255263,1.3110534,1.0507045,0.11910851,1.4098734,1.3618282,1.155096,1.1008481,0.5,145.65414,2.3031752,353.58447,0.5851116,2842.922,0.030058727,1813.7762,22.115063,22.20595,22.446299,24.810143,,,,,-0.09088707,-0.24034882,-2.6041927,-2.363844,54.5455,-47.4116944,03 38 10.92,-47 24 42.1,0.0,,20.2691,19.7303,Simbad,0.0
58,4,8794,54.54934174827138,-47.38559464123681,SER,0.514797866886711,583.7546,0.0044,852.2288,0.003,13.6483,0.0125,17.641,9.0E-4,0.8404,0.0016,0.6272,3.0E-4,75.3871,0.0503,583.7546,0.0044,852.2288,0.003,12.9498,0.0078,17.2002,6.0E-4,0.9488,0.0010,0.6272,3.0E-4,75.3871,0.0503,583.7546,0.0044,852.2288,0.003,12.2834,0.0103,17.033,8.0E-4,1.0522,0.0014,0.6272,3.0E-4,75.3871,0.0503,583.7546,0.0044,852.2288,0.003,11.5620,0.0174,16.9394,0.0013,1.1642,0.0025,0.6272,3.0E-4,75.3871,0.0503,87009,0544m475,8794,SER,0.010906948,85.34626,132.57211,164.51413,180.46375,1.4031245,1.3618908,1.155096,1.1010625,0.9669872,340624.4,3.4932282,325458.1,-0.21842794,6171258.0,0.12070631,4215817.5,17.672039,17.193869,16.959492,16.859026,17.243143,17.742384,15.785693,14.590857,0.4781704,0.2343769,0.33484268,0.10046577,54.5492917,-47.3856111,03 38 11.83,-47 23 08.2,0.0,,18.9769,18.628,Simbad,0.0
58,2,8390,54.53527578198323,-47.3867555551081,REX,0.514797866886711,708.5748,0.0067,824.0987,0.0041,6.9458,0.0116,19.0061,0.0015,0.6513,0.0042,0.52,7.0E-4,-78.2427,0.0877,708.5748,0.0067,824.0987,0.0041,7.0305,0.0084,18.7465,0.0013,0.7126,0.0023,0.52,7.0E-4,-78.2427,0.0877,708.5748,0.0067,824.0987,0.0041,7.1114,0.0130,18.6302,0.002,0.7711,0.0038,0.52,7.0E-4,-78.2427,0.0877,708.5748,0.0067,824.0987,0.0041,7.1989,0.0212,18.5713,0.003,0.8344,0.0068,0.52,7.0E-4,-78.2427,0.0877,87009,0544m475,8390,REX,0.011228248,0.90492284,1.222483,1.822157,1.408362,1.4031245,1.3618908,1.155096,1.1010625,1.0,0.0,2.3311658,153.42056,0.0,0.0,0.0,0.0,22.60847,22.281893,21.848536,22.128214,,,,13.905605,0.32657814,0.43335724,0.1536789,-0.27967834,54.5352917,-47.3871944,03 38 08.47,-47 23 13.9,0.0,,19.8911,19.4686,Simbad,0.0
58,1,8010,54.52236933614189,-47.4059597702231,SER,0.514797866886711,834.3067,0.0023,572.3656,0.0014,13.4267,0.0103,17.39,7.0E-4,0.8739,0.0015,0.5037,2.0E-4,66.1839,0.0221,834.3067,0.0023,572.3656,0.0014,13.0749,0.0064,16.5885,4.0E-4,1.1655,0.0010,0.5037,2.0E-4,66.1839,0.0221,834.3067,0.0023,572.3656,0.0014,12.7393,0.0080,16.242,5.0E-4,1.4438,0.0013,0.5037,2.0E-4,66.1839,0.0221,834.3067,0.0023,572.3656,0.0014,12.3760,0.0135,16.0172,8.0E-4,1.7450,0.0022,0.5037,2.0E-4,66.1839,0.0221,87009,0544m475,8010,SER,0.011669433,107.79781,227.44832,315.24808,397.2362,1.3968096,1.3364122,1.155096,1.1645278,1.4172784,409204.7,3.4061368,2737207.0,-0.22417846,8596473.0,0.24465445,2.0370722E7,17.418476,16.607794,16.253368,16.002378,16.073336,16.484526,14.881485,12.7173,0.8106823,0.35442543,0.60541534,0.2509899,54.5225833,-47.4058889,03 38 05.42,-47 24 21.2,0.0,,20.2363,19.9946,Simbad,0.0
59,3,8588,55.13591683083962,-48.62590921258528,REX,0.777872150011182,683.3837,0.0021,751.3934,0.0022,5.2749,0.0085,17.9393,0.0012,1.5065,0.0041,0.9441,8.0E-4,27.4947,0.671,683.3837,0.0021,751.3934,0.0022,5.5392,0.0060,17.5539,9.0E-4,1.5080,0.0025,0.9441,8.0E-4,27.4947,0.671,683.3837,0.0021,751.3934,0.0022,5.7913,0.0096,17.3913,0.0014,1.5095,0.0035,0.9441,8.0E-4,27.4947,0.671,683.3837,0.0021,751.3934,0.0022,6.0642,0.0160,17.2731,0.0021,1.5111,0.0060,0.9441,8.0E-4,27.4947,0.671,82197,0550m487,8588,REX,0.011558753,63.13262,86.06388,97.52333,104.68456,1.4095623,1.2406597,1.2126719,1.1245054,1.0,0.0,1.2855705,1977875.6,0.0,0.0,0.0,0.0,17.999365,17.662949,17.52723,17.450293,17.818495,18.271765,16.325787,16.01971,0.33641624,0.1357193,0.21265602,0.07693672,55.1357083,-48.6258889,03 40 32.57,-48 37 33.2,0.0,,19.8994,19.4277,Simbad,0.0
59,2,8476,55.13265426951509,-48.62954589610883,SER,0.777872150011182,713.0417,0.0033,701.4487,0.003,4.0019,0.0065,18.9181,0.0012,0.2998,0.0048,0.6564,0.0011,-47.2039,0.1561,713.0417,0.0033,701.4487,0.003,3.9586,0.0037,18.7233,0.0011,0.3353,0.0024,0.6564,0.0011,-47.2039,0.1561,713.0417,0.0033,701.4487,0.003,3.9173,0.0052,18.6424,0.0018,0.3691,0.0037,0.6564,0.0011,-47.2039,0.1561,713.0417,0.0033,701.4487,0.003,3.8726,0.0092,18.5871,0.0026,0.4057,0.0070,0.6564,0.0011,-47.2039,0.1561,82197,0550m487,8476,SER,0.011502105,28.383574,33.2056,35.847336,37.533463,1.3879961,1.2406597,1.2126719,1.1245054,0.5,73639.08,1.0262544,1091844.5,-0.021042053,891695.4,-0.20029318,1566524.6,18.867332,18.696972,18.613857,18.563953,19.090052,19.351248,18.000803,14.357141,0.17036057,0.083114624,0.1330185,0.04990387,55.1325,-48.6295,03 40 31.80,-48 37 46.2,0.0,,19.8076,19.7691,Simbad,0.0
59,1,8165,55.12245913409185,-48.64203615489762,PSF,0.777872150011182,800.47,0.0061,534.4599,0.0055,6.2943,0.0286,19.0857,0.0037,1.3703,0.0115,0.764,0.0018,-77.3965,0.3251,800.47,0.0061,534.4599,0.0055,5.9702,0.0186,18.3022,0.0023,1.3074,0.0067,0.764,0.0018,-77.3965,0.3251,800.47,0.0061,534.4599,0.0055,5.6610,0.0182,18.0863,0.0028,1.2474,0.0067,0.764,0.0018,-77.3965,0.3251,800.47,0.0061,534.4599,0.0055,5.3262,0.0282,17.8156,0.0043,1.1824,0.0116,0.764,0.0018,-77.3965,0.3251,82197,0550m487,8165,PSF,0.011243959,0.94558245,0.93763304,0.7602563,0.9318999,1.459387,1.3178328,1.285423,1.1401948,0.0,0.0,0.0,0.0,0.0,0.0,0.0,0.0,22.560751,22.569918,22.7976,22.576576,19.689568,20.617712,16.161001,13.189478,-0.0091667175,-0.22768211,-0.006658554,0.22102356,55.1225833,-48.6423056,03 40 29.42,-48 38 32.3,0.0,,20.2824,19.4815,Simbad,0.0
59,4,7533,55.15103067821671,-48.62424917136797,REX,0.777872150011182,545.7068,0.0026,773.3461,0.0023,15.6775,0.0070,16.3512,4.0E-4,0.6246,0.0007,0.8972,2.0E-4,-51.4056,0.1255,545.7068,0.0026,773.3461,0.0023,15.4344,0.0062,15.9169,4.0E-4,0.9331,0.0005,0.8972,2.0E-4,-51.4056,0.1255,545.7068,0.0026,773.3461,0.0023,15.2026,0.0103,15.7328,6.0E-4,1.2275,0.0010,0.8972,2.0E-4,-51.4056,0.1255,545.7068,0.0026,773.3461,0.0023,14.9515,0.0164,15.6249,9.0E-4,1.5462,0.0017,0.8972,2.0E-4,-51.4056,0.1255,83150,0550m485,7533,REX,0.011718989,269.88083,417.2757,512.4296,596.34595,1.4085456,1.2616656,1.2092505,1.1264101,1.0,0.0,3.8315456,1372010.8,0.0,0.0,0.0,0.0,16.42207,15.948942,15.725914,15.561255,15.906247,16.312056,13.958205,13.123792,0.47312737,0.22302818,0.38768768,0.1646595,55.151,-48.6245,03 40 36.24,-48 37 28.2,0.0,,18.0358,17.7545,Simbad,0.0
60,2,7925,55.61118847941587,-41.14467798349656,SER,1.24568927645279,760.3291,0.002,828.5241,0.0018,32.1839,0.0101,14.8189,2.0E-4,1.5339,0.0006,0.6008,1.0E-4,-45.3571,0.0127,760.3291,0.002,828.5241,0.0018,33.4988,0.0061,14.3538,2.0E-4,1.4585,0.0004,0.6008,1.0E-4,-45.3571,0.0127,760.3291,0.002,828.5241,0.0018,34.7535,0.0095,14.161,3.0E-4,1.3866,0.0005,0.6008,1.0E-4,-45.3571,0.0127,760.3291,0.002,828.5241,0.0018,36.1116,0.0167,13.969,4.0E-4,1.3088,0.0008,0.6008,1.0E-4,-45.3571,0.0127,112777,0555m412,7925,SER,0.016196558,1141.3983,1803.2839,2210.75,2378.8057,1.3619049,1.2586563,1.055371,1.2670853,1.4628271,6661637.0,8.755139,918819.06,0.018858826,8.5752016E7,-0.22398694,1.516741E8,14.856407,14.359839,14.138651,14.059103,14.68868,15.192921,13.549897,13.22913,0.49656773,0.22118855,0.30073643,0.07954788,55.6112917,-41.1446111,03 42 26.71,-41 08 40.6,0.004923,,17.0741,16.6998,Simbad,0.0
60,4,8577,55.63225419210978,-41.14952251705099,SER,1.24568927645279,543.0742,0.0173,761.8788,0.0043,23.3625,0.0222,17.9806,0.0011,0.3164,0.0018,0.1944,2.0E-4,-76.1898,0.016,543.0742,0.0173,761.8788,0.0043,23.3892,0.0177,17.5553,9.0E-4,0.4288,0.0012,0.1944,2.0E-4,-76.1898,0.016,543.0742,0.0173,761.8788,0.0043,23.4147,0.0290,17.3797,0.0016,0.5360,0.0022,0.1944,2.0E-4,-76.1898,0.016,543.0742,0.0173,761.8788,0.0043,23.4423,0.0468,17.2579,0.0024,0.6520,0.0039,0.1944,2.0E-4,-76.1898,0.016,112777,0555m412,8577,SER,0.01602056,64.05925,96.30719,116.96004,123.8108,1.3619049,1.2586563,1.0796129,1.2639811,0.5,428926.34,6.0206914,322550.6,-0.58624333,1.1220362E7,-0.3083774,7743582.5,17.983545,17.540854,17.329906,17.268105,17.81973,18.346998,17.578796,,0.4426918,0.21094704,0.27274895,0.06180191,55.6315,-41.1493889,03 42 31.56,-41 08 57.8,0.0,,20.0069,19.6158,Simbad,0.0
60,1,7924,55.61115773427836,-41.1554598853192,REX,1.24568927645279,760.2397,0.0068,679.8438,0.007,8.0505,0.0244,18.7233,0.0024,0.8975,0.0061,0.8678,0.0014,22.9769,0.5687,760.2397,0.0068,679.8438,0.007,13.9151,0.0973,17.9718,0.0044,2.3278,0.0133,0.8678,0.0014,22.9769,0.5687,760.2397,0.0068,679.8438,0.007,19.5108,0.1888,17.6916,0.0053,3.6925,0.0249,0.8678,0.0014,22.9769,0.5687,760.2397,0.0068,679.8438,0.007,25.5681,0.2889,17.5317,0.0056,5.1699,0.0380,0.8678,0.0014,22.9769,0.5687,112777,0555m412,7924,REX,0.016171342,32.43085,43.751408,48.46455,52.455135,1.389776,1.2586563,1.0796129,1.2639811,1.0,0.0,1.9769858,239716.05,0.0,0.0,0.0,0.0,18.722605,18.39752,18.28644,18.20053,19.205925,19.426176,16.352234,11.847135,0.3250847,0.11108017,0.19699097,0.0859108,55.6107917,-41.1556944,03 42 26.59,-41 09 20.5,0.0,,20.0337,19.9131,Simbad,0.0
60,3,8183,55.61951174555693,-41.16989996658953,PSF,1.24568927645279,673.6011,0.0027,481.5375,0.0028,*0.1074*,*0.0067*,18.304,0.0079,*10.1327*,*0.3494*,0.6068,0.0034,-60.3145,0.3281,673.6011,0.0027,481.5375,0.0028,0.9155,0.0074,17.8846,0.0016,*13.4338*,*0.1967*,0.6068,0.0034,-60.3145,0.3281,673.6011,0.0027,481.5375,0.0028,1.6865,0.0185,17.6923,0.0073,*16.5835*,*0.3283*,0.6068,0.0034,-60.3145,0.3281,673.6011,0.0027,481.5375,0.0028,2.5211,0.0311,17.5659,0.0096,*19.9930*,*0.5884*,0.6068,0.0034,-60.3145,0.3281,112777,0555m412,8183,PSF,0.015968593,44.052433,52.704987,49.092915,47.83614,1.3826966,1.2771543,1.0934019,1.2449532,0.0,0.0,0.0,0.0,0.0,0.0,0.0,0.0,18.390076,18.195372,18.272453,18.30061,17.342054,16.692055,15.92209,14.376433,0.19470406,-0.07708168,-0.10523796,-0.02815628,55.6192917,-41.17,03 42 28.63,-41 10 12.0,0.0,,19.9046,18.1355,Simbad,0.0
62,1,10483,57.72755090099398,-38.08460802995427,SER,1.22822651159851,739.7168,0.0017,488.3649,0.0012,17.8294,0.0073,16.6971,3.0E-4,1.0483,0.0007,0.7077,2.0E-4,64.7023,0.0244,739.7168,0.0017,488.3649,0.0012,17.5033,0.0044,16.0119,4.0E-4,1.2235,0.0004,0.7077,2.0E-4,64.7023,0.0244,739.7168,0.0017,488.3649,0.0012,17.1922,0.0060,15.6645,3.0E-4,1.3907,0.0006,0.7077,2.0E-4,64.7023,0.0244,739.7168,0.0017,488.3649,0.0012,16.8554,0.0103,15.4768,7.0E-4,1.5717,0.0010,0.7077,2.0E-4,64.7023,0.0244,127222,0577m380,10483,SER,0.013472011,221.01833,418.72916,583.7655,709.8514,1.1926609,1.0968132,1.2051644,1.1607262,1.5383704,3560109.2,5.1750073,1940620.9,-0.12782124,6.914968E7,0.13389966,7.3986144E7,16.63893,15.945167,15.584404,15.372082,15.457781,15.811007,13.970065,13.087752,0.6937628,0.3607626,0.57308483,0.21232224,57.7267083,-38.0846111,03 50 54.41,-38 05 04.6,0.0,,19.4063,18.679,Simbad,0.0
62,4,11409,57.74170209790228,-38.09319043677665,PSF,1.22822651159851,586.4156,0.001,370.2718,0.001,*0.1911*,*0.0029*,17.3112,4.0E-4,3.2585,0.0649,0.9588,0.0051,-56.913,3.258,586.4156,0.001,370.2718,0.001,*0.1693*,*0.0021*,16.9676,7.0E-4,4.1634,0.0544,0.9588,0.0051,-56.913,3.258,586.4156,0.001,370.2718,0.001,*0.1485*,*0.0021*,17.2182,0.0011,5.0267,0.0754,0.9588,0.0051,-56.913,3.258,586.4156,0.001,370.2718,0.001,*0.1261*,*0.0031*,17.0729,0.0021,5.9613,0.1137,0.9588,0.0051,-56.913,3.258,127222,0577m380,11409,PSF,0.013008162,132.61644,164.20807,134.08598,139.83728,1.2140466,1.0968132,1.2136701,1.1607262,0.0,0.0,0.0,0.0,0.0,0.0,0.0,0.0,17.193506,16.961514,17.181541,17.135942,15.348711,14.83432,14.140944,13.39274,0.23199272,-0.22002792,-0.17442894,0.045598984,57.7415833,-38.0931111,03 50 57.98,-38 05 35.2,0.582,,17.6741,17.2139,Simbad,0.0
62,2,10649,57.73011576466543,-38.06117170321892,EXP,1.22822651159851,711.9102,0.004,810.1391,0.0076,11.0501,0.0222,18.8652,0.0015,1.0460,0.0033,0.4404,5.0E-4,15.1433,0.0584,711.9102,0.004,810.1391,0.0076,11.8774,0.0260,18.6904,0.0026,1.1494,0.0035,0.4404,5.0E-4,15.1433,0.0584,711.9102,0.004,810.1391,0.0076,12.6667,0.0438,18.6253,0.0025,1.2481,0.0057,0.4404,5.0E-4,15.1433,0.0584,711.9102,0.004,810.1391,0.0076,13.5212,0.0665,18.5034,0.0079,1.3549,0.0088,0.4404,5.0E-4,15.1433,0.0584,127222,0577m380,10649,EXP,0.013639145,28.157057,31.059599,31.312723,31.87046,1.1888998,1.1108987,1.2125553,1.162139,1.0,0.0,2.8435533,653799.6,0.32131058,3846718.2,0.19568779,2893173.8,18.876032,18.76951,18.760698,18.74153,19.048126,20.649397,19.212755,11.593705,0.10652161,0.008811951,0.027980804,0.019168854,57.7299167,-38.0608889,03 50 55.18,-38 03 39.2,0.0,,19.4911,19.6442,Simbad,0.0
62,3,10694,57.73095681634258,-38.04195678843559,SER,1.22822651159851,702.916,0.0011,1074.2271,0.0018,9.1049,0.0032,17.7656,4.0E-4,0.3997,0.0008,0.4928,1.0E-4,-31.8742,0.0178,702.916,0.0011,1074.2271,0.0018,8.6586,0.0020,17.2012,6.0E-4,0.5719,0.0005,0.4928,1.0E-4,-31.8742,0.0178,702.916,0.0011,1074.2271,0.0018,8.2327,0.0026,16.9847,3.0E-4,0.7361,0.0008,0.4928,1.0E-4,-31.8742,0.0178,702.916,0.0011,1074.2271,0.0018,7.7717,0.0044,16.8219,0.0012,0.9139,0.0014,0.4928,1.0E-4,-31.8742,0.0178,127222,0577m380,10694,SER,0.013397953,78.04951,130.79202,162.57193,193.05673,1.1614562,1.0899554,1.2269942,1.1622659,0.62268496,2620427.8,2.213824,5165576.0,0.14985977,2.7432114E7,-0.30044606,3.969058E7,17.769075,17.208548,16.972385,16.785788,16.92697,17.499128,15.351199,12.858568,0.5605278,0.23616219,0.42276,0.18659782,57.7312917,-38.0416944,03 50 55.51,-38 02 30.1,0.0,,19.8489,19.4295,Simbad,0.0
68,4,12694,73.38137624380975,-36.24073564478677,DUP,0.60373824416547,485.7218,0.0016,861.6215,0.0019,72.8677,0.5680,16.6673,0.0041,5.8478,0.0217,0.6637,6.0E-4,8.8063,0.0618,485.7218,0.0016,861.6215,0.0019,70.1449,0.2842,15.7876,0.0021,6.8119,0.0103,0.6637,6.0E-4,8.8063,0.0618,485.7218,0.0016,861.6215,0.0019,67.5470,0.3591,15.4688,0.0025,7.7318,0.0152,0.6637,6.0E-4,8.8063,0.0618,485.7218,0.0016,861.6215,0.0019,64.7347,0.6985,15.2819,0.0051,8.7275,0.0298,0.6637,6.0E-4,8.8063,0.0618,135321,0734m362,12694,DUP,0.009605601,0.0,0.0,0.0,0.0,1.4060713,1.1777216,1.1307229,1.1526495,0.0,0.0,0.0,0.0,0.0,0.0,0.0,0.0,Infinity,Infinity,Infinity,Infinity,Infinity,Infinity,Infinity,Infinity,,,,,73.381,-36.2401111,04 53 31.44,-36 14 24.4,0.0,,19.6429,19.4577,Simbad,0.0
68,1,1826,73.34498265667271,-36.24702057351266,SER,0.60373824416547,889.0855,0.007,775.5761,0.005,16.2422,0.0928,18.618,0.0043,1.9820,0.0132,0.6173,0.0013,-55.0046,0.1629,889.0855,0.007,775.5761,0.005,14.9528,0.0514,18.2497,0.0027,2.1994,0.0076,0.6173,0.0013,-55.0046,0.1629,889.0855,0.007,775.5761,0.005,13.7226,0.0843,18.1501,0.0047,2.4069,0.0143,0.6173,0.0013,-55.0046,0.1629,889.0855,0.007,775.5761,0.005,12.3908,0.1520,18.1448,0.0089,2.6314,0.0254,0.6173,0.0013,-55.0046,0.1629,135321,0734m362,1826,SER,0.009709291,34.541126,52.289837,61.754627,68.529884,1.3849535,1.1570665,1.113414,1.1147665,2.4493582,27814.994,4.4386387,30264.41,-0.08225331,500971.0,-0.22356422,930698.4,18.65416,18.203957,18.023327,17.9103,19.028727,19.208858,,13.474765,0.45020294,0.18062973,0.2936573,0.11302757,73.3445,-36.2468056,04 53 22.68,-36 14 48.5,0.0,,20.0759,20.155,Simbad,0.0
68,3,2667,73.36776031033033,-36.25887232763502,SER,0.60373824416547,636.7284,0.0032,611.917,0.0036,22.2856,0.5415,18.0624,0.0094,9.6415,0.0999,0.5235,0.0014,1.456,0.1248,636.7284,0.0032,611.917,0.0036,23.7747,0.3274,17.6108,0.0054,9.4099,0.0573,0.5235,0.0014,1.456,0.1248,636.7284,0.0032,611.917,0.0036,25.1954,0.5346,17.3983,0.0086,9.1890,0.0775,0.5235,0.0014,1.456,0.1248,636.7284,0.0032,611.917,0.0036,26.7333,0.9333,17.3113,0.0141,8.9498,0.1379,0.5235,0.0014,1.456,0.1248,135321,0734m362,2667,SER,0.00980965,41.518276,59.61058,70.95655,74.95156,1.4178323,1.1801187,1.1569327,1.1556872,6.0,4658.8203,3.017456,48223.035,0.28203592,783374.25,0.029684069,469367.06,18.454401,18.061691,17.872519,17.813047,19.254517,19.813044,17.845795,13.588338,0.39270973,0.18917274,0.24864388,0.05947113,73.368,-36.2591944,04 53 28.32,-36 15 33.1,0.0,,20.2777,20.2564,Simbad,0.0
68,2,2354,73.35924354458093,-36.26736970178203,SER,0.60373824416547,731.7169,0.0027,496.0767,0.0029,2.6043,0.0140,18.8688,0.0026,4.9085,0.0488,0.4407,0.0016,0.9388,0.1161,731.7169,0.0027,496.0767,0.0029,3.4364,0.0100,18.4243,0.0018,4.5212,0.0327,0.4407,0.0016,0.9388,0.1161,731.7169,0.0027,496.0767,0.0029,4.2303,0.0198,18.2932,0.0028,4.1517,0.0326,0.4407,0.0016,0.9388,0.1161,731.7169,0.0027,496.0767,0.0029,5.0897,0.0337,18.057,0.0042,3.7517,0.0494,0.4407,0.0016,0.9388,0.1161,135321,0734m362,2354,SER,0.009896941,28.704426,38.949703,41.446712,47.079605,1.4047327,1.151531,1.1288502,1.1104895,4.8547764,1266.2491,0.95950675,7598021.5,0.34847307,8467054.0,0.046930198,8137990.0,18.855127,18.523739,18.456274,18.317919,18.457367,18.73148,19.167582,,0.33138847,0.06746483,0.20582008,0.13835526,73.3592083,-36.2675,04 53 26.21,-36 16 03.0,0.0,,19.9725,19.3209,Simbad,0.0
186,3,3576,314.4895706185349,-24.94810710824377,SER,0.458366748082473,627.8249,0.0027,911.7556,0.0022,6.5886,0.0421,17.635,0.0041,2.7306,0.0306,0.6486,0.0013,54.5251,0.1466,0.0,0.0,0.0,0.0,0.0,0.0,0.0,0.0,0.0,0.0,0.0,0.0,0.0,0.0,627.8249,0.0027,911.7556,0.0022,6.2929,0.0207,16.4779,0.0018,3.2626,0.0139,0.6486,0.0013,54.5251,0.1466,627.8249,0.0027,911.7556,0.0022,6.1366,0.0344,16.2847,0.0033,3.5437,0.0236,0.6486,0.0013,54.5251,0.1466,191940,3144m250,3576,SER,0.06218225,85.462425,0.0,246.07549,284.83264,2.0286293,0.0,1.6138624,1.221678,3.7254632,2701.402,1.5663549,117731.09,-0.08039201,317902.3,0.21479124,481684.06,17.670563,Infinity,16.52233,16.363525,16.18135,16.398172,13.983911,12.020897,Infinity,Infinity,Infinity,0.15880394,314.49,-24.948,20 57 57.60,-24 56 52.8,0.094365,,19.6399,19.688,Simbad,0.0
186,1,3253,314.472846415685,-24.96240135644899,REX,0.458366748082473,836.5536,0.0051,716.8831,0.0054,25.6648,0.2215,17.2951,0.0059,2.7396,0.0188,0.8958,0.0019,-32.2178,0.6364,0.0,0.0,0.0,0.0,0.0,0.0,0.0,0.0,0.0,0.0,0.0,0.0,0.0,0.0,836.5536,0.0051,716.8831,0.0054,18.8805,0.1178,16.4013,0.0039,3.3985,0.0157,0.8958,0.0019,-32.2178,0.6364,836.5536,0.0051,716.8831,0.0054,15.2947,0.1873,16.3583,0.0074,3.7467,0.0238,0.8958,0.0019,-32.2178,0.6364,191940,3144m250,3253,REX,0.062246647,86.610825,0.0,245.81271,311.40714,1.7189217,0.0,1.3877546,1.221678,1.0,0.0,4.199363,34579.242,0.0,0.0,0.0,0.0,17.656069,Infinity,16.523489,16.266678,16.977415,17.554752,17.453753,,Infinity,Infinity,Infinity,0.25681114,314.473,-24.9623889,20 57 53.52,-24 57 44.6,0.0,,19.5318,19.1392,Simbad,0.0
186,4,3677,314.4941688273316,-24.96287790106267,SER,0.458366748082473,570.5071,0.0035,709.2769,0.0042,5.4471,0.0097,17.8621,0.0011,0.9389,0.0066,0.761,0.001,-8.8131,0.1751,0.0,0.0,0.0,0.0,0.0,0.0,0.0,0.0,0.0,0.0,0.0,0.0,0.0,0.0,570.5071,0.0035,709.2769,0.0042,5.7368,0.0074,16.9866,7.0E-4,0.9464,0.0035,0.761,0.001,-8.8131,0.1751,570.5071,0.0035,709.2769,0.0042,5.8899,0.0112,16.8623,0.0018,0.9503,0.0059,0.761,0.001,-8.8131,0.1751,191940,3144m250,3677,SER,0.06236795,72.16127,0.0,158.19318,174.23877,1.7189217,0.0,1.3877546,1.221678,0.9117443,39624.984,1.4880819,365343.3,0.12924376,1268542.0,-0.036508497,685552.25,17.85424,Infinity,17.002031,16.897139,17.028147,17.249165,14.697726,12.439299,Infinity,Infinity,Infinity,0.10489273,314.494,-24.9628889,20 57 58.56,-24 57 46.4,0.0,,19.6074,19.1857,Simbad,0.0
186,2,3426,314.4821964439124,-24.98454274202755,PSF,0.458366748082473,719.2754,0.023,410.7152,0.0253,*0.0482*,*0.0472*,19.1471,0.3251,6.8073,4.3741,0.3623,0.0228,76.3388,1.6391,0.0,0.0,0.0,0.0,0.0,0.0,0.0,0.0,0.0,0.0,0.0,0.0,0.0,0.0,719.2754,0.023,410.7152,0.0253,1.1671,0.0972,19.5801,0.0252,*12.3679*,*1.3902*,0.3623,0.0228,76.3388,1.6391,719.2754,0.023,410.7152,0.0253,1.7585,0.1522,19.6867,0.0352,*15.3069*,*2.5988*,0.3623,0.0228,76.3388,1.6391,191940,3144m250,3426,PSF,0.06266701,19.193615,0.0,11.220144,9.102077,1.7189217,0.0,1.3877546,1.221678,0.0,0.0,0.0,0.0,0.0,0.0,0.0,0.0,19.292109,Infinity,19.875004,20.102148,22.43999,,,14.427095,Infinity,Infinity,Infinity,-0.22714424,314.482,-24.9843889,20 57 55.68,-24 59 03.8,0.0,,18.628,18.7564,Simbad,0.0
230,3,5015,27.48574877761106,-27.8187794532997,SER,1.34129265268485,640.012,0.0017,680.0001,9.0E-4,24.6329,0.0065,15.1624,2.0E-4,0.9885,0.0006,0.4839,1.0E-4,-63.1734,0.0066,640.012,0.0017,680.0001,9.0E-4,24.1194,0.0046,14.471,1.0E-4,1.2273,0.0004,0.4839,1.0E-4,-63.1734,0.0066,640.012,0.0017,680.0001,9.0E-4,23.6294,0.0056,14.1681,2.0E-4,1.4551,0.0005,0.4839,1.0E-4,-63.1734,0.0066,640.012,0.0017,680.0001,9.0E-4,23.0990,0.0088,13.9075,3.0E-4,1.7017,0.0008,0.4839,1.0E-4,-63.1734,0.0066,176695,0275m277,5015,SER,0.01670039,839.90796,1568.1433,2153.7815,2641.4297,1.3737918,1.2485092,1.1985016,1.2381035,1.294055,9517701.0,6.241044,3075844.0,-0.20751679,2.1160355E8,-0.2965732,2.6643683E8,15.189421,14.511536,14.166996,13.945402,14.118378,14.531201,12.30531,11.700524,0.67788506,0.34453964,0.5661335,0.22159386,27.485875,-27.8186667,01 49 56.61,-27 49 07.2,0.042866,,18.0001,17.1341,Simbad,0.0
230,4,5257,27.4914190220405,-27.81209212365086,SER,1.34129265268485,570.5806,0.0027,771.8055,0.0039,18.8856,0.0112,16.3358,6.0E-4,0.6959,0.0010,0.6697,2.0E-4,-24.1295,0.0379,570.5806,0.0027,771.8055,0.0039,18.5508,0.0066,15.7151,4.0E-4,0.9306,0.0006,0.6697,2.0E-4,-24.1295,0.0379,570.5806,0.0027,771.8055,0.0039,18.2314,0.0098,15.4048,5.0E-4,1.1544,0.0009,0.6697,2.0E-4,-24.1295,0.0379,570.5806,0.0027,771.8055,0.0039,17.8856,0.0172,15.2263,8.0E-4,1.3967,0.0017,0.6697,2.0E-4,-24.1295,0.0379,176695,0275m277,5257,SER,0.016820326,303.0888,545.7481,733.7999,885.0614,1.3717893,1.2390314,1.185571,1.1523154,1.2469515,1982172.2,5.3099303,867091.94,0.13243951,3.1694188E7,-0.14717263,3.256967E7,16.296076,15.657519,15.336056,15.132566,15.586008,15.901958,13.91207,11.872924,0.6385565,0.32146358,0.5249529,0.2034893,27.4910833,-27.8120833,01 49 57.86,-27 48 43.5,0.0,,18.9147,18.3172,Simbad,0.0
230,5,5644,27.50007935114963,-27.81807803003387,SER,1.34129265268485,465.8621,0.0089,689.5943,0.0111,11.6435,0.0351,18.3969,0.0028,0.8497,0.0050,0.7601,0.0011,4.7524,0.2785,465.8621,0.0089,689.5943,0.0111,11.1810,0.0266,18.0581,0.0021,1.1518,0.0041,0.7601,0.0011,4.7524,0.2785,465.8621,0.0089,689.5943,0.0111,10.7397,0.0447,17.8961,0.0035,1.4400,0.0076,0.7601,0.0011,4.7524,0.2785,465.8621,0.0089,689.5943,0.0111,10.2620,0.0733,17.8554,0.0059,1.7520,0.0126,0.7601,0.0011,4.7524,0.2785,176695,0275m277,5644,SER,0.016837442,43.20784,60.769867,73.28308,79.24558,1.3741232,1.2511263,1.1973808,1.194737,1.2560782,87073.96,3.0604537,137959.08,0.13710256,2071497.8,0.02296209,904099.2,18.411093,18.04078,17.83749,17.752562,18.064203,18.296534,,12.782163,0.37031364,0.20328903,0.28821754,0.08492851,27.499875,-27.8181111,01 49 59.97,-27 49 05.2,0.088395,,19.9607,19.4494,Simbad,0.0
230,2,4219,27.46902204298467,-27.82031360324704,REX,1.34129265268485,843.2892,0.0045,658.9886,0.004,*0.2763*,*0.0131*,19.0966,0.0084,8.7982,0.5551,0.5855,0.0064,34.3795,0.5298,843.2892,0.0045,658.9886,0.004,0.8527,0.0125,18.7148,0.0077,*10.2963*,*0.3762*,0.5855,0.0064,34.3795,0.5298,843.2892,0.0045,658.9886,0.004,1.4027,0.0202,18.4433,0.0092,*11.7257*,*0.3870*,0.5855,0.0064,34.3795,0.5298,843.2892,0.0045,658.9886,0.004,1.9980,0.0312,18.0677,0.012,*13.2730*,*0.5855*,0.5855,0.0064,34.3795,0.5298,176695,0275m277,4219,REX,0.01650874,21.944717,26.342772,29.190453,38.42343,1.3800784,1.2583481,1.2120886,1.2675332,1.0,0.0,0.2582725,2062917.1,0.0,0.0,0.0,0.0,19.146675,18.948347,18.836899,18.53851,16.865437,16.261951,15.218002,,0.19832802,0.11144829,0.40983772,0.29838943,27.468875,-27.8204167,01 49 52.53,-27 49 13.5,0.0,,19.6399,19.4916,Simbad,0.0
230,1,3942,27.46342358877521,-27.82211553235923,EXP,1.34129265268485,902.0754,0.0093,637.4759,0.0067,8.8806,0.0234,18.8014,0.0025,0.6290,0.0057,0.5094,0.001,54.4273,0.1222,902.0754,0.0093,637.4759,0.0067,8.7772,0.0181,18.4465,0.0021,0.8673,0.0034,0.5094,0.001,54.4273,0.1222,902.0754,0.0093,637.4759,0.0067,8.6786,0.0295,18.2464,0.0032,1.0946,0.0067,0.5094,0.001,54.4273,0.1222,902.0754,0.0093,637.4759,0.0067,8.5719,0.0479,18.2007,0.0047,1.3407,0.0118,0.5094,0.001,54.4273,0.1222,176695,0275m277,3942,EXP,0.016425818,2.7189376,1.9415921,1.8441373,1.2976575,1.3823347,1.2561421,1.2068172,1.2675332,1.0,0.0,0.8101445,22852.3,0.75513315,17231.775,-0.3814558,18533.754,21.414001,21.779606,21.835516,22.2171,,,18.600899,15.25013,-0.3656044,-0.05591011,-0.43749428,-0.38158417,27.4637083,-27.822,01 49 51.29,-27 49 19.2,0.088744,,19.9635,20.0312,Simbad,0.0
234,1,1066,66.37509485387507,-64.4484969496396,SER,0.678363784164879,925.2841,0.0018,852.6764,0.0019,2.5731,0.0157,18.6139,0.0032,6.3518,0.0679,0.715,0.002,12.1634,0.2475,925.2841,0.0018,852.6764,0.0019,2.8703,0.0098,18.2691,0.0019,6.1950,0.0401,0.715,0.002,12.1634,0.2475,925.2841,0.0018,852.6764,0.0019,3.1538,0.0190,17.9757,0.0032,6.0455,0.0532,0.715,0.002,12.1634,0.2475,925.2841,0.0018,852.6764,0.0019,3.4607,0.0331,17.958,0.0051,5.8836,0.0931,0.715,0.002,12.1634,0.2475,32351,0666m645,1066,SER,0.03429853,33.7462,44.850834,57.862457,56.41591,1.3223931,1.0852512,1.0028749,1.1099685,5.9745584,1177.0901,0.81340903,425267.56,0.13675153,527349.44,0.0697306,403598.53,18.679438,18.370573,18.094007,18.121496,18.247541,18.496738,15.844645,15.279074,0.3088646,0.27656555,0.24907684,-0.027488708,66.3749583,-64.4483056,04 25 29.99,-64 26 53.9,0.0,,19.9531,19.6718,Simbad,0.0
234,3,2809,66.42993441503693,-64.45507793784977,PSF,0.678363784164879,600.2442,0.0044,762.242,0.0039,*0.0515*,*0.0065*,18.7245,0.028,9.1592,0.6885,0.5609,0.0045,-12.545,0.369,600.2442,0.0044,762.242,0.0039,1.1502,0.0148,18.771,0.0094,*12.7224*,*0.3613*,0.5609,0.0045,-12.545,0.369,600.2442,0.0044,762.242,0.0039,2.1984,0.0279,18.7401,0.0092,*16.1222*,*0.4656*,0.5609,0.0045,-12.545,0.369,600.2442,0.0044,762.242,0.0039,3.3332,0.0426,18.7457,0.0114,*19.8025*,*0.8751*,0.5609,0.0045,-12.545,0.369,32351,0666m645,2809,PSF,0.034393147,28.080196,20.943882,16.218277,14.062773,1.3403983,1.1098868,1.002558,1.1211792,0.0,0.0,0.0,0.0,0.0,0.0,0.0,0.0,18.879,19.197357,19.474989,19.629822,20.705494,21.787045,19.357267,,-0.31835747,-0.27763176,-0.4324646,-0.15483284,66.4297083,-64.4549722,04 25 43.13,-64 27 17.9,0.0,,19.5091,19.3703,Simbad,0.0
234,2,1101,66.37589592180791,-64.46185690174991,SER,0.678363784164879,920.897,0.003,668.5826,0.0028,12.1770,0.0066,17.0818,5.0E-4,0.6116,0.0009,0.8529,3.0E-4,-49.8431,0.1126,920.897,0.003,668.5826,0.0028,11.9058,0.0056,16.867,5.0E-4,0.7155,0.0007,0.8529,3.0E-4,-49.8431,0.1126,920.897,0.003,668.5826,0.0028,11.6470,0.0094,16.8481,0.001,0.8146,0.0013,0.8529,3.0E-4,-49.8431,0.1126,920.897,0.003,668.5826,0.0028,11.3669,0.0150,16.7969,0.0014,0.9220,0.0022,0.8529,3.0E-4,-49.8431,0.1126,32351,0666m645,1101,SER,0.033957474,133.21613,164.04129,169.6433,182.86803,1.3223931,1.0852512,1.002558,1.1099685,0.6884765,941042.5,3.1406682,1138061.5,0.026122326,6826551.0,-0.15997401,1.2291938E7,17.188608,16.962618,16.926159,16.844656,17.550827,17.919392,16.98145,11.748901,0.2259903,0.03645897,0.11796188,0.081502914,66.37525,-64.46175,04 25 30.06,-64 27 42.3,0.0,,18.0614,17.7904,Simbad,0.0
234,4,2880,66.431885041347,-64.46400266056607,SER,0.678363784164879,588.7078,0.0039,639.5425,0.0032,7.0728,0.0119,18.4783,0.0013,1.0356,0.0035,0.7764,9.0E-4,-51.3091,0.1765,588.7078,0.0039,639.5425,0.0032,7.3560,0.0093,18.1972,0.0011,1.0169,0.0019,0.7764,9.0E-4,-51.3091,0.1765,588.7078,0.0039,639.5425,0.0032,7.6262,0.0161,18.1215,0.0024,0.9990,0.0035,0.7764,9.0E-4,-51.3091,0.1765,588.7078,0.0039,639.5425,0.0032,7.9187,0.0264,18.0205,0.0034,0.9796,0.0063,0.7764,9.0E-4,-51.3091,0.1765,32351,0666m645,2880,SER,0.034383718,39.06577,49.428146,51.551342,55.00596,1.3403983,1.1098868,1.0062994,1.10456,0.8729967,101466.89,1.8061485,415667.6,-0.026631912,1082551.4,-0.11432966,2213276.8,18.52051,18.265064,18.2194,18.148975,19.051342,19.528643,,13.199039,0.25544548,0.045663834,0.11608887,0.07042503,66.4320417,-64.4639722,04 25 43.69,-64 27 50.3,0.0,,19.8191,19.3976,Simbad,0.0
234,5,3970,66.46432422712171,-64.4736664545824,SER,0.678363784164879,396.7472,0.0072,506.8365,0.0055,9.4139,0.0439,18.7651,0.0034,1.6804,0.0103,0.6835,0.0015,-66.5257,0.2135,396.7472,0.0072,506.8365,0.0055,9.8806,0.0359,18.4252,0.0028,1.8151,0.0076,0.6835,0.0015,-66.5257,0.2135,396.7472,0.0072,506.8365,0.0055,10.3260,0.0659,18.2698,0.005,1.9436,0.0132,0.6835,0.0015,-66.5257,0.2135,396.7472,0.0072,506.8365,0.0055,10.8081,0.1080,18.1526,0.0075,2.0828,0.0219,0.6835,0.0015,-66.5257,0.2135,32351,0666m645,3970,SER,0.034652293,27.407103,36.776268,40.819386,44.020725,1.3138779,1.1763734,1.0062994,1.1137984,1.5490571,15725.621,2.189572,200819.22,-0.16396672,629388.9,-0.090596244,478388.62,18.905342,18.58608,18.472834,18.390858,19.169249,19.802036,17.527699,,0.31926155,0.11324692,0.19522285,0.08197594,66.463875,-64.4735,04 25 51.33,-64 28 24.6,0.0,,19.8723,20.5146,Simbad,0.0
235,4,10060,66.75788923904496,-49.1245573541696,DUP,2.02398643307026,535.3642,0.0012,617.0502,0.0014,27.9646,0.0763,15.7576,0.0014,4.9840,0.0093,0.6724,3.0E-4,10.1145,0.0391,535.3642,0.0012,617.0502,0.0014,25.6700,0.0493,14.9044,0.001,4.9660,0.0060,0.6724,3.0E-4,10.1145,0.0391,535.3642,0.0012,617.0502,0.0014,23.4808,0.0440,14.5621,0.001,4.9489,0.0058,0.6724,3.0E-4,10.1145,0.0391,535.3642,0.0012,617.0502,0.0014,21.1109,0.0664,14.3546,0.0016,4.9304,0.0090,0.6724,3.0E-4,10.1145,0.0391,81279,0666m490,10060,DUP,0.019797854,0.0,0.0,0.0,0.0,1.3465796,1.3330152,1.1572496,1.1130242,0.0,0.0,0.0,0.0,0.0,0.0,0.0,0.0,Infinity,Infinity,Infinity,Infinity,Infinity,Infinity,Infinity,Infinity,,,,,66.7572917,-49.1238333,04 27 01.75,-49 07 25.8,0.0,,18.7048,18.807,Simbad,0.0
235,5,8148,66.77262982968402,-49.11473712347369,SER,2.02398643307026,407.1009,0.0016,749.3087,8.0E-4,14.3452,0.0090,15.5292,4.0E-4,2.0113,0.0016,0.4784,1.0E-4,77.0194,0.013,407.1009,0.0016,749.3087,8.0E-4,14.4472,0.0055,14.872,3.0E-4,1.9173,0.0009,0.4784,1.0E-4,77.0194,0.013,407.1009,0.0016,749.3087,8.0E-4,14.5445,0.0066,14.678,4.0E-4,1.8276,0.0009,0.4784,1.0E-4,77.0194,0.013,407.1009,0.0016,749.3087,8.0E-4,14.6498,0.0112,14.4511,5.0E-4,1.7305,0.0015,0.4784,1.0E-4,77.0194,0.013,81279,0666m490,8148,SER,0.019724023,513.7137,972.5458,1294.2363,1543.8142,1.32893,1.3389413,1.1431184,1.1153045,0.9369088,6193375.0,5.142897,9521085.0,-0.27979824,1.2276644E8,0.21880153,1.20366144E8,15.723197,15.030225,14.719966,14.528512,14.943882,15.4426,13.423775,,0.6929722,0.31025887,0.5017128,0.19145393,66.7724167,-49.1146389,04 27 05.38,-49 06 52.7,0.05828,,17.6725,17.0204,Simbad,0.0
235,1,6575,66.71578600950266,-49.11614529629508,REX,2.02398643307026,913.7438,0.0042,732.6036,0.0045,11.1825,0.0154,16.9969,0.0012,1.0916,0.0024,0.9483,7.0E-4,5.4165,0.5946,913.7438,0.0042,732.6036,0.0045,11.0889,0.0101,16.6266,8.0E-4,1.2310,0.0015,0.9483,7.0E-4,5.4165,0.5946,913.7438,0.0042,732.6036,0.0045,10.9997,0.0168,16.476,0.0014,1.3639,0.0026,0.9483,7.0E-4,5.4165,0.5946,913.7438,0.0042,732.6036,0.0045,10.9030,0.0286,16.3962,0.0022,1.5078,0.0045,0.9483,7.0E-4,5.4165,0.5946,81279,0666m490,6575,REX,0.02021754,147.3691,208.92911,250.81734,259.7341,1.3261907,1.3363465,1.1395792,1.1149026,1.0,0.0,2.6555638,1208268.8,0.0,0.0,0.0,0.0,17.078983,16.700003,16.501606,16.463678,16.765846,17.158281,14.911572,13.767239,0.37898064,0.19839668,0.23632431,0.037927628,66.7155833,-49.1161944,04 26 51.74,-49 06 58.3,0.0,,18.5235,18.163,Simbad,0.0
235,2,6922,66.72834628857257,-49.1176649251292,SER,2.02398643307026,801.1436,0.0159,711.9071,0.0123,13.1281,0.1183,18.6296,0.0068,1.8116,0.0191,0.6933,0.0023,-86.744,0.3818,801.1436,0.0159,711.9071,0.0123,12.6818,0.0703,18.3611,0.0045,1.8495,0.0112,0.6933,0.0023,-86.744,0.3818,801.1436,0.0159,711.9071,0.0123,12.2560,0.1173,18.2549,0.008,1.8857,0.0195,0.6933,0.0023,-86.744,0.3818,801.1436,0.0159,711.9071,0.0123,11.7950,0.2062,18.2401,0.0139,1.9249,0.0345,0.6933,0.0023,-86.744,0.3818,81279,0666m490,6922,SER,0.02005361,44.72741,58.99403,66.01034,69.27231,1.3261907,1.3363465,1.1395792,1.1149026,3.0436401,15404.387,5.23879,15299.074,-0.16168307,672007.8,0.016467517,298044.28,18.373566,18.072979,17.95097,17.898602,,,,,0.3005867,0.12200928,0.17437744,0.052368164,66.7280833,-49.1176667,04 26 54.74,-49 07 03.6,0.0,,19.9712,19.6633,Simbad,0.0
235,3,10927,66.73140597687143,-49.12506145178234,SER,2.02398643307026,773.5778,0.003,610.4314,0.0024,12.5010,0.0365,16.9046,0.0018,2.8752,0.0080,0.6733,7.0E-4,-66.2703,0.0913,773.5778,0.003,610.4314,0.0024,13.4963,0.0251,16.5174,0.0012,3.0509,0.0051,0.6733,7.0E-4,-66.2703,0.0913,773.5778,0.003,610.4314,0.0024,14.4459,0.0450,16.3009,0.0019,3.2187,0.0075,0.6733,7.0E-4,-66.2703,0.0913,773.5778,0.003,610.4314,0.0024,15.4738,0.0763,16.1456,0.0029,3.4002,0.0128,0.6733,7.0E-4,-66.2703,0.0913,80334,0665m492,10927,SER,0.020014493,228.24928,316.00607,363.7375,401.984,1.3317205,1.3388722,1.1374329,1.1144613,5.042731,88435.15,6.4692926,432469.25,-0.1402565,6295912.0,-0.15379098,6714699.5,16.603977,16.250761,16.09803,15.989478,16.49382,16.894287,15.411119,13.404518,0.35321617,0.15273094,0.26128292,0.10855198,66.7312917,-49.1246944,04 26 55.51,-49 07 28.9,0.0,,18.8249,18.3212,Simbad,0.0
236,1,5222,69.2653149436005,-46.70667876176086,EXP,0.604531607230023,956.8945,0.0033,441.9734,0.0036,11.3696,0.0095,17.3602,8.0E-4,0.8269,0.0016,0.9148,5.0E-4,22.4639,0.2478,956.8945,0.0033,441.9734,0.0036,11.0925,0.0061,16.749,5.0E-4,0.9154,0.0010,0.9148,5.0E-4,22.4639,0.2478,956.8945,0.0033,441.9734,0.0036,10.8282,0.0078,16.493,8.0E-4,0.9999,0.0013,0.9148,5.0E-4,22.4639,0.2478,956.8945,0.0033,441.9734,0.0036,10.5420,0.0128,16.333,0.001,1.0913,0.0022,0.9148,5.0E-4,22.4639,0.2478,89994,0692m467,5222,EXP,0.009023707,112.06776,198.72723,254.70499,302.82465,1.4865891,1.2157111,1.0232707,1.1219002,1.0,0.0,2.96863,704777.8,0.04113747,8058945.5,0.044480395,8478056.0,17.376299,16.754356,16.484907,16.297022,16.684439,17.199217,15.654359,,0.6219425,0.26944923,0.45733452,0.18788528,69.2649167,-46.7066667,04 37 03.58,-46 42 24.0,0.0,,19.8033,19.4555,Simbad,0.0
236,5,6641,69.31889408980804,-46.68418047490785,SER,0.604531607230023,452.2193,0.0026,752.0829,0.0012,26.0566,0.0076,15.7183,3.0E-4,0.7897,0.0006,0.3983,1.0E-4,-83.4864,0.007,452.2193,0.0026,752.0829,0.0012,25.5733,0.0047,15.0087,2.0E-4,1.0060,0.0004,0.3983,1.0E-4,-83.4864,0.007,452.2193,0.0026,752.0829,0.0012,25.1122,0.0062,14.6879,3.0E-4,1.2124,0.0005,0.3983,1.0E-4,-83.4864,0.007,452.2193,0.0026,752.0829,0.0012,24.6130,0.0105,14.4355,3.0E-4,1.4358,0.0008,0.3983,1.0E-4,-83.4864,0.007,89994,0692m467,6641,SER,0.009775669,507.60275,969.8985,1320.699,1608.2468,1.5413724,1.2901754,1.0514185,1.0621557,0.9728374,4833480.0,6.586802,1251083.6,-0.43327504,1.3360417E8,-0.097372815,7.391033E7,15.73619,15.033184,14.69799,14.484118,14.511899,14.714786,12.77519,11.869711,0.7030058,0.33519363,0.5490656,0.21387196,69.3185,-46.6842222,04 37 16.44,-46 41 03.2,0.0,,18.5054,18.1928,Simbad,0.0
236,3,6034,69.29654182797566,-46.6852071748319,PSF,0.604531607230023,663.1267,0.0034,737.5062,0.0037,0.6442,0.0238,19.0502,0.0119,*20.0000*,*0.5565*,0.6899,0.0039,-72.166,0.435,663.1267,0.0034,737.5062,0.0037,12.2847,0.7325,18.087,0.0178,*17.9844*,*0.4711*,0.6899,0.0039,-72.166,0.435,663.1267,0.0034,737.5062,0.0037,23.3914,1.4366,17.931,0.0191,*16.0612*,*0.3982*,0.6899,0.0039,-72.166,0.435,663.1267,0.0034,737.5062,0.0037,35.4144,2.1989,17.7042,0.0217,*13.9793*,*0.3352*,0.6899,0.0039,-72.166,0.435,89994,0692m467,6034,PSF,0.009568738,16.018166,23.62239,20.485935,20.095188,1.5455946,1.2715396,0.9714542,1.0719801,0.0,0.0,0.0,0.0,0.0,0.0,0.0,0.0,19.488468,19.06669,19.221361,19.24227,18.339357,17.589926,16.540512,15.119361,0.42177773,-0.15467072,-0.17557907,-0.020908356,69.29625,-46.68525,04 37 11.10,-46 41 06.9,0.0,,20.2652,19.5287,Simbad,0.0
236,2,5508,69.27603373592217,-46.6978590063849,SER,0.604531607230023,856.1168,0.0068,563.4205,0.0075,17.8043,0.0337,18.0812,0.0019,0.8180,0.0030,0.5218,5.0E-4,-42.1176,0.0679,856.1168,0.0068,563.4205,0.0075,17.7613,0.0240,17.467,0.0013,1.0890,0.0021,0.5218,5.0E-4,-42.1176,0.0679,856.1168,0.0068,563.4205,0.0075,17.7203,0.0384,17.1759,0.0021,1.3475,0.0035,0.5218,5.0E-4,-42.1176,0.0679,856.1168,0.0068,563.4205,0.0075,17.6759,0.0634,17.0213,0.0028,1.6273,0.0058,0.5218,5.0E-4,-42.1176,0.0679,89994,0692m467,5508,SER,0.00923022,65.34463,114.34213,150.38742,176.85565,1.4865891,1.2157111,1.0232707,1.1144428,1.5319018,108241.01,5.5452275,179209.31,0.030681167,1376893.4,-0.32748768,2644791.0,17.961975,17.354485,17.05697,16.880953,17.983908,18.688906,,,0.60749054,0.29751396,0.47353172,0.17601776,69.2760833,-46.698,04 37 06.26,-46 41 52.8,0.0,,20.3729,20.1247,Simbad,0.0
236,4,6490,69.31406448948452,-46.67005421537799,SER,0.604531607230023,498.2742,0.0032,945.9786,0.004,11.0285,0.0155,17.6555,0.0012,1.1435,0.0029,0.6616,5.0E-4,39.8897,0.082,498.2742,0.0032,945.9786,0.004,10.6157,0.0097,17.3139,8.0E-4,1.1360,0.0018,0.6616,5.0E-4,39.8897,0.082,498.2742,0.0032,945.9786,0.004,10.2218,0.0127,17.2081,0.0014,1.1289,0.0024,0.6616,5.0E-4,39.8897,0.082,498.2742,0.0032,945.9786,0.004,9.7954,0.0216,17.118,0.0018,1.1212,0.0040,0.6616,5.0E-4,39.8897,0.082,89994,0692m467,6490,SER,0.009968031,83.49896,117.08954,133.22386,147.90912,1.464636,1.3362054,1.1843578,1.1732255,1.1740314,168134.95,2.7426891,3176371.5,0.03685533,5675136.5,0.20235567,9033136.0,17.695797,17.328705,17.188545,17.075012,17.57196,18.131598,16.009148,14.220016,0.36709213,0.1401596,0.25369263,0.11353302,69.3139167,-46.6700833,04 37 15.34,-46 40 12.3,0.0,,19.4243,19.0937,Simbad,0.0
270,4,10312,61.54860082846632,-36.9374787358167,SER,0.605800785184517,655.9765,0.0012,585.7523,0.0014,25.1009,0.0513,16.6037,0.0012,2.5472,0.0042,0.7608,3.0E-4,-5.3792,0.0516,655.9765,0.0012,585.7523,0.0014,31.0539,0.0405,15.6714,7.0E-4,3.7289,0.0030,0.7608,3.0E-4,-5.3792,0.0516,655.9765,0.0012,585.7523,0.0014,36.7340,0.0753,15.252,0.001,4.8564,0.0048,0.7608,3.0E-4,-5.3792,0.0516,655.9765,0.0012,585.7523,0.0014,42.8826,0.1247,14.9743,0.0013,6.0770,0.0080,0.7608,3.0E-4,-5.3792,0.0516,131812,0614m370,10312,SER,0.0049562813,337.19763,720.2077,1002.5645,1290.7108,1.4183973,1.3517222,1.2282124,0.9888245,4.3848877,511042.78,13.8336,459154.7,0.14508143,2.293442E7,-0.016661922,1.1732992E7,16.180288,15.356356,14.997219,14.722928,15.335868,15.742857,16.067839,12.757032,0.82393265,0.35913658,0.6334276,0.27429104,61.5483333,-36.9378889,04 06 11.60,-36 56 16.4,0.0,,20.1828,19.7143,Simbad,0.0
270,5,10626,61.55777105343421,-36.91883347910601,PSF,0.605800785184517,555.0817,0.0136,841.8684,0.0118,*0.2694*,*1.4031*,19.6867,0.0024,1.1661,10.9585,0.6569,0.9969,41.1092,30.2187,555.0817,0.0136,841.8684,0.0118,*0.1850*,*2.8659*,20.0502,0.0043,0.8115,19.1159,0.6569,0.9969,41.1092,30.2187,555.0817,0.0136,841.8684,0.0118,*0.1044*,*5.3655*,20.4079,0.0044,0.4732,35.1331,0.6569,0.9969,41.1092,30.2187,555.0817,0.0136,841.8684,0.0118,*0.0172*,*8.1946*,20.7195,296.5998,0.1069,53.6069,0.6569,0.9969,41.1092,30.2187,131812,0614m370,10626,PSF,0.004934049,13.584232,9.43411,7.001344,5.3704987,1.3885866,1.2961712,1.2176161,0.9836771,0.0,0.0,0.0,0.0,0.0,0.0,0.0,0.0,19.667412,20.063248,20.387047,20.674963,,24.684738,,,-0.39583588,-0.32379913,-0.6117153,-0.28791618,61.5575833,-36.9188056,04 06 13.82,-36 55 07.7,0.0,,18.65,19.2991,Simbad,0.0
270,3,10039,61.5408153022654,-36.92380881162721,SER,0.605800785184517,741.5149,0.0046,773.5641,0.0075,12.5388,0.0355,18.4529,0.0024,1.2430,0.0058,0.5085,8.0E-4,-23.2198,0.0851,741.5149,0.0046,773.5641,0.0075,11.9283,0.0203,18.0731,0.0015,1.4004,0.0034,0.5085,8.0E-4,-23.2198,0.0851,741.5149,0.0046,773.5641,0.0075,11.3458,0.0332,17.9524,0.0025,1.5506,0.0059,0.5085,8.0E-4,-23.2198,0.0851,741.5149,0.0046,773.5641,0.0075,10.7153,0.0591,17.9183,0.0046,1.7132,0.0104,0.5085,8.0E-4,-23.2198,0.0851,131812,0614m370,10039,SER,0.00507342,41.24827,60.700024,70.81538,78.25675,1.3186097,1.2789744,1.1836221,1.0885657,1.5449857,37577.17,3.3604774,118866.46,0.22370785,1141061.6,-0.23257284,1104666.8,18.461485,18.042028,17.874681,17.766195,18.496897,18.919127,21.200773,13.817498,0.41945648,0.16734695,0.27583313,0.10848618,61.540625,-36.9236389,04 06 09.75,-36 55 25.1,0.0,,20.2653,19.9344,Simbad,0.0
270,2,9650,61.52991180576929,-36.92332255369563,REX,0.605800785184517,863.93,0.0049,771.6669,0.0028,3.8037,0.0115,19.4837,0.0016,0.7278,0.0124,0.2426,0.0014,-71.3233,0.0847,863.93,0.0049,771.6669,0.0028,3.8353,0.0051,19.1496,0.0013,0.8013,0.0065,0.2426,0.0014,-71.3233,0.0847,863.93,0.0049,771.6669,0.0028,3.8654,0.0077,19.0238,0.0019,0.8714,0.0094,0.2426,0.0014,-71.3233,0.0847,863.93,0.0049,771.6669,0.0028,3.8980,0.0156,18.9631,0.003,0.9473,0.0175,0.2426,0.0014,-71.3233,0.0847,131812,0614m370,9650,REX,0.00516651,0.2041257,0.23707016,0.31762537,0.29157335,1.3186097,1.2789744,1.1836221,1.0885657,1.0,0.0,0.6049287,221.42459,0.0,0.0,0.0,0.0,24.225256,24.062807,23.745213,23.83813,22.354637,23.906765,19.242224,,0.16244888,0.31759453,0.22467613,-0.092918396,61.53,-36.9235833,04 06 07.20,-36 55 24.9,0.0,,20.3554,20.6018,Simbad,0.0
270,6,451,61.57194280159153,-36.93455781162083,PSF,0.605800785184517,399.531,0.0019,625.7825,0.0016,*0.4217*,*0.0049*,18.2519,6.0E-4,3.3533,0.0685,0.5559,0.0033,-27.3119,0.2388,399.531,0.0019,625.7825,0.0016,*0.4175*,*0.0029*,18.1124,0.001,5.8521,0.0722,0.5559,0.0033,-27.3119,0.2388,399.531,0.0019,625.7825,0.0016,*0.4135*,*0.0019*,18.0029,0.0015,8.2363,0.0927,0.5559,0.0033,-27.3119,0.2388,399.531,0.0019,625.7825,0.0016,*0.4092*,*0.0030*,17.4719,0.0011,*10.8173*,*0.1242*,0.5559,0.0033,-27.3119,0.2388,131813,0617m370,451,PSF,0.004802173,50.53606,55.2436,53.82194,85.659515,1.4065616,1.346463,1.2286232,0.98711586,0.0,0.0,0.0,0.0,0.0,0.0,0.0,0.0,18.240997,18.144295,18.172602,17.66806,16.16628,15.787409,15.07393,15.603258,0.096702576,-0.028306961,0.47623444,0.5045414,61.5717083,-36.9345278,04 06 17.21,-36 56 04.3,0.0,,18.8614,18.5462,Simbad,0.0
270,1,9554,61.52707183891137,-36.94244818954368,REX,0.605800785184517,892.5456,0.0019,517.5305,0.0018,8.6787,0.0067,17.6298,8.0E-4,0.8284,0.0016,0.8996,3.0E-4,47.5307,0.1724,892.5456,0.0019,517.5305,0.0018,8.6805,0.0039,16.9495,4.0E-4,0.9469,0.0010,0.8996,3.0E-4,47.5307,0.1724,892.5456,0.0019,517.5305,0.0018,8.6822,0.0054,16.6486,6.0E-4,1.0601,0.0013,0.8996,3.0E-4,47.5307,0.1724,892.5456,0.0019,517.5305,0.0018,8.6841,0.0094,16.4347,0.001,1.1825,0.0022,0.8996,3.0E-4,47.5307,0.1724,131812,0614m370,9554,REX,0.0049441545,88.00605,164.26779,214.63326,262.8836,1.3467327,1.3559748,1.2244791,1.0743892,1.0,0.0,2.139828,3525794.0,0.0,0.0,0.0,0.0,17.63872,16.961119,16.670757,16.450592,16.659111,17.087059,15.186111,13.792893,0.67760086,0.2903614,0.51052666,0.22016525,61.5262917,-36.9419722,04 06 06.31,-36 56 31.1,0.0,,20.1234,19.4636,Simbad,0.0
271,6,5509,72.47271881132448,-73.07555121431152,PSF,2.15468339828998,348.6173,0.0,593.5091,0.0,13.7717,0.0009,15.2754,0.0,3.7180,0.0003,0.9854,0.0,38.1791,0.001,348.6173,0.0,593.5091,0.0,10.6356,0.0004,14.4991,0.0,3.6103,0.0001,0.9854,0.0,38.1791,0.001,348.6173,0.0,593.5091,0.0,7.6433,0.0003,14.2592,0.0,3.5075,0.0002,0.9854,0.0,38.1791,0.001,348.6173,0.0,593.5091,0.0,4.4042,0.0008,18.1578,1.0E-4,3.3963,0.0004,0.9854,0.0,38.1791,0.001,14563,0722m730,5509,PSF,0.11247132,31.548088,53.755424,58.645332,67.6743,1.4072722,1.2686516,1.1087518,1.0767113,0.0,0.0,0.0,0.0,0.0,0.0,0.0,0.0,18.752567,18.173944,18.079416,17.92394,Infinity,Infinity,Infinity,Infinity,0.5786228,0.0945282,0.2500038,0.15547562,72.4719583,-73.0757778,04 49 53.27,-73 04 32.8,0.027449,,18.4363,18.2064,Simbad,0.0
271,4,4816,72.39819006470766,-73.05513940680447,PSF,2.15468339828998,644.9624,0.0,881.5265,0.0,6.5105,0.0002,16.8213,0.0,5.2333,0.0001,0.9619,0.0,-20.712,0.0051,644.9624,0.0,881.5265,0.0,5.1740,0.0001,16.1969,0.0,4.1915,0.0001,0.9619,0.0,-20.712,0.0051,644.9624,0.0,881.5265,0.0,3.8989,0.0001,16.2062,0.0,3.1974,0.0001,0.9619,0.0,-20.712,0.0051,644.9624,0.0,881.5265,0.0,2.5185,0.0001,16.4334,0.0,2.1214,0.0001,0.9619,0.0,-20.712,0.0051,14563,0722m730,4816,PSF,0.11286391,75.7998,134.55936,136.58871,165.92633,1.4047635,1.2637829,1.106402,1.0696768,0.0,0.0,0.0,0.0,0.0,0.0,0.0,0.0,17.80083,17.177715,17.161463,16.950212,Infinity,Infinity,Infinity,Infinity,0.62311554,0.016252518,0.22750282,0.2112503,72.398375,-73.0551944,04 49 35.61,-73 03 18.7,0.0,,19.5031,19.0108,Simbad,0.0
271,2,4440,72.35695349024942,-73.06578208127395,PSF,2.15468339828998,809.258,0.0,734.837,0.0,0.5402,0.0000,17.0055,0.0,0.1910,0.0000,0.1126,0.0,23.4565,0.0,809.258,0.0,734.837,0.0,0.5067,0.0000,17.294,0.0,0.2314,0.0000,0.1126,0.0,23.4565,0.0,809.258,0.0,734.837,0.0,*0.4747*,*0.0000*,17.5292,0.0,0.2699,0.0000,0.1126,0.0,23.4565,0.0,809.258,0.0,734.837,0.0,*0.4401*,*0.0000*,17.7195,0.0,0.3116,0.0000,0.1126,0.0,23.4565,0.0,14563,0722m730,4440,PSF,0.11267689,158.47723,121.30776,97.96651,86.447395,1.4072722,1.2686516,1.1087518,1.0767113,0.0,0.0,0.0,0.0,0.0,0.0,0.0,0.0,17.000082,17.29028,17.522306,17.658121,Infinity,Infinity,Infinity,Infinity,-0.29019737,-0.23202705,-0.36784172,-0.13581467,72.3569583,-73.0658611,04 49 25.67,-73 03 57.1,0.0,,17.1163,16.8631,Simbad,0.0
271,3,4679,72.38381935125376,-73.06689547614671,PSF,2.15468339828998,701.8303,0.0035,719.9089,0.0029,0.6198,0.2632,17.2909,0.0018,0.2815,1.1973,0.2316,0.1186,40.6258,5.9542,701.8303,0.0035,719.9089,0.0029,0.5104,0.2881,17.6185,0.0019,0.3587,1.1491,0.2316,0.1186,40.6258,5.9542,701.8303,0.0035,719.9089,0.0029,*0.4061*,*0.3200*,17.8571,0.0025,0.4324,1.1457,0.2316,0.1186,40.6258,5.9542,701.8303,0.0035,719.9089,0.0029,*0.2932*,*0.3611*,18.0603,0.0041,0.5121,1.1894,0.2316,0.1186,40.6258,5.9542,14563,0722m730,4679,PSF,0.1128474,120.00913,87.94037,69.67264,59.27348,1.4072722,1.2686516,1.1087518,1.0767113,0.0,0.0,0.0,0.0,0.0,0.0,0.0,0.0,17.301964,17.63953,17.892344,18.067848,Infinity,Infinity,Infinity,Infinity,-0.33756638,-0.25281334,-0.42831802,-0.17550468,72.3834583,-73.0668611,04 49 32.03,-73 04 00.7,0.0,,16.8821,16.7737,Simbad,0.0
271,1,3774,72.28549379308707,-73.06936706758243,PSF,2.15468339828998,1095.0848,0.0154,684.2959,0.016,1.1535,0.0797,19.0348,0.0422,*13.8821*,*2.0302*,0.758,0.0224,-45.3052,2.9811,1095.0848,0.0154,684.2959,0.016,2.2375,0.2344,19.0561,0.0467,*13.3630*,*1.6139*,0.758,0.0224,-45.3052,2.9811,1095.0848,0.0154,684.2959,0.016,3.2717,0.4505,19.0261,0.0527,*12.8676*,*1.6831*,0.758,0.0224,-45.3052,2.9811,1095.0848,0.0154,684.2959,0.016,4.3913,0.6894,18.96,0.0587,*12.3314*,*2.2190*,0.758,0.0224,-45.3052,2.9811,14563,0722m730,3774,PSF,0.11127837,17.05477,13.50692,11.188679,9.9319315,1.4072722,1.2686516,1.1087518,1.0767113,0.0,0.0,0.0,0.0,0.0,0.0,0.0,0.0,19.420385,19.673609,19.878054,20.007416,Infinity,Infinity,Infinity,Infinity,-0.25322342,-0.20444489,-0.333807,-0.1293621,72.282875,-73.06925,04 49 07.89,-73 04 09.3,0.0,,19.0247,19.2694,Simbad,0.0
271,5,5098,72.42872637703455,-73.0824035449959,PSF,2.15468339828998,503.8729,0.0121,505.1105,0.0069,20.4455,0.2110,17.5388,0.0075,2.2798,0.0253,0.3969,0.0012,-70.098,0.1126,503.8729,0.0121,505.1105,0.0069,17.8079,0.1299,17.0761,0.0049,2.3054,0.0159,0.3969,0.0012,-70.098,0.1126,503.8729,0.0121,505.1105,0.0069,15.2913,0.1270,16.9281,0.0057,2.3299,0.0195,0.3969,0.0012,-70.098,0.1126,503.8729,0.0121,505.1105,0.0069,12.5670,0.2085,16.9075,0.0112,2.3565,0.0327,0.3969,0.0012,-70.098,0.1126,14563,0722m730,5098,PSF,0.1125478,10.640417,12.45435,11.674702,11.686009,1.4046364,1.2635955,1.1067822,1.0685494,0.0,0.0,0.0,0.0,0.0,0.0,0.0,0.0,19.932604,19.761698,19.831886,19.830835,Infinity,Infinity,Infinity,Infinity,0.17090607,-0.07018852,-0.06913757,0.0010509491,72.430625,-73.0825278,04 49 43.35,-73 04 57.1,0.027636,,18.7972,18.2361,Simbad,0.0
