Group,Gal,zmemb,ra,dec,logSFR_NUV,logSFR_FUV,RE_g,n_g,RE_r,n_r,RE_i,n_i,RE_z,n_z,e_RE_g,e_n_g,e_RE_r,e_n_r,e_RE_i,e_n_i,e_RE_z,e_n_z,m_g_corrected,m_r_corrected,m_i_corrected,m_z_corrected,ebv
3,1,0.041719,2.834674521202194,-53.95652455274381,0.011079016173265899,0.08172732547323669,12.9987,0.6455,12.6179,0.8063,12.2546,0.9598,11.8613,1.1259,0.0366,0.0055,0.0328,0.0043,0.0548,0.0083,0.0866,0.0138,19.39179972780267,18.996706818627548,18.779765818773352,18.711423937204774,0.013247969
3,4,0.041719,2.852407391719842,-53.9310223008958,0.7542563153759829,0.7327530262143149,6.0261,1.2663,6.2935,1.2493,6.5486,1.2331,6.8247,1.2155,0.0303,0.0133,0.0223,0.0083,0.0355,0.0115,0.0579,0.0197,15.41112954418684,14.802987255998694,14.498631432108837,14.34516771928826,0.013674323
10,4,0.051799,5.687584604767833,-20.58857817827894,0.7515989787655872,0.7163490152410059,24.9659,0.8662,24.0913,1.0386,23.2569,1.2031,22.3536,1.3812,0.02,0.0012,0.0136,0.0008,0.0221,0.0014,0.0371,0.0024,16.216952482610207,15.655040358105474,15.37406366038418,15.193902337554754,0.021346333
10,1,0.051799,5.653417994681938,-20.57092018426899,0.383245442548084,0.37449055192915104,nan,7.713,nan,5.1661,nan,2.736,nan,0.1055,nan,1.0338,nan,0.9901,nan,1.9078,nan,3.0885,18.486952238165447,17.990960857565444,17.6490307287411,17.572424076596544,0.021688515
13,1,0.041095,9.238683763702836,-63.44049451525331,1.4295784117550134,1.482558415429958,20.8522,0.8748,20.7105,1.3764,20.5753,1.855,20.4289,2.3731,0.0118,0.001,0.0092,0.0008,0.0151,0.0014,0.0245,0.0023,16.327586305388497,15.482353051795572,15.118212995770604,14.840901595455493,0.021494443
13,3,0.041095,9.295400900782896,-63.43775771911234,0.7423931583396133,0.7951693294974458,13.7446,1.2138,13.5688,1.4004,13.401,1.5784,13.2195,1.771,0.0054,0.001,0.0034,0.0006,0.0039,0.0007,0.0066,0.0012,19.95793560748737,19.377372199513804,19.090546902484153,18.746502228635773,0.021344265
13,4,0.041095,9.324959678182235,-63.44024534613383,-0.10097323957767479,-0.091294942967318,4.5703,1.4058,4.7439,1.4402,4.9094,1.473,5.0886,1.5085,0.0055,0.0039,0.0033,0.0025,0.0045,0.0027,0.0077,0.0044,18.07858222006012,17.526262850711714,17.287927793237,17.130076314951445,0.021237023
14,2,0.07588,9.421045190534482,-9.05643554421165,0.5999781423828399,0.586693429690655,13.1023,0.964,12.7876,1.031,12.4872,1.0949,12.1622,1.1641,0.0141,0.0018,0.0096,0.0012,0.0111,0.0015,0.0176,0.0024,17.872091876522127,17.058203270699384,16.667749356304768,16.429924223662987,0.034914233
14,1,0.077266,9.413276734868823,-9.046817280354563,0.7321272236746541,0.7799073847382729,19.443,1.1275,18.2468,1.4602,17.1054,1.7776,15.8699,2.1212,0.0301,0.0034,0.0195,0.0023,0.0251,0.0036,0.0415,0.0061,17.342374434038053,16.661640370039557,16.310863108298193,16.145948156814118,0.035117216
15,4,0.059258,9.496903749885028,-25.05817536248398,0.6309089375819337,0.6311054913930274,0.5802,4.2757,nan,6.2048,nan,8.0454,nan,nan,0.0079,0.1457,nan,0.1969,nan,0.3376,nan,nan,16.920960301084865,16.144681518986268,15.786250375268407,15.540036029179687,0.015810696
16,1,0.215976,11.98475234468605,-63.15271598449009,1.9322313884901448,1.9349013599866218,11.4528,0.8769,11.1095,0.9645,10.7819,1.0481,10.4273,1.1386,0.0111,0.0018,0.0074,0.0012,0.008,0.0013,0.0124,0.0021,17.509073043463346,16.723376470255392,16.332873829230813,16.226849371192586,0.01930333
16,3,0.215976,12.00294737230044,-63.13376969298704,1.278338589209799,1.1832246907404844,12.7563,0.7492,12.7991,0.905,12.84,1.0537,12.8842,1.2147,0.0133,0.0017,0.008,0.0011,0.0116,0.0015,0.0202,0.0027,17.929164194645363,17.311818633271013,16.970143843862367,17.02944284506023,0.019062782
18,1,0.159397,12.27927560073106,-18.2866320671963,2.2211280847235493,2.2534510772005802,5.4089,1.1446,5.1873,1.3634,4.976,1.5722,4.7472,1.7983,0.0048,0.0033,0.0028,0.0019,0.0036,0.0028,0.0063,0.0049,16.380572192026715,15.641727999143042,15.276256585516968,15.151133454392902,0.023887008
18,2,0.159397,12.29286562494236,-18.30786280759166,1.2105016200135186,1.234191169753382,10.233,0.614,10.2672,0.6808,10.2998,0.7445,10.3352,0.8135,0.0019,0.0004,0.0013,0.0003,0.0016,0.0003,0.0025,0.0006,18.278651086791854,17.87194578740853,17.555859692597956,17.659554223169543,0.02386131
18,4,0.159397,12.31221568686366,-18.31617999953638,2.428932339743561,2.4796061677794015,14.3749,0.7635,14.4356,0.8168,14.4936,0.8676,14.5564,0.9227,0.0177,0.0026,0.0124,0.0014,0.0194,0.0024,0.032,0.0043,18.34081000468629,17.674218346310877,17.147568719093996,17.012241809764085,0.023851948
18,3,0.159397,12.2954947848856,-18.27013099982027,1.9658462414824651,1.994746420460121,13.428,2.6474,12.9863,3.0101,12.5648,3.3561,12.1085,3.7308,0.0199,0.0042,0.0122,0.0024,0.0152,0.0033,0.0259,0.0058,17.08101878791064,16.199552410119953,15.778982521142268,15.573114799691544,0.024565043
20,1,0.041238,13.04012577583562,-1.119177251059751,0.8709726557884334,0.8977357621449258,34.2949,0.7657,32.8672,0.9628,31.505,1.1508,30.0303,1.3544,0.0154,0.0009,0.0116,0.0006,0.0134,0.0007,0.0195,0.0013,16.673171409225226,15.909468115165545,15.519258581199837,15.257586085333918,0.051570516
20,4,0.0413,13.05099114252429,-1.111288683922806,0.23954694620028327,0.2556932862123471,13.8501,1.2425,12.7863,1.3475,11.7714,1.4478,10.6727,1.5562,0.0278,0.0039,0.0145,0.002,0.017,0.0029,0.0325,0.0053,17.53553600124448,16.86771751360031,16.534315122285417,16.33546363077814,0.05183192
22,3,0.1259,14.40623730680628,-35.76529492217725,1.020946737719484,1.0527404815925507,15.6982,1.1487,15.6693,1.5471,15.6418,1.9272,15.6119,2.3387,0.019,0.002,0.0115,0.0012,0.0135,0.0015,0.0231,0.0025,17.939440022835587,16.8524265693137,16.400068411928462,16.123913015705202,0.015905386
22,4,0.1259,14.42210331313963,-35.76380560490426,0.8600554487987822,0.8998360284622979,6.8046,0.9459,6.5688,1.0209,6.3438,1.0924,6.1003,1.1698,0.025,0.0105,0.015,0.0058,0.0168,0.0068,0.0288,0.0124,19.672761917898534,19.216216629951948,18.86959739587361,18.896478658291013,0.015783668
22,1,0.1259,14.39405519174368,-35.7386845437449,1.1243459248678054,1.1610633528435432,11.325,2.3946,10.5999,2.7568,9.9081,3.1024,9.1591,3.4765,0.0266,0.0065,0.013,0.0031,0.011,0.003,0.0242,0.0065,18.867895030703817,18.454902767303313,18.150443137023274,18.18708671365764,0.015916472
23,1,0.067744,15.55490269161658,-17.22199811019127,1.2862583546259128,1.313306001550135,8.4301,1.0867,8.7909,1.147,9.1352,1.2046,9.508,1.267,0.0096,0.0029,0.0053,0.0018,0.0081,0.0023,0.0146,0.0038,16.536772893138902,15.774204927342327,15.41112690815755,15.199646005688017,0.022165973
23,4,0.067744,15.59404648858646,-17.18606974187302,0.578215755594945,0.5371062636261996,19.3508,2.0499,20.0865,2.5051,20.7884,2.9395,21.5483,3.4096,0.02,0.0023,0.0101,0.0011,0.0165,0.0017,0.0309,0.0033,17.64836976460654,17.119044995141444,16.832726445620953,16.717808065461824,0.023858592
24,1,0.025441,16.06999899516408,-51.03289212005716,0.16768701695756327,0.12487830540423239,57.7516,2.6943,61.052,3.3431,64.2011,3.9621,67.61,4.6322,0.0263,0.0011,0.0183,0.0008,0.0276,0.001,0.0455,0.0017,14.13595683588101,13.279298991913043,12.898904243027243,12.63645710362999,0.017685674
26,2,0.0638,16.81804207117206,-32.8427817921172,1.6539482439829651,1.708233364427942,19.4817,0.5078,19.1042,0.6747,18.744,0.8339,18.354,1.0063,0.0051,0.0006,0.0032,0.0004,0.0043,0.0005,0.0073,0.0009,18.98440393319426,18.720554022955405,18.48620683422519,18.486141962189176,0.029327404
28,1,0.0724,20.24462727220963,-32.06282642816967,1.847816572553091,1.9024458146172645,17.4979,1.2767,17.054,1.3601,16.6306,1.4396,16.1721,1.5256,0.0183,0.0019,0.011,0.0011,0.0151,0.0016,0.0262,0.0028,18.63589645255707,18.474475821546886,18.2334788511192,18.30933612449044,0.026235
28,2,0.0726,20.2526136443005,-32.05851136884929,0.8899292163055126,0.8795644789165511,10.0835,0.543,10.3687,0.6275,10.6408,0.7082,10.9353,0.7955,0.0103,0.0024,0.0077,0.0013,0.0122,0.0023,0.0198,0.0042,17.186983867205026,16.460542137214997,16.09049087891264,15.88387776863893,0.026182787
28,4,0.0352,20.29108124601455,-32.04061563232854,-0.13478715838496136,-0.2711311695105252,7.8737,0.6432,8.0469,0.7986,8.2121,0.9469,8.391,1.1074,0.0101,0.0036,0.0083,0.0021,0.0145,0.0042,0.0234,0.0074,17.10620219012364,16.63950986249302,16.3751367367706,16.298836381668465,0.026457714
29,3,0.115156,20.41619222635546,-38.07807236029036,0.6770904531124149,0.5309052930621405,15.476,0.7412,13.9924,0.9088,12.5769,1.0687,11.0445,1.2418,0.0139,0.0019,0.0086,0.001,0.0113,0.0017,0.0192,0.0032,18.074276961148524,17.440008662565557,17.04223400925151,16.925422045819815,0.017943224
29,1,0.115156,20.38887533531592,-38.07229220822765,2.158454106700402,2.2095105117630425,12.2932,0.6984,12.0622,0.7269,11.8419,0.7542,11.6034,0.7836,0.014,0.0022,0.0091,0.0011,0.014,0.0019,0.0237,0.0035,18.186270487293974,17.77074452604106,17.46811009672986,17.47612606878738,0.017932164
29,4,0.114883,20.43451926412359,-38.06105280715363,1.2182465786347567,1.2079719259071027,7.9402,1.1555,7.409,1.3579,6.9022,1.5511,6.3535,1.7602,0.0076,0.0025,0.0045,0.0014,0.0062,0.0023,0.011,0.0041,18.001311778405245,17.402231933503682,17.011620539856747,16.879513798426444,0.017960101
34,3,0.068968,24.6358900324604,-40.02196211047985,0.8684222897892315,0.9121237378498606,77.428,2.644,74.4018,2.7369,71.5145,2.8255,68.3889,2.9215,0.0516,0.0015,0.0305,0.0009,0.029,0.0008,0.0497,0.0014,17.87475174199996,17.565553404964785,17.33088988104492,17.32562545743846,0.013948152
34,2,0.068968,24.61344207589009,-40.00632048453307,0.7201095277121716,0.7427744583717555,13.5553,1.2462,13.6329,1.527,13.707,1.7949,13.7871,2.0849,0.0203,0.003,0.0113,0.0017,0.0164,0.0024,0.0296,0.0043,16.693050746750313,15.832239431647473,15.46839336398852,15.20983342815265,0.014003525
36,2,0.0425,26.8952270149351,-30.26768591844592,0.2560589231704906,0.26457801777060297,12.7935,1.6745,12.2872,1.7504,11.8041,1.8229,11.2811,1.9013,0.0067,0.0012,0.0038,0.0007,0.006,0.001,0.0106,0.0018,18.46008739034777,18.241172220367346,18.086251998507613,18.056337085213872,0.016626108
36,4,0.0428,26.91354851874674,-30.24911880652262,0.16771276315168393,0.18034224523372977,9.6617,1.151,9.6903,1.176,9.7175,1.2,9.747,1.2259,0.0048,0.0013,0.0029,0.0008,0.004,0.001,0.0071,0.0018,18.664619591919802,18.561444393910605,18.463068202115466,18.506454411741665,0.016972756
39,1,0.157394,29.6593525435057,-33.77359425372538,1.4104671065072303,1.459774156839261,9.963,0.8404,9.7964,1.4029,9.6375,1.9397,9.4655,2.5207,0.0148,0.0029,0.01,0.0022,0.0167,0.004,0.0281,0.0066,18.49050789029128,17.447586738143123,17.013858236327945,16.78187687130536,0.01881649
39,3,0.157394,29.6653533612545,-33.7557267984171,1.3163788746206695,1.3301885046270776,8.0183,0.8596,7.7929,0.9298,7.5778,0.9969,7.345,1.0694,0.0027,0.0009,0.0018,0.0006,0.0022,0.0008,0.0036,0.0013,17.731332162607504,17.409345060697497,17.026819537361057,17.255296384185158,0.019086022
39,2,0.157394,29.66166257692671,-33.74332914844585,1.8032959747155175,1.7797042288097646,14.6342,0.5795,14.7095,0.6601,14.7814,0.737,14.8592,0.8203,0.0105,0.0017,0.008,0.001,0.0131,0.0017,0.0213,0.0031,16.641410564358974,16.05820769991091,15.70516305600644,15.64984030512399,0.019050054
39,4,0.062604,29.68659056847958,-33.75728046432995,0.7357703394193713,0.7546969493904214,5.3664,1.4028,5.4623,1.6308,5.5537,1.8484,5.6527,2.0839,0.0052,0.0034,0.0036,0.0023,0.0057,0.0034,0.0095,0.0056,17.88188937645865,17.4897386811808,17.246260249176455,17.174111409382608,0.019105537
40,4,0.0665,30.97886528617959,-31.15557516968853,1.0816948843161498,1.1265879080382657,14.8916,0.5343,14.5148,0.6172,14.1552,0.6963,13.766,0.782,0.0038,0.0005,0.0028,0.0003,0.0038,0.0005,0.0059,0.0008,18.164502669570123,17.663438289168663,17.361984540562176,17.305370686854356,0.022416946
40,1,0.0665,30.9478588830863,-31.16082085071439,0.7250255928111056,0.7418478532399799,12.0249,0.4039,12.0586,0.4513,12.0907,0.4966,12.1254,0.5456,0.0073,0.0014,0.0052,0.0008,0.0074,0.0012,0.0121,0.0022,18.05949738534334,17.34747130111283,17.00545158839905,16.783781301740593,0.022319773
40,3,0.0289,30.96466705372731,-31.14377393611345,0.31864962031180255,0.2611188354542868,13.7588,3.8465,12.39,3.6282,11.0841,3.4199,9.6704,3.1945,0.043,0.0116,0.0265,0.0072,0.022,0.0067,0.0346,0.0109,16.38032513191848,16.075298117320642,15.910310837490488,15.815658502427285,0.022625748
43,2,0.060465,36.2089162292208,-27.28800563203144,1.086026384151344,1.124999459505558,11.419,0.5541,10.9518,0.6593,10.5061,0.7597,10.0236,0.8684,0.0058,0.0012,0.0036,0.0007,0.0047,0.0009,0.008,0.0017,17.557820007123514,17.000474965083452,16.719539559222877,16.589405716072054,0.013799462
43,4,0.2141,36.23801027176443,-27.29013761456291,2.2760144531706565,2.3150823744339313,15.9934,0.492,15.8966,0.6539,15.8044,0.8084,15.7044,0.9756,0.0109,0.001,0.0085,0.0006,0.0134,0.0012,0.0214,0.0021,18.340361458524455,17.680534390612202,17.196602796428262,17.228484065870074,0.014397512
45,4,0.01016,40.47213910499156,-20.81537556564252,-1.524835853067625,-1.5770829693640858,12.6372,2.2182,13.4792,2.095,14.2826,1.9774,15.1522,1.8502,0.0059,0.001,0.004,0.0007,0.0042,0.0005,0.0063,0.0007,17.539965844991347,17.16137725968089,16.948431854654764,16.911531404300597,0.028978743
45,1,0.01016,40.44927762952605,-20.79883391234892,-0.6552170979910255,-0.6997584487009956,60.4371,1.0373,59.3466,1.1265,58.3062,1.2117,57.1799,1.3038,0.0535,0.0011,0.036,0.0007,0.0422,0.0008,0.0669,0.0014,15.78196072055505,15.309461441927523,15.077879847158282,14.997374357408633,0.028452681
45,2,0.025821,40.45548347271463,-20.81498328999302,0.6407257486481779,0.6053889361945544,38.4525,2.4608,38.0174,2.3254,37.6023,2.1961,37.1529,2.0562,0.0434,0.0025,0.0294,0.0016,0.028,0.0014,0.0411,0.002,15.189764930315128,14.743408915866384,14.513003942667666,14.48011022032524,0.028673038
45,3,0.01016,40.46024699097511,-20.81220742929486,-0.14088317865207145,-0.13641779684405897,29.1625,1.3374,29.8608,1.3,30.5271,1.2644,31.2483,1.2259,0.0784,0.0038,0.0532,0.0024,0.0602,0.0025,0.0941,0.0041,15.936032834119901,15.522619300095297,15.304004357353728,15.252307285007568,0.028742889
47,4,0.069815,43.46510686074172,-41.97949312861047,1.1100660291870579,1.1414169097950104,9.7277,0.5217,9.7946,0.5695,9.8584,0.615,9.9274,0.6643,0.0077,0.0018,0.0049,0.001,0.0063,0.0013,0.0105,0.0023,17.215096985305124,16.619792678947324,16.310037965344314,16.158511589340833,0.014092954
48,1,0.0958,45.03859046574656,-36.38120277446424,0.4796555177430353,0.5302661306006797,22.8317,1.6369,22.2581,1.9212,21.7107,2.1925,21.1183,2.4861,0.0607,0.0049,0.0355,0.0026,0.0476,0.0038,0.0837,0.0071,17.719708642958384,17.010239480489986,16.643778303504963,16.484972010783576,0.017747942
48,2,0.0958,45.04357933448144,-36.35840573048463,0.9276487701216816,0.898364392375461,nan,0.8026,nan,1.9497,nan,3.0442,nan,4.2291,nan,0.2133,nan,0.2447,nan,0.2797,nan,0.3211,17.11662738387073,16.272901244026084,15.868502002573079,15.636212845749023,0.017829526
54,3,0.10668,52.95790597526705,-39.63148912885078,0.4211049308023114,0.5698379535067204,7.2915,0.6596,7.6421,0.7665,7.9768,0.8686,8.339,0.9791,0.0128,0.0036,0.0075,0.0021,0.0103,0.0027,0.0182,0.0047,18.98389378593594,18.274380271375122,17.837204927326823,17.678088471261983,0.016806008
54,2,0.10668,52.94671752743711,-39.6313705245943,0.7522203900289703,0.7382161037156649,nan,6.8806,1.0787,nan,2.0818,nan,3.1676,nan,nan,0.4131,0.0081,nan,0.0174,nan,0.0277,nan,17.73142399879534,16.996426512460758,16.585754446769766,16.418591909365094,0.016637748
54,1,0.10668,52.93920447662241,-39.61423111947493,0.9450985272727994,0.9825610508723077,7.8124,1.289,7.9009,1.3441,7.9854,1.3966,8.0769,1.4535,0.0186,0.0064,0.0114,0.0038,0.0135,0.0043,0.023,0.0073,18.319918660623845,17.809004450114706,17.43016889391913,17.38370188357086,0.016788945
56,3,0.1064,53.44363247558491,-30.33458516543448,1.0982682091217573,1.0506077153402256,21.317,1.1995,20.1592,1.4842,19.0545,1.7559,0.0,0.0,0.0258,0.002,0.0167,0.0013,0.0273,0.0024,0.0,0.0,17.162458711149803,16.381758065283485,15.97049773142139,15.754075668031959,0.014927684
56,4,0.1064,53.44537476493722,-30.30588441877911,1.4620068616054542,1.494078160644813,6.4792,3.808,6.5357,3.9744,6.5896,4.1331,0.0,0.0,0.0275,0.0194,0.0148,0.0097,0.0233,0.0152,0.0,0.0,18.318253383001544,17.39530444448666,16.913120907687283,16.71252955557151,0.01508493
56,1,0.130297,53.43533681994836,-30.31760628997305,1.9137286123627923,1.9595627684680164,10.5565,0.938,9.7433,1.3097,8.9675,1.6643,0.0,0.0,0.0072,0.0017,0.0045,0.0011,0.0068,0.002,0.0,0.0,17.426179375770914,16.514723007585452,16.019018078302445,15.792067008199234,0.015213116
60,1,0.004923,55.61115773427836,-41.1554598853192,-0.8698049907590164,-0.8164779818707437,23.3625,0.3164,23.3892,0.4288,23.4147,0.536,23.4423,0.652,0.0222,0.0018,0.0177,0.0012,0.029,0.0022,0.0468,0.0039,18.720903471743057,18.403821855735973,18.283601970143106,18.201618404342028,0.016171342
60,2,0.004923,55.61118847941587,-41.14467798349656,-0.9711211040381436,-1.0393964111458036,nan,nan,0.9155,nan,1.6865,nan,2.5211,nan,nan,nan,0.0074,nan,0.0185,nan,0.0311,nan,14.859595366356265,14.365825716668,14.140598284760584,14.060887788004372,0.016196558
61,4,0.030718,56.430349879522,-12.26294740384917,0.05948963188917844,-0.028303081082020398,24.1887,3.9117,24.8707,3.8468,25.5215,3.785,26.2259,3.718,0.0322,0.0039,0.0197,0.0025,0.0257,0.0026,0.0439,0.0042,17.083031007458388,16.580627259482924,16.36871465725414,16.20048615502774,0.063901246
61,3,0.030718,56.42954445264876,-12.29587363496046,1.1043910931885694,1.1294743959418412,7.7468,7.3857,7.4501,6.2939,7.167,5.2521,6.8605,4.1243,0.0478,0.0377,0.0276,0.0223,0.0192,0.0132,0.0331,0.0211,15.313324272488286,14.833172751968108,14.570929278318392,14.482969847611992,0.06231305
61,2,0.030718,56.42748324186661,-12.27369585735638,-0.29797615290778445,-0.4321065060571261,12.4697,0.7208,12.0831,0.8355,11.7143,0.9449,11.3151,1.0634,0.0084,0.0016,0.0054,0.001,0.0067,0.0013,0.0111,0.0022,17.516486946941708,17.021582549320662,16.725337245411502,16.49017349495467,0.06335367
65,3,0.014563,67.54549287179941,6.94415958300997,0.15449590773870092,0.04736701728824144,15.0621,0.5867,15.0824,0.6006,15.1017,0.6139,15.1226,0.6283,0.0211,0.0032,0.0156,0.0019,0.0182,0.0023,0.0272,0.0038,15.0292365335324,14.35676747250139,14.072920353907797,13.865954240967522,0.20575655
66,1,0.067166,70.52219347840752,-23.24916053708371,1.182508161210702,1.2171425108670864,28.1906,2.2937,26.875,2.621,25.6198,2.9333,24.2609,3.2714,0.0349,0.0028,0.0204,0.0015,0.0264,0.0021,0.0463,0.0039,20.2260547670705,20.09613762899641,19.867710776075906,19.93868612059299,0.045358613
66,2,0.067166,70.54116695597808,-23.23700230467508,1.285238394252012,1.338506666621175,14.2687,1.9614,13.6044,1.9841,12.9705,2.0057,12.2844,2.0291,0.0137,0.0024,0.0081,0.0013,0.0102,0.0016,0.0178,0.003,20.631401912765327,20.49782358633025,20.313625472829468,20.676616089274663,0.046029452
66,4,0.067166,70.55179936391094,-23.2424223098053,0.47381582632372954,0.4472250100980606,10.8155,0.5228,10.6497,0.4858,10.4916,0.4505,10.3204,0.4123,0.0241,0.0044,0.0167,0.0024,0.0252,0.0044,0.0416,0.0079,18.83130351684523,18.7530331698888,18.542463526845374,18.68306485782891,0.045703657
67,1,0.075992,71.07582040865003,-21.87990448550879,1.7000353097890102,1.7426504104374363,14.9718,0.7501,14.5802,0.8468,14.2066,0.9391,13.8021,1.039,0.0087,0.0012,0.0054,0.0007,0.0069,0.001,0.0117,0.0018,20.37216693457805,19.003197025461215,18.470445221749735,18.031404332265407,0.05503123
67,2,0.075992,71.08374050309193,-21.87837950419339,1.0945275849586125,1.139335860110915,3.7449,2.285,3.7307,2.2164,3.7172,2.151,3.7026,2.0802,0.0053,0.0111,0.0035,0.0052,0.0049,0.0072,0.0082,0.0144,18.40933450440824,18.004932899572214,17.69339955436442,17.636886622008806,0.055256926
67,3,0.075992,71.10617325880328,-21.86501550591355,0.967164634051759,1.0058869532121655,8.1274,1.8729,7.9062,1.5917,7.6952,1.3234,7.4668,1.0329,0.0061,0.0023,0.0038,0.0013,0.0036,0.0011,0.0057,0.0019,17.619933928372145,16.80311879221869,16.41944920413906,16.169774794924088,0.05540152
69,1,0.079085,76.119033695372,-18.67883717310202,1.4822767860303347,1.4902629266271763,0.9062,nan,2.6859,nan,4.384,nan,6.2222,nan,0.0424,nan,0.2379,nan,0.4661,nan,0.7143,nan,16.007514748139755,15.292860967565943,14.918407106314433,14.71858861534969,0.056397155
69,3,0.079085,76.12872756807623,-18.69552750239949,1.5202103186267362,1.5746292820424177,17.21,0.9673,17.4222,1.2947,17.6247,1.607,17.8439,1.9452,0.0075,0.0008,0.0045,0.0005,0.0072,0.0007,0.0125,0.0013,18.21333144238984,17.830432508642165,17.578126912223837,17.561224569958576,0.057008445
74,2,0.105406,128.6674180043287,15.78626723646112,1.7441192703610255,1.7815370198926885,10.829,0.9877,10.7234,1.1213,10.6227,1.2488,10.5136,1.3867,0.0412,0.0066,0.0262,0.004,0.0383,0.0062,0.065,0.0108,16.592008003182432,15.861326631644916,15.412568042553715,15.259566754016449,0.037424065
74,3,0.10596,128.6843710942975,15.79049411645369,1.193902920547469,1.2428467861748391,1.6238,2.7485,1.6446,3.5411,1.6644,4.2974,1.6859,5.1161,0.0095,0.0595,0.006,0.0407,0.0081,0.0668,0.0136,0.1121,21.314473042180293,20.94005752336424,20.740585258251343,20.842134528803605,0.03737228
74,4,0.231664,128.7059611543737,15.79771320620018,1.814641621405574,1.8479178591354533,21.2967,7.7407,20.9042,7.4248,20.5297,7.1234,20.1243,6.7971,0.1775,0.0342,0.115,0.0217,0.1128,0.0197,0.1755,0.0306,18.733206456214077,17.947306313512588,17.548277303353238,17.45395138898857,0.03672075
75,1,0.029043,129.7108345362294,1.404989034976722,0.6930493990660338,0.6750198954636399,22.6987,1.7745,23.3501,1.8346,23.9716,1.892,24.6444,1.9542,0.0258,0.0022,0.0154,0.0013,0.0326,0.0026,0.0575,0.0046,15.814401695406326,15.562588836917143,15.307841631259414,15.282925495309941,0.05517295
75,3,0.029274,129.718088653798,1.399198747685501,1.180506144355208,1.2164003403969925,14.9267,4.7179,12.7453,4.196,10.6638,3.6981,8.4107,3.1591,0.0147,0.0042,0.0092,0.0026,0.0083,0.003,0.0131,0.005,15.46270253138743,14.797756346531036,14.497026853178825,14.322995798746138,0.05535798
79,4,0.039894,143.0551904226769,15.98970612539843,0.3423915745005992,0.36223136736683514,25.5296,1.6369,24.6064,1.8611,23.7256,2.0751,22.7721,2.3067,0.051,0.0036,0.0373,0.0027,0.06,0.0048,0.0986,0.0078,17.108476594510506,16.398567790940632,16.037838877296863,15.80521831470609,0.03822261
79,1,0.040354,143.0164322817605,16.01371716945271,0.025369152355764868,0.042839541066959086,10.8936,0.4533,11.3167,0.566,11.7203,0.6736,12.1572,0.79,0.019,0.0028,0.0174,0.002,0.0256,0.0035,0.0384,0.0057,18.092739609588453,17.707590228796036,17.517989299413074,17.42715793922226,0.039790135
85,3,0.022012,153.2552584410947,17.03427513335899,1.4496666996005452,1.4918306905575047,41.6149,0.9702,40.1949,1.0876,38.84,1.1995,37.3733,1.3207,0.0127,0.0005,0.0087,0.0004,0.0094,0.0004,0.0143,0.0006,14.159676761005413,13.384172783725397,13.023103710683067,12.778985826926661,0.032711726
85,2,0.022,153.2432671688487,17.03079459778517,0.05325333047822767,0.0011323051993663569,35.1355,0.6009,34.715,0.7188,34.3138,0.8312,33.8795,0.9529,0.0241,0.0013,0.0172,0.0008,0.0234,0.0012,0.0374,0.002,16.144277822541515,15.623123788471299,15.35155541163862,15.22364967913598,0.03277961
85,4,0.022102,153.2742230933507,17.04376906687544,-0.11573929662480609,-0.14066715006972785,23.6001,0.8746,22.8072,1.0073,22.0506,1.1338,21.2316,1.2708,0.0723,0.0043,0.0446,0.0025,0.061,0.0039,0.1044,0.0068,16.207088119179957,15.65805998351468,15.391914569768634,15.268702180102476,0.0326991
90,1,0.111183,160.0979346994472,24.218117062578,0.7040552281421366,0.6622027218896616,44.7024,2.4279,41.2282,2.6892,37.9133,2.9386,34.3249,3.2085,0.0926,0.0046,0.0597,0.003,0.0632,0.0036,0.1008,0.0059,21.13533447632176,21.09883815771958,20.732985623967572,21.372003208598375,0.022866905
90,3,0.04348,160.105463817595,24.22891625645232,0.06234338523106153,0.07681572495629929,11.8928,0.4533,11.4146,0.5303,10.9583,0.6038,10.4644,0.6834,0.0423,0.0075,0.0286,0.0043,0.0315,0.005,0.0488,0.0088,17.780757958055748,17.31919334464641,17.10316552254894,16.994299307577784,0.022847438
90,2,0.111183,160.0996401426918,24.23677740509459,1.1450770284564253,1.1809934605094643,6.4231,4.752,8.975,4.8768,11.4099,4.9958,14.0456,5.1246,0.0497,0.0304,0.0564,0.0228,0.0935,0.0233,0.1419,0.032,18.38313158229051,17.946021104631097,17.55540929402225,17.553470605446318,0.022828387
90,4,0.043596,160.1178137831449,24.23412248992252,0.8536695603782416,0.8591319324320352,5.5287,0.6178,5.337,0.7576,5.154,0.891,4.956,1.0355,0.0067,0.0038,0.0045,0.0025,0.0055,0.0032,0.0087,0.0054,15.859673531173726,15.18105609536144,14.824674049013964,14.602890946945015,0.022839496
91,1,0.022068,161.0694624321164,2.787771575071178,-0.1477391404868449,-0.21113033626037492,14.5551,2.2223,14.0642,2.5248,13.5959,2.8134,13.0889,3.1258,0.0109,0.0021,0.0063,0.0011,0.0091,0.0018,0.0162,0.0032,15.779178024264906,15.134582150483146,14.828900261731519,14.645164556669066,0.037806675
91,4,0.021862,161.0886590441903,2.793372537284227,0.477329125258132,0.5098082544195002,5.8679,8.9483,5.1188,8.2599,4.4041,7.6029,3.6304,6.8918,0.03,0.0492,0.0189,0.0317,0.0156,0.0326,0.0238,0.0517,15.76261863986201,14.968628263761824,14.547822233612317,14.261980092439092,0.037751343
91,3,0.101,161.0837845321902,2.805499092512202,2.31663445426652,2.365058445392421,10.0695,0.9339,9.5703,1.2187,9.094,1.4905,8.5784,1.7847,0.0096,0.0019,0.0068,0.0015,0.0104,0.0025,0.0169,0.0042,16.982119711491254,16.562629738373108,16.178387813906234,16.095995217495915,0.037757788
93,3,0.036855,161.8018864878908,-2.332915819015037,0.471168494824715,0.44053325595907644,nan,2.7837,nan,1.8864,nan,1.0302,nan,0.1033,nan,0.5594,nan,0.7509,nan,1.5299,nan,2.4406,16.180210506646326,15.712743397007014,15.441125670025867,15.356156340571662,0.0427374
93,2,0.0715,161.7988142070167,-2.311209411369505,0.7158860820967821,0.6249044199957048,17.002,0.6564,17.0367,0.8144,17.0698,0.9651,17.1057,1.1283,0.012,0.0012,0.0104,0.0008,0.0158,0.0014,0.0245,0.0024,16.966479293278063,16.431354358506415,16.105515021326756,16.005108606513723,0.043063596
96,4,0.028677,165.3026356518377,16.72426358807883,0.49719304255055263,0.42677256873332503,39.5345,0.9795,37.9,1.0567,36.3405,1.1304,34.6523,1.2102,0.0429,0.0015,0.0294,0.001,0.0314,0.0011,0.0478,0.0018,15.210015239178645,14.581255978545919,14.272087049253429,14.091550635989885,0.019108232
97,3,0.109589,167.5261035286813,-1.021252338016023,1.2498056775716861,1.3033253327150955,4.9786,1.4321,4.8736,1.406,4.7734,1.381,4.665,1.354,0.0106,0.008,0.0071,0.0049,0.0079,0.005,0.0125,0.0085,18.430725291834875,18.079456086662766,17.520880580990802,17.55813869719204,0.036855802
97,1,0.1085,167.5127542218795,-1.005626684312333,0.6668533140452588,0.6794375315056875,7.0635,1.4255,6.688,1.6471,6.3298,1.8585,5.942,2.0873,0.0155,0.0064,0.0098,0.0037,0.0108,0.0044,0.0176,0.0078,17.99413564501601,17.14723160904282,16.69059128025543,16.46374382895032,0.03710507
97,4,0.109589,167.5390798010606,-1.013468111430023,1.702543826886572,1.7489237762020373,10.9604,1.1703,10.7793,1.5688,10.6064,1.949,10.4193,2.3606,0.0175,0.0035,0.0107,0.0022,0.0169,0.0037,0.0293,0.0063,17.52280458494869,16.764024053838366,16.336157999997315,16.156076149577412,0.037153237
97,2,0.109852,167.5168502117463,-1.004677110111772,1.4231782167041853,1.4469489126410675,3.5769,1.0193,3.2702,1.2238,2.9776,1.4189,2.6608,1.6302,0.0074,0.0109,0.0054,0.0052,0.0055,0.0074,0.0077,0.0145,20.88243218465297,20.625147550204133,20.43545412410312,20.820916749031603,0.037206035
98,1,0.033857,167.9824744936344,29.43309680026038,0.18174772660812089,0.19805064396948424,9.9553,1.1846,10.0064,1.5317,10.055,1.8628,10.1077,2.2213,0.0344,0.0081,0.0301,0.0072,0.0503,0.012,0.0799,0.019,18.382485031560932,18.135257237846723,17.836869926999995,17.845523385941547,0.029222382
101,1,0.06271,169.9182950321516,-6.517915002121144,1.1288335082220673,1.1571584851240377,44.057,1.3508,42.4314,1.4026,40.8804,1.4521,39.2014,1.5057,0.212,0.0068,0.1479,0.0047,0.231,0.0079,0.3824,0.0133,17.856232985663837,17.440170830885712,17.058975212905622,16.995820416587712,0.04648475
101,2,0.06271,169.9192724902598,-6.499577417439074,0.720286381220145,0.6440299896072776,13.1701,0.4926,13.144,0.5618,13.119,0.6278,13.092,0.6992,0.0066,0.001,0.0047,0.0006,0.0062,0.0009,0.0097,0.0015,17.28793315759094,16.726548411495653,16.40489002827556,16.280837948530426,0.04717409
101,3,0.06271,169.9204890712538,-6.494103278591494,0.8655508770771387,0.8767326308736507,12.6796,0.4983,12.498,0.6132,12.3247,0.7227,12.1371,0.8413,0.0112,0.0018,0.0082,0.0011,0.0111,0.0017,0.0175,0.003,16.82505786875659,16.10777421266647,15.746868612342075,15.537942864849981,0.047331728
101,4,0.06271,169.9230100629089,-6.524597047655746,1.43975035131586,1.4809810939984942,19.6847,1.6022,18.6867,1.8275,17.7344,2.0424,16.7036,2.2751,0.0193,0.0021,0.0133,0.0013,0.0165,0.0018,0.0262,0.0031,18.00471376645229,17.554612322988422,17.28563442264596,17.224615014211913,0.04634477
104,4,0.062177,171.9805246572288,-0.4725503499350716,0.16738030689707983,0.14046094251211905,2.2174,1.6398,2.2595,1.7597,2.2997,1.8742,2.3432,1.998,0.0093,0.0283,0.0068,0.0192,0.0095,0.03,0.015,0.0502,17.855451247544853,17.256484295885002,16.96511026735198,16.82186268059471,0.031901795
104,2,0.062384,171.9601366068491,-0.4511256666447173,0.7365700758810139,0.7948485646217414,0.6495,0.8107,2.5443,0.5725,4.3523,0.3453,6.3094,0.0993,0.0084,0.0229,0.0055,0.0142,0.0071,0.007,0.0117,0.0074,18.64259967254261,18.33206341340647,18.141600223289302,18.13043404031143,0.031746883
105,3,0.06886,172.9441519508484,15.38917229504831,0.7447786435439969,0.7078653497222973,18.8629,0.9308,18.2403,1.0497,17.6463,1.1631,17.0033,1.2859,0.0217,0.0019,0.0066,0.0006,0.0173,0.0016,0.0361,0.0033,17.17625085832415,16.483733676446064,16.13321338362661,15.95077044428091,0.03508884
105,4,0.06899,172.9538411941126,15.40681461877469,1.0353542220059495,1.0713123879439426,11.6227,1.8257,10.527,1.6537,9.4816,1.4896,8.35,1.312,0.0118,0.003,0.0047,0.0011,0.0079,0.002,0.0166,0.0044,17.402907691331073,16.593623351704686,16.2539064954955,15.983460206210877,0.03497649
105,2,0.06886,172.9413327306714,15.41778817790734,1.1171256384851347,1.1598567815893066,16.1241,2.3707,15.541,2.3014,14.9847,2.2353,14.3825,2.1638,0.05,0.0072,0.015,0.0022,0.0391,0.0056,0.0823,0.0118,17.02031917966763,16.579471092792808,16.31080743562269,16.220900031303614,0.035166357
107,2,0.06264,174.1568297133209,21.69064871524099,0.3584944370952243,0.29593451049793984,53.0218,2.0532,56.6014,2.6956,60.0168,3.3085,63.7139,3.9721,0.2135,0.0073,0.1685,0.0055,0.2899,0.0091,0.473,0.0149,20.65050787847504,20.686617934396327,20.632097276775745,21.562647265083783,0.026176821
107,4,0.025207,174.1896907042591,21.710033858281,0.1890963659761411,0.147089224100851,14.9802,1.1485,14.7336,1.3215,14.4983,1.4866,14.2436,1.6653,0.0334,0.0044,0.0242,0.0031,0.0378,0.0049,0.0619,0.008,15.55708550284469,14.900928921702384,14.570456130668868,14.361804174098458,0.026091238
108,2,0.118659,174.2546993891416,12.45710497774324,1.5579487485187897,1.593941279261026,16.043,0.6712,15.1122,0.8686,14.224,1.057,13.2626,1.2609,0.018,0.0023,0.0119,0.0014,0.0145,0.0021,0.0234,0.0036,18.02398497261698,17.202702061762015,16.748983191700262,16.533069144067515,0.029116442
108,4,0.118659,174.2654179415284,12.45811032280742,1.256757804205355,1.2828663395529762,8.1122,0.6621,7.85,0.8389,7.5997,1.0075,7.3288,1.19,0.0157,0.004,0.014,0.0033,0.0215,0.0062,0.0332,0.0102,18.585363578711473,18.341141334878024,17.916433551096237,18.089788335284187,0.028953504
108,3,0.117315,174.2605911844514,12.45932558946077,1.3470778130831373,1.3246636558828637,9.7677,1.7087,9.3286,2.0371,8.9098,2.3504,8.4563,2.6896,0.0186,0.0048,0.0118,0.0032,0.0173,0.0053,0.0294,0.009,17.632217199654256,17.333683561253263,16.861508673362593,16.969926232697375,0.029027741
112,2,0.032261,179.0601589568412,25.35415458397431,-0.28379522817300895,-0.4078485086333945,21.7753,0.5907,21.4169,0.7773,21.0749,0.9554,20.7047,1.1481,0.0158,0.0017,0.011,0.0009,0.0178,0.0016,0.0298,0.003,17.252886008736784,16.81870845603738,16.557589548206995,16.485753795780955,0.017294025
112,1,0.032261,179.0536781221025,25.37739731079984,-0.14921292708958767,-0.057544477977042874,nan,3.0613,nan,2.3969,nan,1.763,nan,1.0769,nan,0.5335,nan,0.3972,nan,0.6473,nan,1.0596,20.055503924168793,20.268244825005347,19.97146127017071,20.25579852906127,0.017653314
113,1,0.08939,179.1824473723358,22.49848049142986,1.118760186363824,1.1469156975603472,6.3863,1.3651,6.0929,1.3935,5.8129,1.4207,5.5099,1.45,0.012,0.0068,0.0076,0.0043,0.0093,0.0055,0.0155,0.0093,17.759295027389918,17.382845976645648,17.045198364435958,17.059982977805305,0.028308049
117,4,0.075773,184.4438776336825,20.75444358665416,1.2183724270680774,1.2555010999099796,9.8838,1.5902,9.7642,1.904,9.65,2.2034,9.5264,2.5275,0.0118,0.0032,0.0075,0.002,0.0096,0.0026,0.0161,0.0045,16.960570532412834,16.0476167731134,15.666378716659404,15.402719853772515,0.02634996
117,1,0.075773,184.4295267561779,20.74184531738134,1.0828520595817395,1.1377787408258015,9.2829,0.8007,9.0822,0.9283,8.8907,1.05,8.6835,1.1818,0.0161,0.0035,0.0107,0.0023,0.0136,0.0031,0.0223,0.0053,18.643314254276362,17.880968491596068,17.322591742324985,17.137687533782245,0.02651297
117,2,0.123136,184.4356191549969,20.74147848383586,1.034235663704063,1.027543621076024,6.5754,1.1988,5.987,1.3271,5.4256,1.4496,4.8179,1.5821,0.0187,0.0087,0.0121,0.0059,0.0108,0.0067,0.0163,0.0105,17.996011139584244,17.300038674946258,16.88114558571904,16.74801826538684,0.026541576
121,2,0.073425,188.4074270292317,19.86575371114036,1.2905428425089855,1.334641152093159,11.6696,1.066,11.1662,1.1858,10.6858,1.3001,10.1659,1.4238,0.0198,0.0032,0.0142,0.0023,0.0212,0.0038,0.0346,0.0063,16.93674141396875,16.108282070611285,15.721824460612387,15.483216041154733,0.030106163
121,3,0.073886,188.4132149069272,19.87870153643733,0.4903296071092207,0.5167989059099813,13.0714,0.9046,12.7431,1.07,12.4299,1.2278,12.0909,1.3986,0.0082,0.0013,0.0052,0.0008,0.0069,0.0012,0.0115,0.002,17.923948582703147,17.472483334525442,17.157581014384768,17.117247959787598,0.030346503
122,2,0.068894,190.3133046107841,18.30414904898066,0.4072985313220929,0.4464284837787691,9.8886,0.8716,10.0707,0.9229,10.2444,0.9719,10.4325,1.0249,0.0653,0.0099,0.0525,0.0073,0.0904,0.0134,0.1469,0.0224,19.0104902964812,18.78055273086678,18.559458730579312,18.629369161609702,0.020603081
122,3,0.077262,190.3347780883998,18.30641529825251,0.40424044643423684,0.35244433258971064,17.3385,1.3324,17.2298,1.6685,17.126,1.9892,17.0138,2.3364,0.0374,0.0042,0.0212,0.0024,0.0356,0.0042,0.0636,0.0075,17.699290151104655,16.844841229676398,16.452876285964198,16.209778094428646,0.02138917
126,2,0.070755,195.7320321707602,5.540629306647933,1.3485313591469161,1.379728314652814,25.1139,1.3277,28.1759,2.1935,31.0975,3.0196,34.2602,3.9138,0.035,0.0025,0.0399,0.0027,0.0727,0.0047,0.114,0.0074,16.394372120690754,15.630491314178737,15.25192046342339,15.027263516895502,0.038204264
129,3,0.060895,197.1935285196431,28.88018549061634,0.43807182566333047,0.2848867375000985,34.3647,1.2158,34.5138,1.3998,34.656,1.5753,34.81,1.7653,0.052,0.0023,0.0382,0.0017,0.0615,0.0028,0.1008,0.0046,16.518239857575548,16.062679285073777,15.747611455948203,15.660437138269263,0.0096646845
132,1,0.060622,198.2608024976516,12.6977041752871,0.7480332133573384,0.738273692661048,16.9444,0.7361,18.8195,1.5344,20.6087,2.2961,22.5455,3.1206,0.0314,0.003,0.0368,0.0034,0.065,0.0061,0.1004,0.0094,16.32834431669572,15.583922214131782,15.216801527351356,14.99434712880153,0.023700604
132,4,0.030082,198.2811769270057,12.68375142899898,-0.21366674517611628,-0.21850435456643424,14.6546,0.924,14.3465,1.0974,14.0525,1.2629,13.7342,1.4421,0.0224,0.0025,0.0202,0.0023,0.0318,0.0041,0.0493,0.0065,17.71638780263034,17.404132384526893,17.157621600271735,17.138864445853798,0.023674829
132,2,0.029737,198.2685821305454,12.71326428388539,0.20575933847037753,0.07504644960052609,37.7527,0.8871,38.1159,0.9996,38.4623,1.1069,38.8374,1.2231,0.0498,0.0016,0.0451,0.0014,0.0734,0.0023,0.1148,0.0037,18.13708214234998,17.712737513532666,17.493995105967848,17.389675407586076,0.023628449
133,3,0.023963,198.4552197069566,6.962585863325409,-0.03752572139539545,-0.10462453911916114,40.9209,0.6517,40.6866,0.8362,40.463,1.0123,40.221,1.2029,0.0281,0.0009,0.0254,0.0008,0.0384,0.0013,0.0585,0.0021,15.800215075344347,15.27167635277813,14.976301966518115,14.818264618798022,0.032240037
133,2,0.023963,198.4402283438341,6.977091864346733,-0.36540799589476336,-0.30898909718847456,21.46,0.879,20.3277,0.8869,19.2474,0.8944,18.0779,0.9025,0.1361,0.0093,0.0945,0.006,0.1252,0.0091,0.2013,0.0155,20.147612525841964,20.0575774341087,20.07947763070032,20.242081312595808,0.03219276
133,1,0.021535,198.4354238371457,6.992117184782036,0.9358134767267341,0.9720881719463677,42.4915,1.2375,41.8262,1.3768,41.1914,1.5096,40.5042,1.6535,0.0174,0.0008,0.0117,0.0006,0.0143,0.0007,0.023,0.0011,14.659049936989563,13.89921278833776,13.476299121387989,13.190301628925644,0.0320234
134,1,0.072823,198.5664910171698,17.23412448667367,0.9315577002491615,0.9129489620387634,12.2298,1.0345,12.1659,1.4005,12.1049,1.7496,12.0389,2.1276,0.0064,0.0011,0.0042,0.0007,0.0049,0.0008,0.0078,0.0013,16.927013867040554,16.477650066688867,16.20442117448802,16.121894768058848,0.021430343
134,3,0.072724,198.5766331723389,17.20442568463601,2.002004402383257,2.0539047662613132,18.1538,0.8705,18.4465,0.9342,18.7258,0.995,19.0281,1.0609,0.0401,0.0041,0.0281,0.0026,0.0396,0.0036,0.0642,0.0061,16.577900240448553,15.70737830736183,15.346386512615872,15.063629097168032,0.021611936
134,4,0.072823,198.577428067335,17.2472186772797,0.5848074950110469,0.6427162760279419,13.8495,0.9874,13.6065,1.1842,13.3746,1.3721,13.1236,1.5754,0.0119,0.0016,0.0076,0.0011,0.01,0.0014,0.0167,0.0023,18.58402742112567,18.364500159334384,18.104029775050048,18.138187683254152,0.021509185
139,3,0.081738,202.4912720525582,9.410954546484907,1.1516341600706248,1.146469880662691,6.3483,1.9247,6.0114,2.1708,5.6899,2.4056,5.3419,2.6598,0.0274,0.0252,0.0224,0.0174,0.022,0.0195,0.0265,0.0299,16.65014597017073,15.952916046288705,15.604116066176179,15.447263589442297,0.024700135
140,1,0.144162,203.3178121602868,11.07620638592481,0.5232984273834216,0.5735267579543386,19.9436,1.9611,19.9366,1.7966,19.9299,1.6395,19.9227,1.4695,0.1464,0.0134,0.0914,0.0078,0.1335,0.011,0.2285,0.0194,22.400503757832116,22.22111730003249,23.056981669192606,23.64905785885779,0.032465667
140,4,0.144162,203.3395211011225,11.1023216587484,1.1122414505187166,1.1121506553328988,6.8837,2.2595,6.6783,2.4061,6.4824,2.5459,6.2704,2.6973,0.026,0.0133,0.0183,0.0094,0.029,0.0155,0.048,0.0259,18.307295622027752,17.948373392089696,17.5567237436056,17.728125110215473,0.0330969
140,3,0.025391,203.3288817755592,11.11713539728828,0.4399201486209776,0.4379746849983448,35.7859,7.1749,30.8509,6.9005,26.1421,6.6387,21.0449,6.3553,0.1096,0.0117,0.0661,0.0078,0.0494,0.0076,0.0791,0.0116,15.923381944559257,15.211990976017367,14.880081221622708,14.665736748583365,0.03348682
143,4,0.022968,204.8841890871623,4.507998329909306,-0.11720648211730555,-0.06722433258692284,26.4918,0.8464,25.6886,0.8735,24.9221,0.8993,24.0924,0.9272,0.0085,0.0006,0.0054,0.0004,0.0071,0.0005,0.0119,0.0009,18.57830863139481,18.398718798752686,18.271308313457958,18.222454222631576,0.030774005
143,1,0.023086,204.8640211671729,4.510612238136396,0.3705378302375184,0.3364380341535682,7.0761,0.8908,7.1164,0.8758,7.1549,0.8614,7.1965,0.8459,0.0171,0.0058,0.0135,0.0035,0.0204,0.0053,0.0323,0.0092,15.635485813535764,15.139632644422106,14.85427503147687,14.711949467878187,0.031193567
148,1,0.083352,208.8225504975571,6.562008871012385,0.6761633148656401,0.6899372165588016,23.6686,1.2418,21.6783,1.3342,19.7793,1.4223,17.7236,1.5177,0.0392,0.0025,0.0255,0.0015,0.0266,0.0019,0.0419,0.0033,17.238155694061,16.268434827410683,15.844070738898546,15.565434722201392,0.024969792
148,3,0.083352,208.8462058638437,6.548350787055839,1.0136785503996926,1.0629855214525694,11.7442,1.6764,11.597,2.0047,11.4566,2.318,11.3045,2.6571,0.016,0.0034,0.0101,0.002,0.0124,0.0026,0.0208,0.0046,18.622772602800392,18.064958467040263,17.736160989994154,17.615528197268723,0.024912817
149,2,0.067956,210.4450919949291,-3.174171328079091,1.7757153081532344,1.8314440499471338,12.2701,0.5354,11.7738,0.6923,11.3001,0.842,10.7874,1.0041,0.0186,0.0024,0.0135,0.0016,0.0186,0.0026,0.0296,0.0045,18.526187104969488,17.815142767789684,17.457673843689584,17.2676743173161,0.06288157
149,1,0.067956,210.4362564194164,-3.156001730929726,1.21293121401877,1.2532887518486717,16.2183,0.8112,15.9435,0.8915,15.6813,0.968,15.3975,1.0509,0.0371,0.0038,0.0277,0.0024,0.0425,0.0042,0.0687,0.0071,17.254543350509046,16.312735871100642,15.838409401040446,15.518769734172066,0.06364775
149,4,0.067788,210.466954744732,-3.205265815364832,0.2202390317972185,0.2821413690714074,27.7953,0.7855,25.5089,0.9659,23.3273,1.138,20.9657,1.3243,0.0214,0.0014,0.0143,0.0009,0.0145,0.0011,0.022,0.0017,18.035253979467598,17.33317990225653,16.98882475752834,16.776710979018254,0.06122826
154,3,0.037372,212.8613899081116,-29.67362339446398,0.4863160735188661,0.46036314815202317,20.1399,1.6663,20.8407,2.2016,21.5093,2.7123,22.233,3.2652,0.0735,0.0063,0.0316,0.0025,0.0538,0.0041,0.108,0.0086,16.438423128733408,15.369502431605502,14.932613156016075,14.61170736204655,0.05995871
154,4,0.037372,212.8613665823259,-29.63580712305456,0.4071235222148335,0.380661891572073,6.5798,0.6195,6.6801,0.6424,6.7758,0.6642,6.8795,0.6879,0.0211,0.0068,0.0095,0.0024,0.0167,0.0045,0.0325,0.0097,16.049708048722845,15.419983962266954,15.139193541617697,14.951403433235738,0.05835739
159,2,0.055027,219.221051338999,12.13901051400059,1.0949145879815703,1.1406438830591323,16.9631,1.5653,17.0516,1.6248,17.1361,1.6816,17.2276,1.743,0.0442,0.005,0.0262,0.0028,0.0374,0.0038,0.0654,0.0069,17.188251674239535,16.47765663936456,16.162441683107865,15.954527607928528,0.027816731
159,4,0.188742,219.2652855248565,12.17632928967613,1.6704187501357204,1.7145994227144925,25.8339,0.8907,25.8049,1.2764,25.7772,1.6445,25.7472,2.0429,0.0188,0.0013,0.0134,0.0009,0.0206,0.0015,0.0338,0.0025,18.568035125056433,17.88147252508742,17.325708281935945,17.440845665365853,0.025694022
159,1,0.054808,219.2209261720926,12.16126139104753,0.5481028168457982,0.5798185264011515,1.1865,nan,1.9294,nan,2.6382,nan,3.4055,nan,0.0254,nan,0.029,nan,0.0563,nan,0.0896,nan,16.092280331664902,15.176370237189282,14.77932743216718,14.507079386082578,0.026866361
160,1,0.030605,219.6912603223076,9.04091980277455,-0.41635442458516536,-0.37790652350914655,6.3725,1.9063,6.0887,1.8237,5.8179,1.7448,5.5247,1.6594,0.0078,0.0042,0.0053,0.0026,0.0055,0.0025,0.0083,0.0041,18.128433870928188,17.621358181414248,17.44297907407645,17.302546520243677,0.036624976
160,2,0.030605,219.6972295133376,9.03095727003908,0.37063148464539886,0.4081369981396765,5.8455,4.0641,6.6603,3.9393,7.4377,3.8201,8.2793,3.6912,0.0386,0.0308,0.0303,0.0202,0.0499,0.0223,0.0808,0.0355,20.980064747916984,21.07647016503897,20.91418965277777,21.113613476741882,0.036746163
160,3,0.030822,219.7153122101575,9.046957064626492,0.20376137134947925,0.20973674789400754,5.5472,nan,3.7181,nan,1.9728,nan,nan,9.006,0.026,nan,0.0173,nan,0.0092,nan,nan,0.2409,17.135368192860962,16.50694622508507,16.235596369740648,16.03001627134467,0.036673956
160,4,0.086179,219.7307285148444,9.055148947980484,1.3352419157824862,1.3298874975594952,10.9904,0.8044,10.9386,0.8917,10.8892,0.9749,10.8357,1.065,0.0097,0.0018,0.0075,0.001,0.0112,0.0017,0.0178,0.003,17.125093331258647,16.75360793342558,16.43483888642049,16.452919529710147,0.036391232
164,1,0.07397,226.257393613647,8.709469189893905,1.1620102757173782,1.112395161946564,14.6275,1.3321,14.487,1.4363,14.353,1.5358,14.2079,1.6434,0.0111,0.0015,0.0072,0.001,0.0095,0.0013,0.0157,0.0021,16.549357463239364,15.963024189594066,15.621027425292576,15.48493826504063,0.033906676
164,2,0.07397,226.2709126721782,8.731861193811778,0.5462417834940112,0.6296959915662939,16.1659,1.692,14.7061,2.4875,13.3132,3.2466,11.8054,4.0682,0.0733,0.0142,0.0485,0.0111,0.0598,0.0192,0.0972,0.0315,18.741162492686016,17.79661188239761,17.347042311561417,17.06185783518968,0.03479361
164,3,0.073949,226.2740593596376,8.71686874945827,0.11238078535746254,0.1616621476789728,8.3617,0.3971,8.3642,0.4699,8.3665,0.5392,8.3691,0.6144,0.0138,0.0039,0.0113,0.0026,0.0153,0.0042,0.023,0.0071,17.87935878653811,17.18305668847196,16.844059449317257,16.654029414090147,0.034626346
171,4,0.112916,230.961707942046,2.665967989545834,1.248976602397935,1.2371128715330766,11.1392,6.8773,9.6354,6.3003,8.2006,5.7497,6.6474,5.1537,0.1639,0.0782,0.0949,0.0472,0.0612,0.0392,0.1051,0.0642,17.72456593744865,17.2294994857937,16.818158663699577,16.781193174168827,0.04453261
171,3,0.112833,230.9601570421855,2.672556271922697,0.6634607321693942,0.7390879861251065,13.4541,2.1125,13.8775,1.9715,14.2815,1.837,14.7188,1.6914,0.0185,0.0033,0.0118,0.0021,0.0171,0.0024,0.0289,0.0039,18.244091737843572,17.441742432118026,16.982307971976063,16.77245604902817,0.044658124
171,1,0.052511,230.9219656491059,2.666691082692337,1.1286275432720263,1.1485686867915454,34.382,1.2023,31.7543,1.4562,29.2472,1.6983,26.5332,1.9605,0.0236,0.0012,0.0149,0.0008,0.0196,0.0013,0.0329,0.0022,16.09820212631791,15.243989795071887,14.814963505358941,14.523270407087502,0.04530542
171,2,0.020865,230.9415084439488,2.67026416322864,-0.19673834702027193,-0.26607718789076884,6.6138,2.1561,7.0061,2.3761,7.3804,2.586,7.7856,2.8133,0.0167,0.0084,0.0155,0.0066,0.0272,0.0107,0.0433,0.0171,16.382538329042028,15.946439339434708,15.685919096558038,15.583887627465968,0.045394827
185,2,0.030818,312.4743758264021,-48.89632833344687,1.0624510924247694,1.1105070533669572,8.3385,1.502,8.8669,1.8135,9.3711,2.1107,9.9168,2.4324,0.0293,0.0082,0.0272,0.0068,0.0508,0.0122,0.082,0.0198,17.862647423599128,17.308612976266247,16.9233783575539,16.78394505655238,0.038336523
185,3,0.030818,312.5027975457372,-48.91636992468332,0.5548745576887093,0.5697327155981675,16.3301,0.908,16.7771,0.995,17.2036,1.078,17.6653,1.1678,0.0114,0.0014,0.0094,0.0008,0.0165,0.0015,0.0267,0.0026,16.329866554554165,15.787565219114827,15.49751552605939,15.355387315046716,0.03814484
185,4,0.030818,312.5096419987884,-48.89807021969206,0.05511561986672753,0.09231993791189552,32.1126,0.5236,31.4373,0.6267,30.793,0.7251,30.0955,0.8316,0.0106,0.0007,0.0076,0.0004,0.0121,0.0007,0.02,0.0013,18.225808088261058,17.828081001245316,17.55156656507386,17.481488561911576,0.038612045
186,3,0.094365,314.4895706185349,-24.94810710824377,nan,1.6861681964020114,5.4471,0.9389,0.0,0.0,5.7368,0.9464,5.8899,0.9503,0.0097,0.0066,0.0,0.0,0.0074,0.0035,0.0112,0.0059,nan,nan,16.54203134561306,16.366511132325744,0.06218225
186,4,0.094365,314.4941688273316,-24.96287790106267,nan,1.5263001187664784,nan,6.8073,0.0,0.0,1.1671,nan,1.7585,nan,nan,4.3741,0.0,0.0,0.0972,nan,0.1522,nan,nan,nan,16.95509888181582,16.876046482444107,0.06236795
188,3,0.055752,314.8658029127148,-60.67951356115095,1.0456655474227023,1.017791322476203,26.0321,4.1715,26.9401,5.0788,27.8064,5.9445,28.7443,6.8817,0.0875,0.0104,0.0476,0.0057,0.0807,0.0092,0.1465,0.0167,16.523146896206118,15.994001056098883,15.752757023847245,15.625910903011237,0.040596966
188,1,0.055752,314.848228737484,-60.66764493567462,1.1194260785485053,1.1216550612740104,nan,0.8745,nan,1.6494,nan,2.3888,nan,3.1892,nan,0.1291,nan,0.1322,nan,0.1569,nan,0.1984,15.129269692019305,14.240152310786682,13.878337290933642,13.60397553228233,0.04092898
189,3,0.029797,319.3556826032616,-35.91792837255518,nan,0.5619691735789889,25.9244,1.9534,27.7094,2.3266,29.4125,2.6827,0.0,0.0,0.0198,0.0016,0.0195,0.0014,0.0378,0.0028,0.0,0.0,nan,nan,16.891309403801888,nan,0.06756172
189,2,0.029797,319.3494413525481,-35.92204608091316,nan,-0.08566181156736974,11.1068,1.0678,12.2061,1.1353,13.255,1.1998,0.0,0.0,0.019,0.0038,0.0195,0.0031,0.0285,0.0047,0.0,0.0,nan,nan,16.98564849536886,nan,0.06756886
189,4,0.029797,319.3614926524389,-35.92601140014751,0.044705594484316435,-0.03491494966580788,10.4372,1.3087,12.405,1.4661,14.2826,1.6164,0.0,0.0,0.0186,0.0035,0.0233,0.0032,0.0386,0.0049,0.0,0.0,16.774104775292763,15.512649257951928,16.664677085673127,nan,0.0671943
194,1,0.067693,330.1682493429522,-42.81854129533422,0.729912799263067,0.7450558637788607,15.8099,0.9135,14.858,0.8448,13.9497,0.7793,12.9665,0.7083,0.0851,0.0089,0.0487,0.0041,0.0693,0.007,0.1234,0.0135,17.26528162060176,16.645872831630925,16.318118252878833,16.181683002569272,0.013056566
194,4,0.067693,330.211453243805,-42.8283383241871,0.4556906957373599,0.39099376127792773,17.1391,0.73,16.8254,0.8305,16.5261,0.9264,16.2021,1.0302,0.0106,0.0014,0.0058,0.0007,0.0091,0.0012,0.0165,0.0022,16.989462354874348,16.339241526675742,16.017783827166227,15.883991843758286,0.012926363
194,2,0.067693,330.1806055696276,-42.82142188853504,1.6723837187031858,1.7211739219494806,20.0364,0.5641,19.64,0.6829,19.2619,0.7963,18.8525,0.9191,0.0107,0.0009,0.0067,0.0004,0.0105,0.0008,0.018,0.0016,16.6641517410614,15.81843620832707,15.458631122149754,15.169999219795212,0.013006653
195,4,0.07177,330.6448439367783,-22.90050394610396,0.31728082515554945,0.25780256115766065,11.7316,0.4372,11.7757,0.5385,11.8177,0.6351,11.8633,0.7397,0.0085,0.0012,0.007,0.0008,0.0122,0.0017,0.0197,0.0029,17.922480484501854,17.353440095278206,17.06008234556317,16.93216189617876,0.026839491
196,1,0.0342,332.1212838678745,-57.27773774592522,0.3228321072321094,0.36149651164955543,3.3591,1.1639,3.297,1.326,3.2378,1.4807,3.1737,1.6481,0.0019,0.0028,0.0013,0.0021,0.002,0.0034,0.0033,0.0057,17.878713022208938,17.46620097197214,17.240029180940873,17.154530334669314,0.022832476
196,3,0.0342,332.1321567400203,-57.28301894705007,0.02264810307331011,0.05307923348040333,19.501,1.0816,19.9518,1.3352,20.3819,1.5772,20.8475,1.8391,0.049,0.004,0.05,0.004,0.092,0.0075,0.1463,0.0119,18.814212372514657,18.508462172729626,18.330581724571754,18.267939899990154,0.022783559
199,2,0.0332,334.6639509486999,-24.17093920143219,0.7508218725019198,0.7808140013300644,36.631,1.7457,36.8058,1.7389,36.9726,1.7324,37.1532,1.7253,0.0479,0.0021,0.0286,0.0012,0.0393,0.0016,0.0684,0.0028,16.184850262864963,15.28388893494168,14.84917475558388,14.461469356019204,0.035009988
201,3,0.044191,335.6026170743777,-61.26484286143308,0.16941248882026017,0.1892663246186892,13.1792,0.846,12.6094,0.9912,12.0657,1.1297,11.4772,1.2796,0.0091,0.0014,0.0055,0.0008,0.0077,0.0012,0.0133,0.0022,17.595703251445286,17.048838762468304,16.737978875366775,16.602455069876008,0.0352306
201,2,0.044191,335.5996443886925,-61.27986027285171,0.7753517956933678,0.8039411172294599,1.7417,2.0378,1.9301,2.3889,2.1099,2.724,2.3046,3.0867,0.0085,0.0408,0.0055,0.0248,0.0073,0.0282,0.0122,0.0479,16.126756147485782,15.25451765160846,14.856115593663432,14.581622790730679,0.035134714
201,4,0.044191,335.6321568483304,-61.29583388651325,0.3134381206904848,0.3556929394588604,16.233,0.9431,16.6406,1.2702,17.0295,1.5822,17.4504,1.92,0.028,0.0027,0.0236,0.0022,0.0417,0.004,0.0674,0.0066,19.73728182284354,19.04924272002361,18.59844483478358,18.45958534366155,0.034992084
202,2,0.0509,336.3657338106652,-27.70253071905433,1.0228931399998942,1.0551848612000576,19.9446,1.3647,20.149,1.719,20.344,2.057,20.5551,2.4229,0.011,0.0011,0.0072,0.0007,0.0137,0.0013,0.0236,0.0023,16.90726716366422,16.13170307686424,15.807259101987903,15.551777573024511,0.018384205
202,3,0.186063,336.3831938210164,-27.70142831744614,1.9331517083856706,1.9749155990125598,9.4593,1.085,8.8295,1.1098,8.2286,1.1334,7.5782,1.159,0.0239,0.0049,0.0146,0.0033,0.0243,0.0064,0.0423,0.0109,18.281911235452817,17.726878838615512,17.404485526520258,17.42442751800014,0.018322498
204,2,0.0621,338.077933941519,-25.44826101628676,nan,0.20364296687837324,23.9287,0.7718,0.0,0.0,21.5373,1.0942,20.2733,1.2646,0.0773,0.0051,0.0,0.0,0.1018,0.0078,0.1548,0.0125,nan,nan,17.005038373076417,16.940166155139284,0.026364917
204,4,0.0363,338.1124436370977,-25.42637314902058,nan,1.1168537763750095,28.8852,1.5751,0.0,0.0,29.1137,2.4742,29.2345,2.9493,0.0327,0.0025,0.0,0.0,0.0291,0.0023,0.0489,0.0038,nan,nan,14.216093388747007,13.885581489627617,0.026670478
205,2,0.055939,338.2875656427148,-60.92516658869187,0.4839260001946606,0.49019400168292293,13.9089,4.0888,14.087,4.8504,14.2569,5.577,14.4408,6.3636,0.0228,0.006,0.012,0.0032,0.0172,0.0043,0.0319,0.0081,17.47236216200649,16.723170284681252,16.378182744186017,16.17317919374998,0.026471628
205,1,0.055939,338.2640070806825,-60.9110502359763,1.6337495894592706,1.6879839876159402,11.0069,1.4278,9.9584,1.4608,8.9581,1.4922,7.8751,1.5262,0.0118,0.0025,0.0073,0.0014,0.0073,0.0016,0.012,0.0028,18.553348664519255,18.419968233965115,18.230907078817783,18.284378324379713,0.026766077
205,4,0.054818,338.3209427720652,-60.92597572467674,0.5166085255747959,0.5441158344777914,10.0325,1.5847,10.2799,1.5483,10.5159,1.5135,10.7714,1.4759,0.0125,0.0032,0.0069,0.0019,0.0101,0.0022,0.0183,0.0039,16.298962119543326,15.37309089286671,14.987589661160289,14.704482290153516,0.026472494
209,3,0.0744,343.2215152223864,-24.97424294348244,nan,0.24669064517724593,11.9641,0.8324,0.0,0.0,10.603,1.337,9.8836,1.6036,0.0137,0.0026,0.0,0.0,0.0137,0.0027,0.0213,0.0045,nan,nan,17.93206195736351,18.01621356561585,0.025584737
209,2,0.0742,343.2062039909486,-24.96546547718215,nan,0.7027422889253359,4.3398,4.2592,0.0,0.0,5.3422,3.6465,5.872,3.3227,0.0545,0.0888,0.0,0.0,0.0544,0.0466,0.0861,0.0698,nan,nan,16.63484088256687,16.4610284370806,0.025813174
209,1,0.079258,343.1982580892699,-24.94512935850476,nan,1.0530578995029796,36.7439,0.8214,0.0,0.0,31.9521,1.1948,29.4194,1.3921,0.0435,0.0022,0.0,0.0,0.0248,0.0013,0.0378,0.0021,nan,nan,15.637927955887314,15.22073656508915,0.026288219
210,3,0.0323,343.547251313443,-18.15967245883559,nan,-0.4498774590414243,14.676,1.0232,0.0,0.0,14.67,1.2589,14.6668,1.3835,0.0504,0.0051,0.0,0.0,0.0795,0.0081,0.121,0.0126,nan,nan,17.244758521939364,17.132126786731686,0.041308858
213,3,0.078681,347.4462482418533,-48.58462705000017,1.2092325789108145,1.249717787554001,8.021,0.817,7.609,0.9509,7.2159,1.0787,6.7904,1.2169,0.0091,0.0026,0.0057,0.0016,0.0076,0.0024,0.0129,0.0041,18.04377139583723,17.524110484220646,17.211328464489693,17.127210859634438,0.013657797
213,1,0.078681,347.4357017426645,-48.56294685068662,0.6494441891716551,0.6464227028027931,14.2253,1.2042,13.6079,1.2767,13.0188,1.3459,12.381,1.4209,0.0111,0.0016,0.0066,0.001,0.0092,0.0014,0.0161,0.0024,18.041904350114198,17.547470994141452,17.235510836876234,17.151360279291524,0.014222773
213,4,0.078681,347.4574403050963,-48.57106160520841,1.3119364787065777,1.3032015806034902,12.1807,0.5871,11.9277,0.7122,11.6862,0.8316,11.4248,0.9608,0.0103,0.002,0.0064,0.0012,0.0094,0.0018,0.0161,0.0032,16.41028607220248,15.897248636821965,15.561633703483453,15.470832940974093,0.014161017
213,2,0.078681,347.444762394276,-48.55384331812657,0.8062717529618251,0.8011958728207063,22.1153,1.1294,22.4551,1.5287,22.7793,1.9096,23.1302,2.322,0.0148,0.0011,0.0124,0.0009,0.0214,0.0016,0.0346,0.0026,17.179797507417952,16.672079694280335,16.354468076751317,16.302393974697623,0.014085347
214,3,0.050175,351.9164013171111,-47.06861576056008,0.32313438574746733,0.37612461264864017,17.2602,0.5358,17.1265,0.6253,16.999,0.7106,16.861,0.803,0.0341,0.0037,0.0233,0.002,0.0362,0.0035,0.0602,0.0064,18.727027498519917,18.328293743417763,18.088042058602905,18.03946121410429,0.009192308
214,4,0.050175,351.9253353517234,-47.04079402117257,0.9207324896102289,0.8958243101977228,12.7065,0.7176,12.6633,0.9312,12.622,1.135,12.5774,1.3555,0.021,0.0034,0.0172,0.0022,0.0298,0.0044,0.0483,0.0076,15.846853430874422,15.335357997284973,15.048148302469519,14.963116494765043,0.010034462
215,1,0.1242,352.3669590000344,-32.44754306333219,1.1096016856541606,1.141477090179018,21.463,0.7807,19.5092,1.2754,17.6449,1.7473,15.6269,2.2582,0.0347,0.0016,0.0225,0.0011,0.024,0.0019,0.0381,0.0031,20.987874409267796,20.82253613649267,20.44079841291383,20.91213752099645,0.016654084
215,2,0.1241,352.3715011013849,-32.427391174955,1.0831833445619203,1.1177857682671561,16.4875,0.657,14.2502,0.827,12.1154,0.9891,9.8045,1.1647,0.0208,0.001,0.0141,0.0009,0.0133,0.0014,0.0196,0.0022,18.355908938637594,17.756042081498737,17.371949289461696,17.315630676434903,0.016606642
215,4,0.1247,352.389367184466,-32.44844962763192,0.8951108846040476,0.8481539677089867,17.0121,0.6665,15.0113,0.756,13.1022,0.8414,11.0356,0.9339,0.048,0.0023,0.0317,0.0018,0.0319,0.0027,0.0491,0.0043,17.307785049519435,16.29848264544096,15.851290529953692,15.618864137345655,0.016612513
216,2,0.100413,352.534309029643,-44.20566659568149,0.8821961901328255,0.7976406208329703,3.6915,2.371,3.5782,2.1619,3.4702,1.9624,3.3533,1.7464,0.0133,0.0307,0.0086,0.0158,0.0123,0.0216,0.0206,0.0408,17.45770965986098,16.85689569961625,16.466049506381374,16.341015994055482,0.012286343
219,1,0.151401,354.8725750680164,-38.68281662956218,0.8286014803715904,0.7276571948382013,11.4058,0.484,11.1406,0.5967,10.8876,0.7043,10.6137,0.8207,0.0101,0.0017,0.0068,0.001,0.008,0.0014,0.0127,0.0024,17.645639813182285,16.663915783708802,16.217837060853224,16.005486736208955,0.014860652
219,3,0.151401,354.884141158829,-38.66708450291387,1.834028231168487,1.8438866058989234,17.1819,2.5678,17.3192,3.3923,17.4502,4.1789,17.592,5.0305,0.1018,0.0162,0.0585,0.0089,0.0724,0.0124,0.1286,0.0225,19.362982712888247,19.042538629992833,18.556084613947085,18.773238572692193,0.015590299
219,2,0.151401,354.8820962678649,-38.66287818241952,1.4744486987714414,1.5138965263374686,2.5951,2.3246,2.7124,2.3292,2.8243,2.3335,2.9455,2.3382,0.0063,0.0176,0.004,0.0102,0.0049,0.0122,0.0081,0.0215,20.842617403349912,20.612947047199285,20.237864397772668,20.761472737473753,0.015677394
222,3,0.0656,356.097101122869,-26.03414898592299,nan,0.20061849207426796,7.9864,0.489,0.0,0.0,7.3152,0.6308,6.9605,0.7057,0.0161,0.0061,0.0,0.0,0.0161,0.007,0.0256,0.0112,nan,nan,17.84997618153869,17.77302769189093,0.022182597
222,1,0.0653,356.0772525732302,-26.03991579791621,nan,0.634773124440656,9.3019,0.7425,0.0,0.0,9.407,0.8217,9.4626,0.8636,0.0121,0.0036,0.0,0.0,0.0149,0.0035,0.0224,0.0058,nan,nan,17.252113587606175,17.198706673363706,0.021982241
222,4,0.0473,356.1180250548215,-26.03973882423549,nan,0.5090303198980664,13.4464,1.1301,0.0,0.0,13.2706,1.6674,13.1776,1.9513,0.0088,0.0013,0.0,0.0,0.012,0.0018,0.0182,0.0028,nan,nan,15.485258330185648,15.296725188056127,0.022598801
223,3,0.004003,357.5307058824425,-47.1908624101798,-1.1697409881734995,-1.1604827258113044,46.312,3.3246,50.0284,3.8814,53.5744,4.4126,57.4129,4.9877,0.0691,0.0034,0.0402,0.002,0.0555,0.0024,0.098,0.0041,15.281055162590182,14.52028204259344,14.18278309243672,13.964116403533033,0.014474443
223,4,0.004003,357.5591551925609,-47.17951822743905,-1.5069743392139232,-1.4884750145448837,10.5565,1.0906,10.1492,1.3361,9.7605,1.5705,9.3397,1.8241,0.0042,0.001,0.0025,0.0006,0.0034,0.0008,0.0058,0.0014,17.24083259771382,16.527545025768635,16.155138038889916,15.944336309420004,0.014398219
223,1,0.004003,357.5073170890037,-47.1479227381393,-1.036124014114014,-0.983762467539588,10.4462,0.5323,10.5866,0.5735,10.7206,0.6129,10.8657,0.6554,0.0319,0.0047,0.0273,0.0025,0.0366,0.0043,0.0541,0.0078,18.983054327940525,18.682502600489865,18.56090142746806,18.49244982737534,0.015321258
227,1,0.055448,4.225187674543504,-51.08605817611758,0.9742442951036221,1.020710940921786,22.8158,1.8359,19.8757,1.9608,17.0704,2.08,14.0337,2.2091,0.0348,0.0034,0.0194,0.002,0.0132,0.0019,0.0247,0.0032,19.429002317462828,19.50506595748312,20.72102804053796,21.941227336751073,0.018877365
227,2,0.055448,4.235561687625344,-51.06916144689757,0.8480889061703412,0.844126197483348,11.2654,2.0755,11.9861,2.339,12.6737,2.5904,13.418,2.8625,0.0218,0.0049,0.0137,0.0029,0.0153,0.0028,0.0253,0.0048,16.489284513020337,15.87174636998039,15.548705604156487,15.393367339278468,0.01840152
227,4,0.055448,4.267116172257374,-51.06510107078663,0.9060035849005423,0.9571907673157405,4.3382,1.1485,4.5924,1.256,4.835,1.3586,5.0976,1.4696,0.0055,0.0041,0.0037,0.0027,0.0046,0.003,0.0075,0.0047,18.55817695405673,17.979221649719566,17.65409710408481,17.536252345289345,0.017599562
227,3,0.055448,4.248883098900224,-51.038932954875,1.5431627084230488,1.5968809390474537,12.6493,0.8445,12.5754,0.9678,12.505,1.0854,12.4287,1.2127,0.0216,0.0029,0.0143,0.0018,0.0165,0.0022,0.0264,0.0036,17.53050967690712,16.75484003171408,16.361971367166323,16.15884090953637,0.017795358
230,3,0.042866,27.48574877761106,-27.8187794532997,1.1747572648538558,1.163314301600625,24.6329,0.9885,24.1194,1.2273,23.6294,1.4551,23.099,1.7017,0.0065,0.0006,0.0046,0.0004,0.0056,0.0005,0.0088,0.0008,15.267057960541349,14.551706081536887,14.189323252023087,13.956931272012596,0.01670039
230,1,0.088744,27.46342358877521,-27.82211553235923,0.4329522663406742,0.5168513373163588,18.8856,0.6959,18.5508,0.9306,18.2314,1.1544,17.8856,1.3967,0.0112,0.001,0.0066,0.0006,0.0098,0.0009,0.0172,0.0017,21.882304149843247,21.988997525805065,21.54886748489824,22.372130569818538,0.016425818
230,5,0.088395,27.50007935114963,-27.81807803003387,1.2948577558832195,1.3320417013081425,nan,8.7982,0.8527,nan,1.4027,nan,1.998,nan,nan,0.5551,0.0125,nan,0.0202,nan,0.0312,nan,18.42185396289548,18.056112867477104,17.72696177726194,17.719665125274968,0.016837442
230,4,0.042866,27.4914190220405,-27.81209212365086,1.0381882282250796,1.0702000448396216,8.8806,0.629,8.7772,0.8673,8.6786,1.0946,8.5719,1.3407,0.0234,0.0057,0.0181,0.0034,0.0295,0.0067,0.0479,0.0118,16.367173989173544,15.696694694284504,15.352591497271971,15.142033362808169,0.016820326
231,5,0.043634,36.83891221791691,-3.900580587242132,0.017883341543441844,0.11731448305224745,2.8273,0.6845,2.8118,0.7061,2.797,0.7268,2.781,0.7491,0.0133,0.0058,0.0103,0.0042,0.0161,0.0071,0.0259,0.0118,20.459370411218742,20.476699672497464,20.383952406307685,20.467967876513338,0.029404823
231,1,0.043634,36.80908807486127,-3.877155094496457,0.1565456636667868,0.12874033279805985,14.3556,2.2392,13.0616,2.1918,11.8269,2.1465,10.4904,2.0976,0.017,0.0022,0.0101,0.0013,0.0077,0.0011,0.0126,0.0018,17.497649085583912,16.794459223180333,16.485915590503854,16.276055485301473,0.030540712
235,3,0.05828,66.73140597687143,-49.12506145178234,0.8200300824486177,0.8056263678166502,27.9646,4.984,25.67,4.966,23.4808,4.9489,21.1109,4.9304,0.0763,0.0093,0.0493,0.006,0.044,0.0058,0.0664,0.009,16.615279494803595,16.28215593533006,16.02985654817388,15.976367476069791,0.020014493
235,1,0.05828,66.71578600950266,-49.11614529629508,0.7552310597765608,0.7352717025366324,11.1825,1.0916,11.0889,1.231,10.9997,1.3639,10.903,1.5078,0.0154,0.0024,0.0101,0.0015,0.0168,0.0026,0.0286,0.0045,17.097036902836557,16.732177579160552,16.447120258744636,16.45058755637045,0.02021754
237,5,0.026321,71.57139410468248,-62.40412860209302,1.350120137422886,1.3973472531751838,24.833,0.8212,23.7608,0.8848,22.7379,0.9455,21.6305,1.0112,0.0087,0.0008,0.006,0.0005,0.0061,0.0006,0.009,0.0009,15.186417481826828,14.343656347585881,13.952517870176772,13.683061796039253,0.035407055
237,3,0.026321,71.50284145323981,-62.40237746487297,-0.18776202730314928,-0.18557557951035974,19.3114,0.6274,19.6289,0.705,19.9318,0.779,20.2598,0.8592,0.0074,0.0008,0.0047,0.0006,0.0065,0.0007,0.011,0.0011,17.12186462297933,16.327475285619915,15.973251118616988,15.733750325973016,0.034941804
237,4,0.026321,71.5550729964343,-62.39761875646517,0.1742384902526144,0.11153068080524342,2.9991,nan,17.4122,nan,31.1644,nan,46.051,nan,0.1262,nan,1.4644,nan,2.7809,nan,4.2073,nan,15.309107500162288,14.59223271114082,14.297651576724217,14.039741251883699,0.03532291
237,1,0.026321,71.45481386898662,-62.41776569133625,-0.2823894484081304,-0.24176178920186153,6.6428,5.2923,4.5479,8.391,2.5491,nan,nan,nan,0.0386,0.0424,0.0255,0.0628,0.0134,nan,nan,nan,18.55734571058992,18.37449927681366,18.30880335626902,18.252787430403163,0.034477323
241,5,0.042866,142.0325901872984,26.49247322565904,0.7123039659669033,0.7057508458243351,12.3355,0.7074,12.241,0.7943,12.1509,0.8773,12.0534,0.9671,0.0086,0.0014,0.006,0.0008,0.011,0.0017,0.0187,0.0031,16.714424719847784,16.229892340321886,16.0347161177631,15.90839412896587,0.024994647
241,3,0.042229,142.0104928324367,26.5160031019195,-0.07681833600574706,-0.16295676246422985,10.926,1.7248,10.9227,1.6381,10.9195,1.5554,10.916,1.4658,0.0587,0.0141,0.0359,0.0078,0.0713,0.0154,0.125,0.0277,17.1985090401938,16.73258696190794,16.441077870893203,16.336884515699822,0.024465475
244,4,0.050515,149.9340486061861,13.71238220213917,-0.29858649939354365,-0.21496403134708686,13.7901,0.7068,13.9745,0.7318,14.1504,0.7557,14.3409,0.7815,0.0243,0.0029,0.0164,0.0018,0.0192,0.002,0.0302,0.0033,19.295099473072035,19.186896280883193,18.949859929094334,19.329065201387984,0.026366001
244,1,0.050515,149.9037612235202,13.71136496080587,0.4902520291734831,0.4369055190424369,16.8285,0.7197,16.6915,0.7458,16.5608,0.7707,16.4193,0.7977,0.0543,0.0045,0.0355,0.0028,0.044,0.0036,0.0721,0.006,17.714374313014385,17.164747071691455,16.921405864587978,16.708459457424986,0.025945049
244,3,0.050515,149.9117264671549,13.71039518209446,0.1525903519575138,-0.005541738714484268,2.5654,0.4838,2.8512,0.6127,3.124,0.7357,3.4192,0.8688,0.0072,0.0039,0.0048,0.0023,0.0043,0.0015,0.0062,0.0027,17.86087083326214,17.54137059835735,17.32659360204118,17.292441584388442,0.026080087
246,1,0.14713,178.4259384473139,21.20632738256356,1.0183842825640657,1.0679705107738169,13.9964,1.6901,15.3478,1.7715,16.6372,1.8492,18.033,1.9333,0.0104,0.0016,0.0064,0.0011,0.0091,0.0012,0.0157,0.0018,18.41154120007912,17.855005353381273,17.433403081130628,17.425368373488613,0.049483284
246,3,0.022989,178.45779519179,21.21923865193194,0.4628712536431028,0.44063119695696074,6.4797,1.0941,6.5885,1.1259,6.6923,1.1563,6.8047,1.1891,0.0288,0.0109,0.0185,0.0065,0.0221,0.0074,0.0363,0.0127,15.7124757308616,15.129671414456524,14.84999945053213,14.704958539429251,0.050044883
246,5,0.023058,178.4763396909785,21.24988013158093,0.17138196341899103,0.14664110274884123,34.1986,1.2656,32.7881,1.3007,31.4423,1.3341,29.9855,1.3703,0.0442,0.0021,0.0304,0.0014,0.0329,0.0016,0.05,0.0026,16.300298898913216,15.764940596220013,15.47433942515174,15.3203720110087,0.049502973
251,5,0.048934,203.0630766554335,-38.88695055417312,0.97053507722811,0.9953096490383917,16.6932,1.5536,15.9463,1.3819,15.2336,1.218,14.4621,1.0406,0.0835,0.0082,0.045,0.0043,0.0499,0.005,0.0934,0.0095,17.017029559333523,16.406484558477356,16.150963670183224,15.915867513735462,0.07852939
251,2,0.048934,203.0300949550452,-38.87743300651569,0.6211576452074326,0.6544144608156248,33.7023,0.7202,32.9703,0.9086,32.272,1.0883,31.516,1.2829,0.0254,0.0011,0.0128,0.0007,0.0162,0.0009,0.0315,0.0015,19.2339530853712,18.585900259716826,18.200694496525667,17.618543705912664,0.07727286
251,1,0.051642,203.0281427034047,-38.89110298805834,0.6654314083584545,0.6063869087064777,12.0923,1.0255,11.4052,1.146,10.7495,1.2611,10.0398,1.3856,0.0101,0.0021,0.0062,0.0012,0.0069,0.0015,0.0116,0.0027,16.34034686473643,15.488677345836287,15.113555710601021,14.826713787120061,0.07807568
256,1,0.139371,211.8383086842967,12.69505053047726,1.2395724978307268,1.299404623440454,8.3618,0.7773,7.9606,1.2417,7.5779,1.6848,7.1636,2.1645,0.0136,0.0037,0.0086,0.0026,0.012,0.0042,0.0205,0.0069,21.696191261074596,21.524934332535036,20.851050199259262,21.563489810878313,0.029066427
256,4,0.139371,211.855444110578,12.72123880044005,0.6008213964394429,0.5180160920477466,12.8207,1.1786,11.9444,1.397,11.1082,1.6054,10.2031,1.831,0.0349,0.0053,0.021,0.0033,0.0295,0.0053,0.0513,0.0091,18.238943732121953,17.709597071827933,17.322709394692843,17.32206954508627,0.028514748
256,5,0.022959,211.8743287276248,12.73514553097298,-0.15896504004356515,-0.20158641885356055,12.3938,0.9767,12.2383,1.1738,12.0899,1.3619,11.9293,1.5655,0.0103,0.0015,0.0085,0.0011,0.0135,0.0019,0.0214,0.0031,16.528243874745456,16.151529207382488,15.909371216679725,15.856003498854188,0.028229045
257,2,0.068338,233.2886034600873,12.8707149103052,0.7142642508176955,0.6886385385417011,1331.0494,nan,1011.0368,nan,705.6996,nan,375.1732,nan,90.2667,nan,68.4611,nan,49.6836,nan,35.4978,nan,18.463060710057082,17.8767176141358,17.590796096984008,17.496365744210166,0.035630323
257,1,0.068338,233.2729583618578,12.87769623601288,1.3448331354948113,1.3848302064645832,14.2297,1.521,14.2955,1.6234,14.3582,1.721,14.4262,1.8267,0.0198,0.0028,0.0156,0.0021,0.0283,0.0038,0.0466,0.0064,16.904339473709364,16.09282734844118,15.726991473978861,15.505976785479659,0.0357734
257,5,0.053224,233.3172699971443,12.89016757945075,0.19259763520129347,0.010230535213953118,5.4368,0.8191,5.465,0.8889,5.4919,0.9555,5.5211,1.0276,0.0038,0.0021,0.0027,0.0011,0.0044,0.0021,0.0072,0.0037,17.339513725398312,16.96960520395671,16.685619035681896,16.665579552478643,0.036123555
257,3,0.05246,233.2958093420866,12.87982927649163,0.7060620458458065,0.7194400130899954,16.5452,1.1528,16.9679,1.3264,17.3713,1.4919,17.8079,1.6712,0.0773,0.0071,0.0751,0.0068,0.1386,0.013,0.2218,0.021,17.694440312846716,17.211730444018183,16.991982214294893,16.881304470917268,0.035867654
257,4,0.068338,233.2999885873705,12.87884082287716,1.1539213420492498,1.206483468291255,15.7361,1.421,15.4047,1.732,15.0886,2.0288,14.7463,2.3501,0.0122,0.0017,0.0077,0.0011,0.0131,0.002,0.0226,0.0034,18.87987969225249,18.552738896066415,18.32134048704807,18.32817860622641,0.035845887
258,4,0.063283,243.3142685638308,8.534118709433525,-0.21039079550419792,-0.22946346567627884,14.683,0.6156,14.9447,0.6894,15.1944,0.7598,15.4646,0.836,0.0218,0.0025,0.0158,0.0014,0.0237,0.0024,0.0385,0.0042,20.62410929710987,20.705329688650846,20.71118477353589,21.159236636905117,0.048540704
258,3,0.063184,243.3033168019533,8.549468157691074,0.723604178652236,0.7105172114619425,29.7254,0.4834,28.9932,0.6284,28.2947,0.7668,27.5385,0.9166,0.0323,0.002,0.0215,0.0013,0.0254,0.0017,0.0405,0.0029,17.161793563795303,16.491984729979787,16.19364087427495,15.994758623474356,0.048747487
258,1,0.063283,243.2775616802146,8.565714491048931,1.0212382710583618,1.0602494304163042,18.1138,1.0438,17.5149,1.2633,16.9434,1.4727,16.3248,1.6994,0.0948,0.0091,0.0666,0.0067,0.0901,0.0103,0.1447,0.0168,17.9451020550022,17.473688851560315,17.205616210165598,17.1176968151648,0.048901305
262,2,0.046689,321.9803722952888,-46.62945151994469,0.8769657990930213,0.8640099408948956,nan,4.9325,nan,3.9573,nan,3.0268,nan,2.0196,nan,2.6899,nan,4.6197,nan,9.2666,nan,14.5579,15.387472939948264,14.645983153784856,14.28285903840045,14.050132061006286,0.03631128
262,5,0.046689,322.0155890912923,-46.6450152317731,0.6460519730596843,0.6540224613361989,11.5511,0.5178,11.1118,0.7064,10.6926,0.8863,10.2388,1.0811,0.0117,0.0021,0.0071,0.001,0.0115,0.002,0.02,0.0038,16.18425197418359,15.277680867407959,14.883206973342784,14.610142044022666,0.03599123
266,2,0.031292,6.274833842005006,-60.63986439378154,0.20202666094592026,0.1882913820917107,27.872,0.9206,27.3605,1.1533,26.8724,1.3753,26.3441,1.6156,0.0194,0.0011,0.0123,0.0007,0.0195,0.0012,0.0334,0.002,16.27743645212765,15.71401294147858,15.417354378133812,15.263909951408017,0.017455896
266,6,0.031292,6.338880315262402,-60.63962433766238,0.23646284521836236,0.2899116085705131,18.2364,1.232,18.482,2.3569,18.7163,3.4301,18.9699,4.592,0.0285,0.004,0.0229,0.0035,0.0402,0.0064,0.0656,0.0103,19.090310662151733,18.64121213597288,18.407698061842815,18.316457862422997,0.017493093
266,3,0.031292,6.313142233874859,-60.61675958546626,-0.15500464236787792,-0.13469699844203298,9.5923,1.6274,9.5451,2.1155,9.5,2.5811,9.4512,3.0852,0.0211,0.0061,0.0117,0.0034,0.0192,0.0056,0.0346,0.0102,17.860329532968805,17.591739292634063,17.34916094732363,17.290796613523625,0.017619334
272,2,0.091141,124.9981734247242,21.05448622698866,0.6821503253302357,0.7472891504299994,41.736,1.3493,41.2326,1.4317,40.7523,1.5103,40.2324,1.5954,0.0,0.0,0.0,0.0,0.0,0.0,0.0,0.0,18.15255445909512,17.554579757448575,17.19841747142963,17.075684148333703,0.051957216
272,3,0.091141,125.0043760513464,21.0759579754963,1.1140216212250067,1.1651728952353313,69.1545,3.9796,84.5402,5.1495,99.2204,6.2656,115.1116,7.4739,0.0001,0.0,0.0001,0.0,0.0002,0.0,0.0003,0.0,18.385184171753757,17.84294363096008,17.486315197634323,17.371579596175287,0.051062625
272,6,0.091141,125.0557306158663,21.08787065241248,1.1496520216875314,1.205932450727829,11.0715,1.1684,10.5434,1.238,10.0395,1.3043,9.494,1.3761,0.0,0.0,0.0,0.0,0.0,0.0,0.0,0.0,18.19178226177033,17.793189103498726,17.51332351375835,17.47573575783801,0.048579916
272,1,0.014046,124.9952836513279,21.06622908547324,-0.2373726643975793,-0.2963019911030713,nan,0.731,nan,0.6255,nan,0.5248,nan,0.4157,nan,756913.8064,nan,591189.7078,nan,541763.9686,nan,637093.9356,15.766567498603585,15.286096367652931,15.036320432088361,14.932280857184484,0.051522806
273,4,0.0691,168.6418172276092,-0.8642468454693131,0.6073009930975175,0.6075637295747125,33.1645,0.7186,33.9234,0.7152,34.6476,0.712,35.4314,0.7085,0.0577,0.0024,0.0415,0.0013,0.0578,0.0019,0.0926,0.0034,17.34951834090305,16.92948766952349,16.65464934753164,16.59671542230364,0.040802598
273,5,0.069293,168.6477687319171,-0.8678292086364374,0.2690975710903647,0.14826913623790183,16.8659,1.6889,16.9658,1.88,17.0612,2.0623,17.1643,2.2597,0.079,0.0088,0.0526,0.0057,0.0846,0.0091,0.1429,0.0155,21.766978721975715,21.55875212083075,21.380695680435824,21.537120944742927,0.04094188
279,6,0.099919,196.8375094825033,13.62904967476489,0.691338599865233,0.5369205881852661,40.2777,2.3304,43.2353,2.6445,46.0572,2.9442,49.112,3.2687,0.0606,0.0029,0.0467,0.0021,0.0741,0.003,0.1195,0.0048,17.559224276734625,16.566480838627793,16.09851243874924,15.796740229034992,0.027394893
279,2,0.027162,196.7985132163119,13.65916868947854,-0.011710437344813585,-0.07383496539823042,30.6487,0.7109,29.9418,0.8378,29.2673,0.9589,28.5371,1.0899,0.0314,0.0014,0.0255,0.001,0.0382,0.0018,0.06,0.0029,16.66720298249455,16.165773736916094,15.895618494839901,15.782269940964138,0.02733133
