Group,Gal,zmemb,ra,dec,logSFR_NUV,RE_g,n_g,RE_r,n_r,RE_i,n_i,RE_z,n_z,e_RE_g,e_n_g,e_RE_r,e_n_r,e_RE_i,e_n_i,e_RE_z,e_n_z,mag_g,mag_r,mag_i,mag_z,ebv
3,2,0.041719,2.837759217243158,-53.98101274211389,-0.17123263914445275,7.9612,0.7598,7.7652,0.8373,7.5781,0.9113,7.3757,0.9913,0.0126,0.0034,0.0083,0.0019,0.0122,0.0031,0.0204,0.0056,18.144655,17.64211,17.369955,17.241,0.013003452
3,3,0.041719,2.842623280146343,-53.953910753132,-0.18691263914445244,36.266,0.9882,39.4389,1.5277,42.4663,2.0424,45.7435,2.5997,0.0217,0.0009,0.0252,0.001,0.0458,0.0017,0.0716,0.0027,18.939981,18.655025,18.444674,18.396204,0.013347207
3,1,0.041719,2.834674521202194,-53.95652455274381,-0.5272326391444544,12.9987,0.6455,12.6179,0.8063,12.2546,0.9598,11.8613,1.1259,0.0366,0.0055,0.0328,0.0043,0.0548,0.0083,0.0866,0.0138,19.37119,18.964146,18.81202,18.714947,0.013247969
3,4,0.041719,2.852407391719842,-53.9310223008958,0.7400473608555451,6.0261,1.2663,6.2935,1.2493,6.5486,1.2331,6.8247,1.2155,0.0303,0.0133,0.0223,0.0083,0.0355,0.0115,0.0579,0.0197,15.351681,14.765882,14.492288,14.339665,0.013674323
10,4,0.051799,5.687584604767833,-20.58857817827894,0.8068623322841653,24.9659,0.8662,24.0913,1.0386,23.2569,1.2031,22.3536,1.3812,0.02,0.0012,0.0136,0.0008,0.0221,0.0014,0.0371,0.0024,16.156637,15.615921,15.386818,15.19269,0.021346333
10,1,0.051799,5.653417994681938,-20.57092018426899,0.0803023322841625,nan,7.713,nan,5.1661,nan,2.736,nan,0.1055,nan,1.0338,nan,0.9901,nan,1.9078,nan,3.0885,18.44115,17.95422,17.66007,17.574535,0.021688515
10,3,0.051799,5.674201525891037,-20.58429908579907,0.3485423322841612,5.1648,0.7873,4.7051,0.9068,4.2665,1.0208,3.7916,1.1443,0.0106,0.0055,0.0068,0.0037,0.0103,0.0075,0.0175,0.0128,17.86178,17.545397,17.452723,17.32738,0.021552328
11,1,0.0931,7.791397378063242,-25.49810943981049,0.39091894304495156,12.2526,1.2669,13.3155,2.854,14.3296,4.3682,15.4274,6.0074,0.008,0.0016,0.0122,0.0026,0.0234,0.005,0.0365,0.0078,18.590342,18.2692,18.036205,17.969353,0.016303431
11,2,0.0931,7.797374162347395,-25.49057113235629,1.1359589430449546,5.7992,1.3785,6.1961,1.357,6.5748,1.3365,6.9848,1.3143,0.0166,0.0071,0.0119,0.0043,0.0203,0.0062,0.0338,0.0108,16.17812,15.650825,15.322071,15.132059,0.016199168
11,4,0.0931,7.835637111264248,-25.4978180009287,0.606198943044955,8.7669,0.5922,8.7202,0.637,8.6756,0.6797,8.6274,0.7259,0.0095,0.0029,0.0062,0.0015,0.0098,0.0025,0.0167,0.0046,18.527872,18.223295,18.027212,17.965452,0.015955556
13,1,0.041095,9.238683763702836,-63.44049451525331,-0.05228244935074855,20.8522,0.8748,20.7105,1.3764,20.5753,1.855,20.4289,2.3731,0.0118,0.001,0.0092,0.0008,0.0151,0.0014,0.0245,0.0023,16.241661,15.441932,15.086631,14.825895,0.021494443
13,3,0.041095,9.295400900782896,-63.43775771911234,-0.26360244935074917,13.7446,1.2138,13.5688,1.4004,13.401,1.5784,13.2195,1.771,0.0054,0.001,0.0034,0.0006,0.0039,0.0007,0.0066,0.0012,19.903906,19.341206,19.088917,18.736782,0.021344265
13,4,0.041095,9.324959678182235,-63.44024534613383,-0.2539624493507482,4.5703,1.4058,4.7439,1.4402,4.9094,1.473,5.0886,1.5085,0.0055,0.0039,0.0033,0.0025,0.0045,0.0027,0.0077,0.0044,18.02947,17.490742,17.296146,17.127419,0.021237023
14,2,0.07588,9.421045190534482,-9.05643554421165,0.40227422551551584,13.1023,0.964,12.7876,1.031,12.4872,1.0949,12.1622,1.1641,0.0141,0.0018,0.0096,0.0012,0.0111,0.0015,0.0176,0.0024,17.7295,17.001112,16.649025,16.42144,0.034914233
14,1,0.077266,9.413276734868823,-9.046817280354563,0.6666764405692689,19.443,1.1275,18.2468,1.4602,17.1054,1.7776,15.8699,2.1212,0.0301,0.0034,0.0195,0.0023,0.0251,0.0036,0.0415,0.0061,17.237635,16.61558,16.323168,16.149632,0.035117216
14,3,0.076528,9.43272662799252,-9.065429631438676,0.6682603081380449,16.4312,1.3086,16.587,1.5167,16.7357,1.7153,16.8966,1.9302,0.0523,0.0055,0.0468,0.0048,0.0753,0.0082,0.1177,0.013,17.613903,17.171946,16.968248,16.891184,0.034714714
14,4,0.07588,9.435477271748589,-9.059062043858258,0.5817142255155154,13.41,1.0977,13.106,1.197,12.816,1.2918,12.502,1.3944,0.0273,0.0034,0.0211,0.0026,0.0316,0.0042,0.0502,0.0068,17.704535,17.289919,17.092405,17.004168,0.034796927
15,1,0.066176,9.46964856140158,-25.06268643212763,0.28050060656588904,13.8921,0.9015,13.7755,1.144,13.6642,1.3753,13.5437,1.6257,0.0113,0.0015,0.0064,0.0009,0.0096,0.0013,0.0171,0.0023,18.556227,18.358479,18.32049,18.290958,0.01586036
15,3,0.063567,9.490176731544569,-25.07375695424441,0.4193630124632506,8.4609,0.9334,8.6712,0.9626,8.8718,0.9904,9.0889,1.0206,0.0217,0.0068,0.0164,0.0036,0.0275,0.006,0.0451,0.011,14.831693,13.945827,13.527038,13.254313,0.015804822
15,4,0.059258,9.496903749885028,-25.05817536248398,0.2908735603645489,0.5802,4.2757,nan,6.2048,nan,8.0454,nan,nan,0.0079,0.1457,nan,0.1969,nan,0.3376,nan,nan,16.807003,16.094166,15.765455,15.529293,0.015810696
16,1,0.215976,11.98475234468605,-63.15271598449009,1.5724305681372073,11.4528,0.8769,11.1095,0.9645,10.7819,1.0481,10.4273,1.1386,0.0111,0.0018,0.0074,0.0012,0.008,0.0013,0.0124,0.0021,17.42937,16.824463,16.510582,16.315693,0.01930333
16,3,0.215976,12.00294737230044,-63.13376969298704,1.3127105681372022,12.7563,0.7492,12.7991,0.905,12.84,1.0537,12.8842,1.2147,0.0133,0.0017,0.008,0.0011,0.0116,0.0015,0.0202,0.0027,17.908398,17.45328,17.237333,17.166687,0.019062782
16,2,0.086353,12.00123945421535,-63.16669403271604,0.7227344411674785,5.2128,nan,12.9146,nan,20.2632,nan,28.218,nan,0.0397,nan,0.1027,nan,0.1804,nan,0.2667,nan,17.873234,17.168736,16.881025,16.712507,0.019543245
16,4,0.215976,12.04557225387533,-63.15872257113716,1.3905505681372041,20.2828,0.8311,19.9864,0.9599,19.7036,1.0828,19.3975,1.2159,0.0324,0.0024,0.0212,0.0014,0.031,0.0023,0.052,0.004,16.989578,16.438686,16.185827,16.046375,0.019557705
18,1,0.159397,12.27927560073106,-18.2866320671963,1.5445398677030049,5.4089,1.1446,5.1873,1.3634,4.976,1.5722,4.7472,1.7983,0.0048,0.0033,0.0028,0.0019,0.0036,0.0028,0.0063,0.0049,16.288818,15.659925,15.406343,15.203782,0.023887008
18,2,0.159397,12.29286562494236,-18.30786280759166,0.9364198677030018,10.233,0.614,10.2672,0.6808,10.2998,0.7445,10.3352,0.8135,0.0019,0.0004,0.0013,0.0003,0.0016,0.0003,0.0025,0.0006,18.288698,17.951256,17.835266,17.75709,0.02386131
18,4,0.159397,12.31221568686366,-18.31617999953638,1.0340198677030017,14.3749,0.7635,14.4356,0.8168,14.4936,0.8676,14.5564,0.9227,0.0177,0.0026,0.0124,0.0014,0.0194,0.0024,0.032,0.0043,18.2826,17.709484,17.2076,17.045269,0.023851948
18,3,0.159397,12.2954947848856,-18.27013099982027,1.2994998677029983,13.428,2.6474,12.9863,3.0101,12.5648,3.3561,12.1085,3.7308,0.0199,0.0042,0.0122,0.0024,0.0152,0.0033,0.0259,0.0058,16.91518,16.181774,15.838381,15.595117,0.024565043
20,1,0.041238,13.04012577583562,-1.119177251059751,0.22021476966767395,34.2949,0.7657,32.8672,0.9628,31.505,1.1508,30.0303,1.3544,0.0154,0.0009,0.0116,0.0006,0.0134,0.0007,0.0195,0.0013,16.592842,15.869571,15.490888,15.243752,0.051570516
20,4,0.0413,13.05099114252429,-1.111288683922806,-0.05324031560492948,13.8501,1.2425,12.7863,1.3475,11.7714,1.4478,10.6727,1.5562,0.0278,0.0039,0.0145,0.002,0.017,0.0029,0.0325,0.0053,17.467215,16.829493,16.518545,16.326435,0.05183192
20,3,0.104819,13.04660065707238,-1.128448197229796,0.9139796052946476,2.8661,1.0814,3.0283,1.1854,3.1832,1.2846,3.3508,1.392,0.0112,0.0223,0.0066,0.0108,0.0103,0.0159,0.018,0.0308,21.158838,21.205263,21.184563,21.387417,0.051507268
20,2,0.041238,13.04231588811046,-1.109083549669928,-0.3965052303323233,15.2334,0.953,14.5706,1.0009,13.9382,1.0466,13.2537,1.0961,0.013,0.0019,0.0083,0.0011,0.0088,0.0013,0.0143,0.0022,23.970991,23.48852,23.277914,24.560593,0.051510766
22,3,0.1259,14.40623730680628,-35.76529492217725,0.6904710412979895,15.6982,1.1487,15.6693,1.5471,15.6418,1.9272,15.6119,2.3387,0.019,0.002,0.0115,0.0012,0.0135,0.0015,0.0231,0.0025,17.664541,16.76363,16.368637,16.110023,0.015905386
22,4,0.1259,14.42210331313963,-35.76380560490426,0.5756310412979921,6.8046,0.9459,6.5688,1.0209,6.3438,1.0924,6.1003,1.1698,0.025,0.0105,0.015,0.0058,0.0168,0.0068,0.0288,0.0124,19.66278,19.237196,19.036373,18.957876,0.015783668
22,1,0.1259,14.39405519174368,-35.7386845437449,0.60215104129799,11.325,2.3946,10.5999,2.7568,9.9081,3.1024,9.1591,3.4765,0.0266,0.0065,0.013,0.0031,0.011,0.003,0.0242,0.0065,18.86841,18.480759,18.35287,18.252855,0.015916472
23,1,0.067744,15.55490269161658,-17.22199811019127,0.6276012537609024,8.4301,1.0867,8.7909,1.147,9.1352,1.2046,9.508,1.267,0.0096,0.0029,0.0053,0.0018,0.0081,0.0023,0.0146,0.0038,16.415499,15.722004,15.397576,15.193043,0.022165973
23,4,0.067744,15.59404648858646,-17.18606974187302,0.3955212537609025,19.3508,2.0499,20.0865,2.5051,20.7884,2.9395,21.5483,3.4096,0.02,0.0023,0.0101,0.0011,0.0165,0.0017,0.0309,0.0033,17.589321,17.081858,16.874413,16.727966,0.023858592
24,1,0.025441,16.06999899516408,-51.03289212005716,0.026047937011943745,57.7516,2.6943,61.052,3.3431,64.2011,3.9621,67.61,4.6322,0.0263,0.0011,0.0183,0.0008,0.0276,0.001,0.0455,0.0017,14.092329,13.254384,12.872968,12.623947,0.017685674
24,2,0.025441,16.07865415737977,-51.01993933260395,-0.5476720629880543,19.4103,2.042,18.0488,2.291,16.7497,2.5287,15.3434,2.7859,0.0535,0.0063,0.0321,0.0034,0.0411,0.0051,0.071,0.0093,18.168242,17.730085,17.477276,17.387869,0.017435594
26,1,0.0643,16.80270840320432,-32.83567747715625,0.36548152693071145,13.6116,1.2265,12.2773,1.3947,11.0043,1.5551,9.6262,1.7287,0.0037,0.0009,0.0024,0.0006,0.0021,0.0006,0.0033,0.001,17.834425,17.320929,17.108545,16.967478,0.029552748
26,2,0.0638,16.81804207117206,-32.8427817921172,0.12822093852459204,19.4817,0.5078,19.1042,0.6747,18.744,0.8339,18.354,1.0063,0.0051,0.0006,0.0032,0.0004,0.0043,0.0005,0.0073,0.0009,18.98711,18.692116,18.586771,18.505516,0.029327404
26,4,0.035811,16.84741713183292,-32.8290673708472,0.045452478253693585,16.8836,0.9028,16.5453,0.9463,16.2226,0.9877,15.8732,1.0326,0.0594,0.0049,0.047,0.0036,0.0774,0.0065,0.1251,0.0108,15.957093,15.089968,14.717459,14.474657,0.028982436
28,1,0.0724,20.24462727220963,-32.06282642816967,0.347416713476564,17.4979,1.2767,17.054,1.3601,16.6306,1.4396,16.1721,1.5256,0.0183,0.0019,0.011,0.0011,0.0151,0.0016,0.0262,0.0028,18.65307,18.44986,18.382,18.335512,0.026235
28,2,0.0726,20.2526136443005,-32.05851136884929,0.7134528224824574,10.0835,0.543,10.3687,0.6275,10.6408,0.7082,10.9353,0.7955,0.0103,0.0024,0.0077,0.0013,0.0122,0.0023,0.0198,0.0042,17.07119,16.410414,16.08536,15.880268,0.026182787
28,3,0.0722,20.27815691689498,-32.0500743178396,0.3190539762215465,21.0406,0.8906,20.6192,1.1242,20.2171,1.347,19.7818,1.5883,0.0133,0.0011,0.008,0.0006,0.0114,0.001,0.0198,0.0017,19.032486,18.93906,19.009768,19.038073,0.02635827
28,4,0.0352,20.29108124601455,-32.04061563232854,0.10310490803852979,7.8737,0.6432,8.0469,0.7986,8.2121,0.9469,8.391,1.1074,0.0101,0.0036,0.0083,0.0021,0.0145,0.0042,0.0234,0.0074,17.076982,16.608213,16.383247,16.297495,0.026457714
29,2,0.115156,20.41330839888735,-38.10274483052454,0.4351527231557295,7.7444,1.0634,7.2578,1.2644,6.7935,1.4563,6.2909,1.664,0.0201,0.0059,0.0121,0.0032,0.0154,0.0048,0.0265,0.0087,19.235685,18.426811,18.05438,17.867664,0.017717453
29,3,0.115156,20.41619222635546,-38.07807236029036,0.782952723155729,15.476,0.7412,13.9924,0.9088,12.5769,1.0687,11.0445,1.2418,0.0139,0.0019,0.0086,0.001,0.0113,0.0017,0.0192,0.0032,17.994944,17.422543,17.108526,16.953445,0.017943224
29,1,0.115156,20.38887533531592,-38.07229220822765,0.7577927231557293,12.2932,0.6984,12.0622,0.7269,11.8419,0.7542,11.6034,0.7836,0.014,0.0022,0.0091,0.0011,0.014,0.0019,0.0237,0.0035,18.179314,17.781414,17.642902,17.53131,0.017932164
29,4,0.114883,20.43451926412359,-38.06105280715363,0.9156111170937944,7.9402,1.1555,7.409,1.3579,6.9022,1.5511,6.3535,1.7602,0.0076,0.0025,0.0045,0.0014,0.0062,0.0023,0.011,0.0041,17.935352,17.389713,17.089848,16.90862,0.017960101
34,3,0.068968,24.6358900324604,-40.02196211047985,0.41423484525218335,77.428,2.644,74.4018,2.7369,71.5145,2.8255,68.3889,2.9215,0.0516,0.0015,0.0305,0.0009,0.029,0.0008,0.0497,0.0014,17.869692,17.538733,17.43539,17.347921,0.013948152
34,2,0.068968,24.61344207589009,-40.00632048453307,0.5483948452521847,13.5553,1.2462,13.6329,1.527,13.707,1.7949,13.7871,2.0849,0.0203,0.003,0.0113,0.0017,0.0164,0.0024,0.0296,0.0043,16.547413,15.773586,15.443053,15.198019,0.014003525
34,1,0.068968,24.59397860042316,-40.01277573056711,0.16171484525218638,13.9062,0.7614,14.1705,0.8408,14.4228,0.9166,14.6958,0.9986,0.032,0.0048,0.0238,0.0024,0.0391,0.0044,0.0641,0.0081,17.707802,17.002125,16.668352,16.426603,0.014104888
36,2,0.0425,26.8952270149351,-30.26768591844592,0.12803744118288662,12.7935,1.6745,12.2872,1.7504,11.8041,1.8229,11.2811,1.9013,0.0067,0.0012,0.0038,0.0007,0.006,0.001,0.0106,0.0018,18.46962,18.209463,18.155901,18.063763,0.016626108
36,1,0.0428,26.88918569427224,-30.2617488125907,0.8272271191086134,3.9111,3.6666,4.5501,3.4877,5.1599,3.317,5.8199,3.1321,0.0232,0.0286,0.018,0.0178,0.0319,0.0208,0.0525,0.0347,16.238873,15.892893,15.826542,15.682822,0.01652258
36,4,0.0428,26.91354851874674,-30.24911880652262,-0.06537288089138471,9.6617,1.151,9.6903,1.176,9.7175,1.2,9.747,1.2259,0.0048,0.0013,0.0029,0.0008,0.004,0.001,0.0071,0.0018,18.68871,18.52744,18.5606,18.513231,0.016972756
36,3,0.0425,26.90490354802899,-30.25425529877529,0.2316774411828888,11.3676,0.5438,10.9358,0.5376,10.5239,0.5316,10.0779,0.5251,0.0119,0.003,0.0069,0.0015,0.0109,0.0025,0.0193,0.0047,16.862362,16.406258,16.2308,16.084833,0.016820092
39,1,0.157394,29.6593525435057,-33.77359425372538,0.7523559263715889,9.963,0.8404,9.7964,1.4029,9.6375,1.9397,9.4655,2.5207,0.0148,0.0029,0.01,0.0022,0.0167,0.004,0.0281,0.0066,18.234074,17.385977,17.0279,16.786333,0.01881649
39,3,0.157394,29.6653533612545,-33.7557267984171,1.335915926371591,8.0183,0.8596,7.7929,0.9298,7.5778,0.9969,7.345,1.0694,0.0027,0.0009,0.0018,0.0006,0.0022,0.0008,0.0036,0.0013,17.722807,17.485285,17.317339,17.350372,0.019086022
39,2,0.157394,29.66166257692671,-33.74332914844585,1.563835926371592,14.6342,0.5795,14.7095,0.6601,14.7814,0.737,14.8592,0.8203,0.0105,0.0017,0.008,0.001,0.0131,0.0017,0.0213,0.0031,16.615097,16.108086,15.890408,15.722696,0.019050054
39,4,0.062604,29.68659056847958,-33.75728046432995,0.3333837466222658,5.3664,1.4028,5.4623,1.6308,5.5537,1.8484,5.6527,2.0839,0.0052,0.0034,0.0036,0.0023,0.0057,0.0034,0.0095,0.0056,17.857716,17.457779,17.31506,17.188375,0.019105537
40,4,0.0665,30.97886528617959,-31.15557516968853,0.25814287168847727,14.8916,0.5343,14.5148,0.6172,14.1552,0.6963,13.766,0.782,0.0038,0.0005,0.0028,0.0003,0.0038,0.0005,0.0059,0.0008,18.113132,17.627563,17.402868,17.317558,0.022416946
40,1,0.0665,30.9478588830863,-31.16082085071439,0.3508628716884772,12.0249,0.4039,12.0586,0.4513,12.0907,0.4966,12.1254,0.5456,0.0073,0.0014,0.0052,0.0008,0.0074,0.0012,0.0121,0.0022,17.952105,17.298689,17.001814,16.779049,0.022319773
40,2,0.0665,30.95856931662525,-31.14696311824521,0.6462228716884759,10.1025,0.7328,10.2225,0.7903,10.337,0.8452,10.4609,0.9047,0.0086,0.0025,0.0052,0.0015,0.0073,0.0019,0.0127,0.0033,17.82233,17.55031,17.472832,17.379469,0.022556743
40,3,0.0289,30.96466705372731,-31.14377393611345,0.4698952665953655,13.7588,3.8465,12.39,3.6282,11.0841,3.4199,9.6704,3.1945,0.043,0.0116,0.0265,0.0072,0.022,0.0067,0.0346,0.0109,16.379147,16.048225,15.939064,15.816108,0.022625748
43,2,0.060465,36.2089162292208,-27.28800563203144,0.38042769549973343,11.419,0.5541,10.9518,0.6593,10.5061,0.7597,10.0236,0.8684,0.0058,0.0012,0.0036,0.0007,0.0047,0.0009,0.008,0.0017,17.493546,16.960829,16.74528,16.594202,0.013799462
43,1,0.060526,36.20420687265285,-27.2753540644782,0.13310352810350246,13.5067,0.6856,13.3426,0.7178,13.1861,0.7485,13.0166,0.7818,0.0186,0.0022,0.0132,0.0013,0.0206,0.0023,0.0338,0.004,18.195684,17.82043,17.679014,17.597715,0.013722445
43,4,0.2141,36.23801027176443,-27.29013761456291,1.3796929156711446,15.9934,0.492,15.8966,0.6539,15.8044,0.8084,15.7044,0.9756,0.0109,0.001,0.0085,0.0006,0.0134,0.0012,0.0214,0.0021,18.310064,17.81107,17.360723,17.33785,0.014397512
43,3,0.060465,36.23039555650625,-27.2663842386504,0.21606769549973137,9.5663,3.9081,11.3772,4.5676,13.105,5.1969,14.9753,5.8781,0.0584,0.0198,0.0428,0.0128,0.0752,0.0175,0.1251,0.0294,17.4682,16.858816,16.59652,16.397816,0.01437738
45,4,0.01016,40.47213910499156,-20.81537556564252,-1.4429530030219322,12.6372,2.2182,13.4792,2.095,14.2826,1.9774,15.1522,1.8502,0.0059,0.001,0.004,0.0007,0.0042,0.0005,0.0063,0.0007,17.538313,17.149338,16.949741,16.909422,0.028978743
45,1,0.01016,40.44927762952605,-20.79883391234892,-0.3771530030219292,60.4371,1.0373,59.3466,1.1265,58.3062,1.2117,57.1799,1.3038,0.0535,0.0011,0.036,0.0007,0.0422,0.0008,0.0669,0.0014,15.775217,15.297591,15.075487,14.994417,0.028452681
45,2,0.025821,40.45548347271463,-20.81498328999302,0.6091656964529122,38.4525,2.4608,38.0174,2.3254,37.6023,2.1961,37.1529,2.0562,0.0434,0.0025,0.0294,0.0016,0.028,0.0014,0.0411,0.002,15.171292,14.717767,14.518274,14.478156,0.028673038
45,3,0.01016,40.46024699097511,-20.81220742929486,-0.46227300302193264,29.1625,1.3374,29.8608,1.3,30.5271,1.2644,31.2483,1.2259,0.0784,0.0038,0.0532,0.0024,0.0602,0.0025,0.0941,0.0041,15.932407,15.510652,15.303941,15.249916,0.028742889
47,2,0.069815,43.45328850894474,-41.96649072958697,0.06731706579436647,14.7746,0.3857,14.9171,0.4442,15.0531,0.5001,15.2003,0.5605,0.0198,0.0021,0.0168,0.0014,0.0247,0.0024,0.0381,0.0042,18.99751,18.729507,18.63019,18.572147,0.014057335
47,3,0.069815,43.45430953410411,-41.95596963694773,0.30403706579436474,9.2386,0.5126,9.2759,0.5939,9.3115,0.6715,9.3501,0.7556,0.0182,0.0038,0.0146,0.0023,0.0223,0.0041,0.0353,0.0072,18.54724,18.252237,18.133776,18.056486,0.013942841
47,4,0.069815,43.46510686074172,-41.97949312861047,0.5256770657943655,9.7277,0.5217,9.7946,0.5695,9.8584,0.615,9.9274,0.6643,0.0077,0.0018,0.0049,0.001,0.0063,0.0013,0.0105,0.0023,17.137476,16.57885,16.33707,16.16463,0.014092954
47,1,0.069815,43.43166948705896,-41.97722464626543,0.1522370657943668,12.3535,0.6736,12.7015,0.8016,13.0336,0.9237,13.3931,1.0558,0.0057,0.0009,0.0036,0.0006,0.0054,0.0008,0.0092,0.0014,18.093798,17.589176,17.292862,17.164995,0.013843811
48,1,0.0958,45.03859046574656,-36.38120277446424,0.6075905992393569,22.8317,1.6369,22.2581,1.9212,21.7107,2.1925,21.1183,2.4861,0.0607,0.0049,0.0355,0.0026,0.0476,0.0038,0.0837,0.0071,17.603607,16.967686,16.672739,16.496552,0.017747942
48,2,0.0958,45.04357933448144,-36.35840573048463,0.8171105992393546,nan,0.8026,nan,1.9497,nan,3.0442,nan,4.2291,nan,0.2133,nan,0.2447,nan,0.2797,nan,0.3211,16.95178,16.213886,15.861064,15.632906,0.017829526
54,3,0.10668,52.95790597526705,-39.63148912885078,-0.050094404882058186,7.2915,0.6596,7.6421,0.7665,7.9768,0.8686,8.339,0.9791,0.0128,0.0036,0.0075,0.0021,0.0103,0.0027,0.0182,0.0047,18.870413,18.23847,17.857872,17.689585,0.016806008
54,2,0.10668,52.94671752743711,-39.6313705245943,0.6872255951179422,nan,6.8806,1.0787,nan,2.0818,nan,3.1676,nan,nan,0.4131,0.0081,nan,0.0174,nan,0.0277,nan,17.607847,16.956852,16.610266,16.43036,0.016637748
54,1,0.10668,52.93920447662241,-39.61423111947493,0.48126559511794476,7.8124,1.289,7.9009,1.3441,7.9854,1.3966,8.0769,1.4535,0.0186,0.0064,0.0114,0.0038,0.0135,0.0043,0.023,0.0073,18.27935,17.799269,17.521955,17.419886,0.016788945
56,3,0.1064,53.44363247558491,-30.33458516543448,1.0053028370003254,21.317,1.1995,20.1592,1.4842,19.0545,1.7559,0.0,0.0,0.0258,0.002,0.0167,0.0013,0.0273,0.0024,0.0,0.0,17.020576,16.335377,15.985091,15.758918,0.014927684
56,2,0.1061,53.43844343605756,-30.3025939673689,0.41681034888495105,7.5607,0.9351,7.4569,1.0463,7.3578,1.1523,0.0,0.0,0.0129,0.004,0.0089,0.0027,0.0152,0.0047,0.0,0.0,18.699484,18.21503,17.95373,17.855827,0.01512724
56,4,0.1064,53.44537476493722,-30.30588441877911,0.7336228370003255,6.4792,3.808,6.5357,3.9744,6.5896,4.1331,0.0,0.0,0.0275,0.0194,0.0148,0.0097,0.0233,0.0152,0.0,0.0,18.119978,17.32826,16.883736,16.705626,0.01508493
56,1,0.130297,53.43533681994836,-30.31760628997305,0.8541684140662316,10.5565,0.938,9.7433,1.3097,8.9675,1.6643,0.0,0.0,0.0072,0.0017,0.0045,0.0011,0.0068,0.002,0.0,0.0,17.2316,16.461126,16.006569,15.789189,0.015213116
60,1,0.004923,55.61115773427836,-41.1554598853192,-2.1264807473722227,23.3625,0.3164,23.3892,0.4288,23.4147,0.536,23.4423,0.652,0.0222,0.0018,0.0177,0.0012,0.029,0.0022,0.0468,0.0039,18.722605,18.39752,18.28644,18.20053,0.016171342
60,4,0.004923,55.63225419210978,-41.14952251705099,-2.00756074737222,8.0505,0.8975,13.9151,2.3278,19.5108,3.6925,25.5681,5.1699,0.0244,0.0061,0.0973,0.0133,0.1888,0.0249,0.2889,0.038,17.983545,17.540854,17.329906,17.268105,0.01602056
60,2,0.004923,55.61118847941587,-41.14467798349656,-0.8411607473722249,nan,nan,0.9155,nan,1.6865,nan,2.5211,nan,nan,nan,0.0074,nan,0.0185,nan,0.0311,nan,14.856407,14.359839,14.138651,14.059103,0.016196558
61,1,0.030718,56.42341185017834,-12.30330804051288,0.22360545319969383,107.1812,0.3639,108.0509,0.3707,108.8808,0.3771,109.7792,0.384,0.0844,0.0009,0.0633,0.0005,0.0836,0.0008,0.1295,0.0015,16.721529,16.428354,16.232227,16.198898,0.06215981
61,4,0.030718,56.430349879522,-12.26294740384917,0.17008545319969137,24.1887,3.9117,24.8707,3.8468,25.5215,3.785,26.2259,3.718,0.0322,0.0039,0.0197,0.0025,0.0257,0.0026,0.0439,0.0042,17.052488,16.551346,16.375135,16.196642,0.063901246
61,3,0.030718,56.42954445264876,-12.29587363496046,0.66580545319969,7.7468,7.3857,7.4501,6.2939,7.167,5.2521,6.8605,4.1243,0.0478,0.0377,0.0276,0.0223,0.0192,0.0132,0.0331,0.0211,15.285931,14.804122,14.574005,14.480075,0.06231305
61,2,0.030718,56.42748324186661,-12.27369585735638,0.009605453199691638,12.4697,0.7208,12.0831,0.8355,11.7143,0.9449,11.3151,1.0634,0.0084,0.0016,0.0054,0.001,0.0067,0.0013,0.0111,0.0022,17.486998,16.99238,16.72363,16.483425,0.06335367
65,3,0.014563,67.54549287179941,6.94415958300997,0.36364128010752594,15.0621,0.5867,15.0824,0.6006,15.1017,0.6139,15.1226,0.6283,0.0211,0.0032,0.0156,0.0019,0.0182,0.0023,0.0272,0.0038,15.008377,14.340824,14.061264,13.859221,0.20575655
66,1,0.067166,70.52219347840752,-23.24916053708371,0.5655185513240042,28.1906,2.2937,26.875,2.621,25.6198,2.9333,24.2609,3.2714,0.0349,0.0028,0.0204,0.0015,0.0264,0.0021,0.0463,0.0039,20.245789,20.067642,20.010529,19.960915,0.045358613
66,2,0.067166,70.54116695597808,-23.23700230467508,0.7857985513240067,14.2687,1.9614,13.6044,1.9841,12.9705,2.0057,12.2844,2.0291,0.0137,0.0024,0.0081,0.0013,0.0102,0.0016,0.0178,0.003,20.650915,20.46947,20.466743,20.686737,0.046029452
66,4,0.067166,70.55179936391094,-23.2424223098053,0.3473985513240052,10.8155,0.5228,10.6497,0.4858,10.4916,0.4505,10.3204,0.4123,0.0241,0.0044,0.0167,0.0024,0.0252,0.0044,0.0416,0.0079,18.852335,18.72177,18.702278,18.70242,0.045703657
67,1,0.075992,71.07582040865003,-21.87990448550879,0.7012753304141395,14.9718,0.7501,14.5802,0.8468,14.2066,0.9391,13.8021,1.039,0.0087,0.0012,0.0054,0.0007,0.0069,0.001,0.0117,0.0018,20.321278,18.970041,18.453878,18.03063,0.05503123
67,2,0.075992,71.08374050309193,-21.87837950419339,0.35307533041414096,3.7449,2.285,3.7307,2.2164,3.7172,2.151,3.7026,2.0802,0.0053,0.0111,0.0035,0.0052,0.0049,0.0072,0.0082,0.0144,18.38429,17.978308,17.770647,17.657957,0.055256926
67,4,0.075992,71.12449448156778,-21.87924339533691,0.507555330414144,11.3742,1.3978,11.7379,2.1379,12.0849,2.844,12.4605,3.6085,0.0144,0.0031,0.0114,0.0024,0.0206,0.0044,0.0339,0.0073,17.323711,16.670378,16.291416,16.101013,0.056838658
67,3,0.075992,71.10617325880328,-21.86501550591355,0.36703533041413827,8.1274,1.8729,7.9062,1.5917,7.6952,1.3234,7.4668,1.0329,0.0061,0.0023,0.0038,0.0013,0.0036,0.0011,0.0057,0.0019,17.47644,16.745783,16.401695,16.160955,0.05540152
69,2,0.079085,76.1235594281997,-18.71315542993489,0.49488781900095447,10.3977,1.2858,10.1738,1.3973,9.9601,1.5038,9.7287,1.619,0.0412,0.008,0.0288,0.0054,0.0483,0.0093,0.0808,0.0158,18.712101,18.441559,18.364727,18.285076,0.05624637
69,1,0.079085,76.119033695372,-18.67883717310202,1.1599678190009541,0.9062,nan,2.6859,nan,4.384,nan,6.2222,nan,0.0424,nan,0.2379,nan,0.4661,nan,0.7143,nan,15.891773,15.244189,14.921362,14.718258,0.056397155
69,3,0.079085,76.12872756807623,-18.69552750239949,0.6831678190009569,17.21,0.9673,17.4222,1.2947,17.6247,1.607,17.8439,1.9452,0.0075,0.0008,0.0045,0.0005,0.0072,0.0007,0.0125,0.0013,18.194613,17.806879,17.686754,17.588842,0.057008445
72,4,0.03368,97.22345319052988,-69.68528612598803,0.5066837467374885,6.7839,2.9271,7.1578,2.876,7.5146,2.8273,7.9008,2.7745,0.068,0.038,0.0433,0.024,0.0455,0.0195,0.0733,0.0296,15.805314,15.323835,15.150673,15.001906,0.08825557
74,2,0.105406,128.6674180043287,15.78626723646112,1.016830246720076,10.829,0.9877,10.7234,1.1213,10.6227,1.2488,10.5136,1.3867,0.0412,0.0066,0.0262,0.004,0.0383,0.0062,0.065,0.0108,16.469776,15.821535,15.423527,15.268827,0.037424065
74,3,0.10596,128.6843710942975,15.79049411645369,0.5437434803326564,1.6238,2.7485,1.6446,3.5411,1.6644,4.2974,1.6859,5.1161,0.0095,0.0595,0.006,0.0407,0.0081,0.0668,0.0136,0.1121,21.311197,20.942606,20.94583,20.895,0.03737228
74,1,0.106065,128.6624563525526,15.76384033243654,0.3714837736816037,7.5859,1.5323,7.4107,1.6236,7.2435,1.7107,7.0625,1.805,0.0179,0.0066,0.0111,0.004,0.0151,0.0055,0.0258,0.0094,21.614038,21.361298,21.280384,21.49243,0.036841176
74,4,0.231664,128.7059611543737,15.79771320620018,1.3448566826192803,21.2967,7.7407,20.9042,7.4248,20.5297,7.1234,20.1243,6.7971,0.1775,0.0342,0.115,0.0217,0.1128,0.0197,0.1755,0.0306,18.656658,18.073141,17.735867,17.557781,0.03672075
75,1,0.029043,129.7108345362294,1.404989034976722,0.7015025307687281,22.6987,1.7745,23.3501,1.8346,23.9716,1.892,24.6444,1.9542,0.0258,0.0022,0.0154,0.0013,0.0326,0.0026,0.0575,0.0046,15.820409,15.535272,15.331732,15.283714,0.05517295
75,3,0.029274,129.718088653798,1.399198747685501,0.3053037180740841,14.9267,4.7179,12.7453,4.196,10.6638,3.6981,8.4107,3.1591,0.0147,0.0042,0.0092,0.0026,0.0083,0.003,0.0131,0.005,15.415034,14.768035,14.481568,14.314399,0.05535798
75,4,0.029043,129.7310932089061,1.412784557146267,-0.5158974692312697,nan,5.9503,0.7743,8.7589,1.3761,nan,2.0275,nan,nan,1.0384,0.0213,0.705,0.0417,nan,0.0685,nan,18.09473,17.605585,17.432274,17.30548,0.055550557
79,2,0.040148,143.0317518534595,15.99813279206816,0.563547412037785,22.1809,0.6324,21.1852,0.7479,20.2351,0.858,19.2066,0.9773,0.0138,0.0013,0.009,0.0008,0.0115,0.0012,0.0188,0.0021,16.530764,16.115381,15.898436,15.826065,0.039178833
79,3,0.040148,143.0456006879086,15.98871735974647,0.49938741203778747,38.6036,1.4903,39.5357,1.7927,40.4251,2.0814,41.3878,2.3938,0.0867,0.0035,0.0708,0.0028,0.1195,0.0047,0.1927,0.0077,16.589882,16.117863,15.876922,15.766761,0.03859613
79,4,0.039894,143.0551904226769,15.98970612539843,-0.02852525224766289,25.5296,1.6369,24.6064,1.8611,23.7256,2.0751,22.7721,2.3067,0.051,0.0036,0.0373,0.0027,0.06,0.0048,0.0986,0.0078,17.03679,16.360434,16.015526,15.793634,0.03822261
79,1,0.040354,143.0164322817605,16.01371716945271,-0.0875272395957154,10.8936,0.4533,11.3167,0.566,11.7203,0.6736,12.1572,0.79,0.019,0.0028,0.0174,0.002,0.0256,0.0035,0.0384,0.0057,18.074522,17.675524,17.55367,17.430355,0.039790135
85,3,0.022012,153.2552584410947,17.03427513335899,0.46533858936050265,41.6149,0.9702,40.1949,1.0876,38.84,1.1995,37.3733,1.3207,0.0127,0.0005,0.0087,0.0004,0.0094,0.0004,0.0143,0.0006,14.122334,13.361465,13.001736,12.768292,0.032711726
85,2,0.022,153.2432671688487,17.03079459778517,0.044904942726679664,35.1355,0.6009,34.715,0.7188,34.3138,0.8312,33.8795,0.9529,0.0241,0.0013,0.0172,0.0008,0.0234,0.0012,0.0374,0.002,16.12133,15.60005,15.346292,15.218401,0.03277961
85,4,0.022102,153.2742230933507,17.04376906687544,-0.26667726976800665,23.6001,0.8746,22.8072,1.0073,22.0506,1.1338,21.2316,1.2708,0.0723,0.0043,0.0446,0.0025,0.061,0.0039,0.1044,0.0068,16.18137,15.634808,15.385349,15.26324,0.0326991
90,1,0.111183,160.0979346994472,24.218117062578,0.8412163575420006,44.7024,2.4279,41.2282,2.6892,37.9133,2.9386,34.3249,3.2085,0.0926,0.0046,0.0597,0.003,0.0632,0.0036,0.1008,0.0059,20.989477,21.05353,21.040897,21.341967,0.022866905
90,3,0.04348,160.105463817595,24.22891625645232,-0.1733213480892175,11.8928,0.4533,11.4146,0.5303,10.9583,0.6038,10.4644,0.6834,0.0423,0.0075,0.0286,0.0043,0.0315,0.005,0.0488,0.0088,17.746649,17.284924,17.129473,16.996399,0.022847438
90,2,0.111183,160.0996401426918,24.23677740509459,0.6611763575419989,6.4231,4.752,8.975,4.8768,11.4099,4.9958,14.0456,5.1246,0.0497,0.0304,0.0564,0.0228,0.0935,0.0233,0.1419,0.032,18.367914,17.949503,17.674057,17.598953,0.022828387
90,4,0.043596,160.1178137831449,24.23412248992252,0.6251128689029493,5.5287,0.6178,5.337,0.7576,5.154,0.891,4.956,1.0355,0.0067,0.0038,0.0045,0.0025,0.0055,0.0032,0.0087,0.0054,15.786215,15.141283,14.806349,14.592696,0.022839496
91,1,0.022068,161.0694624321164,2.787771575071178,-0.1371344683463267,14.5551,2.2223,14.0642,2.5248,13.5959,2.8134,13.0889,3.1258,0.0109,0.0021,0.0063,0.0011,0.0091,0.0018,0.0162,0.0032,15.746013,15.11118,14.814787,14.637103,0.037806675
91,4,0.021862,161.0886590441903,2.793372537284227,-0.07196063898478045,5.8679,8.9483,5.1188,8.2599,4.4041,7.6029,3.6304,6.8918,0.03,0.0492,0.0189,0.0317,0.0156,0.0326,0.0238,0.0517,15.725802,14.946304,14.524871,14.2506,0.037751343
91,3,0.101,161.0837845321902,2.805499092512202,1.1245423286475518,10.0695,0.9339,9.5703,1.2187,9.094,1.4905,8.5784,1.7847,0.0096,0.0019,0.0068,0.0015,0.0104,0.0025,0.0169,0.0042,16.964914,16.555971,16.282274,16.12953,0.037757788
93,3,0.036855,161.8018864878908,-2.332915819015037,0.5018124121537948,nan,2.7837,nan,1.8864,nan,1.0302,nan,0.1033,nan,0.5594,nan,0.7509,nan,1.5299,nan,2.4406,16.149565,15.680681,15.449903,15.354948,0.0427374
93,2,0.0715,161.7988142070167,-2.311209411369505,0.6970316646844257,17.002,0.6564,17.0367,0.8144,17.0698,0.9651,17.1057,1.1283,0.012,0.0012,0.0104,0.0008,0.0158,0.0014,0.0245,0.0024,16.905487,16.394823,16.142326,16.016113,0.043063596
96,4,0.028677,165.3026356518377,16.72426358807883,0.5377270137353758,39.5345,0.9795,37.9,1.0567,36.3405,1.1304,34.6523,1.2102,0.0429,0.0015,0.0294,0.001,0.0314,0.0011,0.0478,0.0018,15.166783,14.552238,14.258355,14.083277,0.019108232
96,2,0.028677,165.2834657745998,16.73486998596282,-0.5065529862646247,27.0581,1.2497,26.3927,1.1849,25.7579,1.123,25.0706,1.0561,0.3131,0.0153,0.2032,0.0094,0.2779,0.0138,0.464,0.0238,18.39362,18.056967,17.917046,17.858866,0.019123863
96,3,0.028677,165.2900877920556,16.75221064756445,-0.614272986264627,3.8529,1.5363,4.703,1.4557,5.5142,1.3788,6.3922,1.2955,0.0103,0.0055,0.0064,0.0034,0.0089,0.0039,0.0151,0.0066,18.722235,18.31777,18.047005,17.991322,0.019011
97,3,0.109589,167.5261035286813,-1.021252338016023,0.7246735091043224,4.9786,1.4321,4.8736,1.406,4.7734,1.381,4.665,1.354,0.0106,0.008,0.0071,0.0049,0.0079,0.005,0.0125,0.0085,18.434025,18.088062,17.592411,17.598097,0.036855802
97,1,0.1085,167.5127542218795,-1.005626684312333,0.595639057451363,7.0635,1.4255,6.688,1.6471,6.3298,1.8585,5.942,2.0873,0.0155,0.0064,0.0098,0.0037,0.0108,0.0044,0.0176,0.0078,17.825687,17.092108,16.68128,16.46121,0.03710507
97,4,0.109589,167.5390798010606,-1.013468111430023,0.7601535091043221,10.9604,1.1703,10.7793,1.5688,10.6064,1.949,10.4193,2.3606,0.0175,0.0035,0.0107,0.0022,0.0169,0.0037,0.0293,0.0063,17.390486,16.722864,16.353657,16.165297,0.037153237
97,2,0.109852,167.5168502117463,-1.004677110111772,0.9238355175426527,3.5769,1.0193,3.2702,1.2238,2.9776,1.4189,2.6608,1.6302,0.0074,0.0109,0.0054,0.0052,0.0055,0.0074,0.0077,0.0145,20.895243,20.637318,20.69118,20.858833,0.037206035
98,4,0.033857,168.0198611603887,29.40156252050033,-0.19876347186610488,15.9862,0.6852,15.5081,0.7367,15.052,0.7858,14.5582,0.839,0.0186,0.0019,0.0122,0.0012,0.0148,0.0016,0.0241,0.0027,18.091887,17.73152,17.606184,17.524244,0.02899991
98,1,0.033857,167.9824744936344,29.43309680026038,-0.270403471866107,9.9553,1.1846,10.0064,1.5317,10.055,1.8628,10.1077,2.2213,0.0344,0.0081,0.0301,0.0072,0.0503,0.012,0.0799,0.019,18.388521,18.105814,17.862917,17.847849,0.029222382
98,3,0.048454,168.002160282404,29.40591666699664,-0.03508114897300274,20.9131,1.1003,19.8567,1.2097,18.8488,1.314,17.7577,1.427,0.0208,0.0016,0.0126,0.0009,0.017,0.0013,0.0292,0.0024,17.573761,16.866966,16.55725,16.355448,0.028941227
98,2,0.028823,167.9983969039964,29.42771908085983,0.09037794456138215,13.9057,1.0691,13.7937,1.0607,13.6868,1.0527,13.5711,1.044,0.0317,0.0042,0.0218,0.0024,0.033,0.0038,0.0546,0.0067,16.50601,15.972619,15.709826,15.570295,0.029173618
101,1,0.06271,169.9182950321516,-6.517915002121144,0.4172131826329668,44.057,1.3508,42.4314,1.4026,40.8804,1.4521,39.2014,1.5057,0.212,0.0068,0.1479,0.0047,0.231,0.0079,0.3824,0.0133,17.82643,17.40734,17.089596,17.004831,0.04648475
101,2,0.06271,169.9192724902598,-6.499577417439074,0.6352531826329688,13.1701,0.4926,13.144,0.5618,13.119,0.6278,13.092,0.6992,0.0066,0.001,0.0047,0.0006,0.0062,0.0009,0.0097,0.0015,17.22172,16.686792,16.42431,16.285166,0.04717409
101,3,0.06271,169.9204890712538,-6.494103278591494,0.6470931826329647,12.6796,0.4983,12.498,0.6132,12.3247,0.7227,12.1371,0.8413,0.0112,0.0018,0.0082,0.0011,0.0111,0.0017,0.0175,0.003,16.719824,16.059267,15.73544,15.531442,0.047331728
101,4,0.06271,169.9230100629089,-6.524597047655746,0.5770531826329695,19.6847,1.6022,18.6867,1.8275,17.7344,2.0424,16.7036,2.2751,0.0193,0.0021,0.0133,0.0013,0.0165,0.0018,0.0262,0.0031,17.966656,17.52036,17.337097,17.236992,0.04634477
104,4,0.062177,171.9805246572288,-0.4725503499350716,0.14739910865239558,2.2174,1.6398,2.2595,1.7597,2.2997,1.8742,2.3432,1.998,0.0093,0.0283,0.0068,0.0192,0.0095,0.03,0.015,0.0502,17.779879,17.214668,16.984272,16.825178,0.031901795
104,2,0.062384,171.9601366068491,-0.4511256666447173,0.2945260167700887,0.6495,0.8107,2.5443,0.5725,4.3523,0.3453,6.3094,0.0993,0.0084,0.0229,0.0055,0.0142,0.0071,0.007,0.0117,0.0074,18.636217,18.302359,18.239895,18.148764,0.031746883
105,3,0.06886,172.9441519508484,15.38917229504831,0.5691136178195748,18.8629,0.9308,18.2403,1.0497,17.6463,1.1631,17.0033,1.2859,0.0217,0.0019,0.0066,0.0006,0.0173,0.0016,0.0361,0.0033,17.072231,16.436085,16.133318,15.94918,0.03508884
105,4,0.06899,172.9538411941126,15.40681461877469,0.305671870975452,11.6227,1.8257,10.527,1.6537,9.4816,1.4896,8.35,1.312,0.0118,0.003,0.0047,0.0011,0.0079,0.002,0.0166,0.0044,17.268894,16.538145,16.23928,15.973949,0.03497649
105,1,0.068909,172.9370271128429,15.40902920537789,0.48557147613343865,7.1227,1.0428,6.7126,1.1345,6.3212,1.2219,5.8976,1.3166,0.0047,0.0021,0.0015,0.0006,0.0032,0.0015,0.007,0.0033,22.462614,20.745237,20.191837,19.850325,0.035174485
105,2,0.06886,172.9413327306714,15.41778817790734,0.75347361781958,16.1241,2.3707,15.541,2.3014,14.9847,2.2353,14.3825,2.1638,0.05,0.0072,0.015,0.0022,0.0391,0.0056,0.0823,0.0118,16.98462,16.547512,16.376938,16.236387,0.035166357
107,1,0.063601,174.1514731471739,21.6788836727322,1.0324274693309121,13.5894,0.5617,13.3773,0.9139,13.1749,1.2501,12.9558,1.6139,0.0116,0.0014,0.0108,0.0012,0.0172,0.0022,0.0267,0.0036,16.408628,15.824814,15.554688,15.354145,0.025957033
107,2,0.06264,174.1568297133209,21.69064871524099,0.7062030791820426,53.0218,2.0532,56.6014,2.6956,60.0168,3.3085,63.7139,3.9721,0.2135,0.0073,0.1685,0.0055,0.2899,0.0091,0.473,0.0149,20.664785,20.642427,20.830008,21.455462,0.026176821
107,3,0.063183,174.1685202200961,21.69989212707423,0.3184200667819095,13.5211,0.9997,13.6766,1.1558,13.8249,1.3048,13.9855,1.4661,0.0672,0.0082,0.044,0.0051,0.0683,0.0078,0.1156,0.0135,22.156658,21.879541,22.013723,21.833635,0.026133697
107,4,0.025207,174.1896907042591,21.710033858281,0.2361819038533497,14.9802,1.1485,14.7336,1.3215,14.4983,1.4866,14.2436,1.6653,0.0334,0.0044,0.0242,0.0031,0.0378,0.0049,0.0619,0.008,15.517506,14.874691,14.553843,14.352524,0.026091238
108,1,0.118659,174.24678039408,12.44827886776981,1.000700949073135,3.6548,1.9601,3.7159,1.9483,3.7743,1.9371,3.8374,1.925,0.0038,0.0072,0.0028,0.004,0.0037,0.0052,0.0059,0.0095,17.37456,16.822659,16.517056,16.379114,0.029079406
108,2,0.118659,174.2546993891416,12.45710497774324,0.805020949073139,16.043,0.6712,15.1122,0.8686,14.224,1.057,13.2626,1.2609,0.018,0.0023,0.0119,0.0014,0.0145,0.0021,0.0234,0.0036,17.867785,17.15762,16.755955,16.536867,0.029116442
108,4,0.118659,174.2654179415284,12.45811032280742,0.8553009490731398,8.1122,0.6621,7.85,0.8389,7.5997,1.0075,7.3288,1.19,0.0157,0.004,0.014,0.0033,0.0215,0.0062,0.0332,0.0102,18.59551,18.36406,18.115534,18.153278,0.028953504
108,3,0.117315,174.2605911844514,12.45932558946077,1.1082066709696132,9.7677,1.7087,9.3286,2.0371,8.9098,2.3504,8.4563,2.6896,0.0186,0.0048,0.0118,0.0032,0.0173,0.0053,0.0294,0.009,17.644472,17.35494,17.009775,17.028292,0.029027741
112,2,0.032261,179.0601589568412,25.35415458397431,-0.13966476858674604,21.7753,0.5907,21.4169,0.7773,21.0749,0.9554,20.7047,1.1481,0.0158,0.0017,0.011,0.0009,0.0178,0.0016,0.0298,0.003,17.231037,16.78926,16.566483,16.484297,0.017294025
112,1,0.032261,179.0536781221025,25.37739731079984,-0.7284247685867467,nan,3.0613,nan,2.3969,nan,1.763,nan,1.0769,nan,0.5335,nan,0.3972,nan,0.6473,nan,1.0596,20.078197,20.21392,20.052935,20.249739,0.017653314
113,1,0.08939,179.1824473723358,22.49848049142986,0.602157455637613,6.3863,1.3651,6.0929,1.3935,5.8129,1.4207,5.5099,1.45,0.012,0.0068,0.0076,0.0043,0.0093,0.0055,0.0155,0.0093,17.746485,17.367786,17.152142,17.093884,0.028308049
113,2,0.08939,179.184889270458,22.50433755604412,0.3171174556376144,9.6849,0.5476,9.9015,0.6252,10.1081,0.6993,10.3318,0.7795,0.0154,0.0042,0.0139,0.0032,0.0236,0.0055,0.0373,0.0092,21.891356,21.727165,21.549973,21.728453,0.028349716
113,4,0.08939,179.1949307790319,22.4979081304064,0.423077455637614,10.9688,2.1127,11.5758,2.3493,12.1549,2.5749,12.7818,2.8192,0.0392,0.0094,0.0311,0.0069,0.0533,0.0108,0.0869,0.0177,18.331064,17.846533,17.633516,17.503231,0.028462518
117,4,0.075773,184.4438776336825,20.75444358665416,0.43528854538324957,9.8838,1.5902,9.7642,1.904,9.65,2.2034,9.5264,2.5275,0.0118,0.0032,0.0075,0.002,0.0096,0.0026,0.0161,0.0045,16.793196,15.983173,15.636441,15.389783,0.02634996
117,1,0.075773,184.4295267561779,20.74184531738134,0.10472854538325116,9.2829,0.8007,9.0822,0.9283,8.8907,1.05,8.6835,1.1818,0.0161,0.0035,0.0107,0.0023,0.0136,0.0031,0.0223,0.0053,18.515207,17.828012,17.283485,17.125347,0.02651297
117,2,0.123136,184.4356191549969,20.74147848383586,0.8728296644536311,6.5754,1.1988,5.987,1.3271,5.4256,1.4496,4.8179,1.5821,0.0187,0.0087,0.0121,0.0059,0.0108,0.0067,0.0163,0.0105,17.896608,17.280693,16.93564,16.77353,0.026541576
117,3,0.121928,184.4396815873358,20.7374576257228,1.4467464812300115,7.075,0.5066,6.9548,0.4794,6.84,0.4534,6.7159,0.4253,0.007,0.003,0.0045,0.0019,0.0055,0.0024,0.0091,0.0039,17.936834,17.724228,17.342638,17.433516,0.02662453
121,2,0.073425,188.4074270292317,19.86575371114036,0.5426274914719453,11.6696,1.066,11.1662,1.1858,10.6858,1.3001,10.1659,1.4238,0.0198,0.0032,0.0142,0.0023,0.0212,0.0038,0.0346,0.0063,16.792852,16.050482,15.699966,15.473612,0.030106163
121,3,0.073886,188.4132149069272,19.87870153643733,0.4104238922766683,13.0714,0.9046,12.7431,1.07,12.4299,1.2278,12.0909,1.3986,0.0082,0.0013,0.0052,0.0008,0.0069,0.0012,0.0115,0.002,17.88615,17.442114,17.218866,17.135918,0.030346503
121,4,0.073587,188.4351670354473,19.86523569221862,0.1443017769600896,9.2058,0.9538,8.8325,1.0963,8.4763,1.2321,8.0908,1.3792,0.0416,0.0079,0.0277,0.0053,0.0414,0.009,0.0692,0.0154,18.909395,18.357433,18.108734,18.00852,0.029622452
122,2,0.068894,190.3133046107841,18.30414904898066,0.09802238250690465,9.8886,0.8716,10.0707,0.9229,10.2444,0.9719,10.4325,1.0249,0.0653,0.0099,0.0525,0.0073,0.0904,0.0134,0.1469,0.0224,19.019547,18.754763,18.6858,18.653212,0.020603081
122,3,0.077262,190.3347780883998,18.30641529825251,0.4461114732383553,17.3385,1.3324,17.2298,1.6685,17.126,1.9892,17.0138,2.3364,0.0374,0.0042,0.0212,0.0024,0.0356,0.0042,0.0636,0.0075,17.544397,16.784338,16.429535,16.199842,0.02138917
122,4,0.070976,190.3524647842002,18.31344056490991,0.573722621348363,15.8104,0.7054,15.6319,1.0054,15.4616,1.2917,15.2772,1.6016,0.0108,0.0012,0.0072,0.0007,0.0113,0.0013,0.0191,0.0023,19.158901,18.918674,18.946707,19.024101,0.021681333
126,3,0.069217,195.7339956565311,5.512122711978418,0.6463251254717584,18.4237,0.699,17.8563,0.8229,17.3149,0.9411,16.7289,1.069,0.0123,0.0014,0.0082,0.0009,0.0096,0.0011,0.0153,0.0018,17.731152,17.243258,17.07694,16.947523,0.037505332
126,2,0.070755,195.7320321707602,5.540629306647933,0.765933851685034,25.1139,1.3277,28.1759,2.1935,31.0975,3.0196,34.2602,3.9138,0.035,0.0025,0.0399,0.0027,0.0727,0.0047,0.114,0.0074,16.269875,15.577746,15.237953,15.020239,0.038204264
129,3,0.060895,197.1935285196431,28.88018549061634,0.6835428506975987,34.3647,1.2158,34.5138,1.3998,34.656,1.5753,34.81,1.7653,0.052,0.0023,0.0382,0.0017,0.0615,0.0028,0.1008,0.0046,16.479042,16.027832,15.783666,15.6689,0.0096646845
129,1,0.0612,197.1819850283685,28.89099568474175,0.3848824253733891,1.0166,nan,16.9982,nan,32.2469,nan,48.7535,8.7674,0.085,nan,5.5735,nan,10.9024,nan,16.6711,1.6578,17.684513,17.27914,17.127626,17.018711,0.009887253
132,1,0.060622,198.2608024976516,12.6977041752871,0.6860401015174862,16.9444,0.7361,18.8195,1.5344,20.6087,2.2961,22.5455,3.1206,0.0314,0.003,0.0368,0.0034,0.065,0.0061,0.1004,0.0094,16.21923,15.534484,15.199342,14.985512,0.023700604
132,4,0.030082,198.2811769270057,12.68375142899898,-0.21524700507259986,14.6546,0.924,14.3465,1.0974,14.0525,1.2629,13.7342,1.4421,0.0224,0.0025,0.0202,0.0023,0.0318,0.0041,0.0493,0.0065,17.71384,17.376455,17.177855,17.139519,0.023674829
132,2,0.029737,198.2685821305454,12.71326428388539,0.44133388678003804,37.7527,0.8871,38.1159,0.9996,38.4623,1.1069,38.8374,1.2231,0.0498,0.0016,0.0451,0.0014,0.0734,0.0023,0.1148,0.0037,18.118511,17.684757,17.50604,17.387917,0.023628449
133,3,0.023963,198.4552197069566,6.962585863325409,0.08926195658746039,40.9209,0.6517,40.6866,0.8362,40.463,1.0123,40.221,1.2029,0.0281,0.0009,0.0254,0.0008,0.0384,0.0013,0.0585,0.0021,15.774125,15.246977,14.969379,14.812118,0.032240037
133,2,0.023963,198.4402283438341,6.977091864346733,-0.9087780434125392,21.46,0.879,20.3277,0.8869,19.2474,0.8944,18.0779,0.9025,0.1361,0.0093,0.0945,0.006,0.1252,0.0091,0.2013,0.0155,20.170834,20.030682,20.137318,20.238941,0.03219276
133,1,0.021535,198.4354238371457,6.992117184782036,0.1451493332795053,42.4915,1.2375,41.8262,1.3768,41.1914,1.5096,40.5042,1.6535,0.0174,0.0008,0.0117,0.0006,0.0143,0.0007,0.023,0.0011,14.622804,13.876822,13.45416,13.179177,0.0320234
134,1,0.072823,198.5664910171698,17.23412448667367,0.8351167132116188,12.2298,1.0345,12.1659,1.4005,12.1049,1.7496,12.0389,2.1276,0.0064,0.0011,0.0042,0.0007,0.0049,0.0008,0.0078,0.0013,16.889591,16.446901,16.276125,16.139883,0.021430343
134,3,0.072724,198.5766331723389,17.20442568463601,0.5828150973668595,18.1538,0.8705,18.4465,0.9342,18.7258,0.995,19.0281,1.0609,0.0401,0.0041,0.0281,0.0026,0.0396,0.0036,0.0642,0.0061,16.42467,15.646827,15.32292,15.051479,0.021611936
134,4,0.072823,198.577428067335,17.2472186772797,0.2589567132116173,13.8495,0.9874,13.6065,1.1842,13.3746,1.3721,13.1236,1.5754,0.0119,0.0016,0.0076,0.0011,0.01,0.0014,0.0167,0.0023,18.595133,18.341011,18.23343,18.164583,0.021509185
134,2,0.072823,198.5742331190466,17.21775436042278,0.4812767132116136,4.9348,1.687,4.8982,1.679,4.8633,1.6714,4.8255,1.6631,0.0141,0.0121,0.0094,0.0077,0.0109,0.008,0.0175,0.0129,18.18719,17.95587,17.879416,17.816612,0.021509081
139,3,0.081738,202.4912720525582,9.410954546484907,0.8966275950908162,6.3483,1.9247,6.0114,2.1708,5.6899,2.4056,5.3419,2.6598,0.0274,0.0252,0.0224,0.0174,0.022,0.0195,0.0265,0.0299,16.539019,15.906358,15.620096,15.453152,0.024700135
139,2,0.081738,202.4890338010542,9.430217658322215,0.6054275950908128,11.3748,2.8976,11.3709,2.8952,11.3672,2.8929,11.3632,2.8905,0.0421,0.0105,0.0283,0.0068,0.028,0.0062,0.0419,0.0094,22.075336,21.935247,22.270376,22.709051,0.024767138
140,1,0.144162,203.3178121602868,11.07620638592481,0.9229211786149882,19.9436,1.9611,19.9366,1.7966,19.9299,1.6395,19.9227,1.4695,0.1464,0.0134,0.0914,0.0078,0.1335,0.011,0.2285,0.0194,22.035824,22.155588,23.048388,23.155529,0.032465667
140,4,0.144162,203.3395211011225,11.1023216587484,1.0579211786149898,6.8837,2.2595,6.6783,2.4061,6.4824,2.5459,6.2704,2.6973,0.026,0.0133,0.0183,0.0094,0.029,0.0155,0.048,0.0259,18.3192,18.00652,17.787245,17.812914,0.0330969
140,2,0.090623,203.3246429798482,11.08851325656476,0.812336451168953,18.2003,0.5323,18.3064,0.7222,18.4077,0.9033,18.5173,1.0994,0.024,0.0018,0.0178,0.0011,0.0255,0.0018,0.0407,0.0031,22.168715,21.919626,21.552042,21.603823,0.032768723
140,3,0.025391,203.3288817755592,11.11713539728828,0.14469919204039527,35.7859,7.1749,30.8509,6.9005,26.1421,6.6387,21.0449,6.3553,0.1096,0.0117,0.0661,0.0078,0.0494,0.0076,0.0791,0.0116,15.880085,15.185579,14.86062,14.655614,0.03348682
143,4,0.022968,204.8841890871623,4.507998329909306,-0.8784140599408339,26.4918,0.8464,25.6886,0.8735,24.9221,0.8993,24.0924,0.9272,0.0085,0.0006,0.0054,0.0004,0.0071,0.0005,0.0119,0.0009,18.592829,18.374266,18.304949,18.222769,0.030774005
143,2,0.022968,204.8738495829156,4.511382287086172,-0.5911340599408312,14.1119,3.0987,15.1139,3.1823,16.0699,3.262,17.1048,3.3484,0.0421,0.0088,0.0267,0.0054,0.0417,0.0063,0.0713,0.0107,17.203037,16.647758,16.386448,16.24878,0.03103321
143,1,0.023086,204.8640211671729,4.510612238136396,0.3334369637277792,7.0761,0.8908,7.1164,0.8758,7.1549,0.8614,7.1965,0.8459,0.0171,0.0058,0.0135,0.0035,0.0204,0.0053,0.0323,0.0092,15.61388,15.115775,14.849938,14.706629,0.031193567
143,3,0.022968,204.8797294793813,4.513227684715813,-0.5971740599408335,5.9185,1.1886,6.1228,1.1951,6.3177,1.2014,6.5288,1.2082,0.0117,0.0054,0.0089,0.0036,0.0139,0.0048,0.0223,0.0078,18.164558,17.862276,17.774103,17.672684,0.030977024
148,1,0.083352,208.8225504975571,6.562008871012385,0.3819316311270029,23.6686,1.2418,21.6783,1.3342,19.7793,1.4223,17.7236,1.5177,0.0392,0.0025,0.0255,0.0015,0.0266,0.0019,0.0419,0.0033,17.045952,16.19716,15.805425,15.549491,0.024969792
148,2,0.084285,208.8376413738763,6.556430103409631,0.9451201633834305,7.4723,1.9387,7.2773,2.0309,7.0912,2.1189,6.8898,2.2141,0.0203,0.008,0.0131,0.0047,0.0151,0.0056,0.0246,0.0098,17.026424,16.325459,16.001835,15.781418,0.025018973
148,3,0.083352,208.8462058638437,6.548350787055839,0.2783316311270063,11.7442,1.6764,11.597,2.0047,11.4566,2.318,11.3045,2.6571,0.016,0.0034,0.0101,0.002,0.0124,0.0026,0.0208,0.0046,18.556004,18.031704,17.788649,17.631733,0.024912817
148,4,0.083417,208.8599605956549,6.56629489961704,0.38552871482369255,11.8172,1.0565,11.0061,1.2857,10.2321,1.5044,9.3943,1.7412,0.0339,0.0061,0.0211,0.0041,0.0297,0.0069,0.0507,0.0117,20.716553,20.420158,20.404648,20.362146,0.025183493
149,2,0.067956,210.4450919949291,-3.174171328079091,0.44807519643057425,12.2701,0.5354,11.7738,0.6923,11.3001,0.842,10.7874,1.0041,0.0186,0.0024,0.0135,0.0016,0.0186,0.0026,0.0296,0.0045,18.417887,17.76629,17.45263,17.264313,0.06288157
149,1,0.067956,210.4362564194164,-3.156001730929726,0.45007519643057314,16.2183,0.8112,15.9435,0.8915,15.6813,0.968,15.3975,1.0509,0.0371,0.0038,0.0277,0.0024,0.0425,0.0042,0.0687,0.0071,17.095783,16.250368,15.79291,15.499057,0.06364775
149,4,0.067788,210.466954744732,-3.205265815364832,0.13924522265017103,27.7953,0.7855,25.5089,0.9659,23.3273,1.138,20.9657,1.3243,0.0214,0.0014,0.0143,0.0009,0.0145,0.0011,0.022,0.0017,17.929436,17.284933,16.987572,16.773167,0.06122826
154,3,0.037372,212.8613899081116,-29.67362339446398,0.39247226143349145,20.1399,1.6663,20.8407,2.2016,21.5093,2.7123,22.233,3.2652,0.0735,0.0063,0.0316,0.0025,0.0538,0.0041,0.108,0.0086,16.3947,15.341924,14.899883,14.596462,0.05995871
154,4,0.037372,212.8613665823259,-29.63580712305456,0.5208722614334906,6.5798,0.6195,6.6801,0.6424,6.7758,0.6642,6.8795,0.6879,0.0211,0.0068,0.0095,0.0024,0.0167,0.0045,0.0325,0.0097,15.99278,15.384839,15.130793,14.94426,0.05835739
159,2,0.055027,219.221051338999,12.13901051400059,0.08405125366221178,16.9631,1.5653,17.0516,1.6248,17.1361,1.6816,17.2276,1.743,0.0442,0.005,0.0262,0.0028,0.0374,0.0038,0.0654,0.0069,17.093157,16.431631,16.152918,15.947738,0.027816731
159,4,0.188742,219.2652855248565,12.17632928967613,1.190676686537845,25.8339,0.8907,25.8049,1.2764,25.7772,1.6445,25.7472,2.0429,0.0188,0.0013,0.0134,0.0009,0.0206,0.0015,0.0338,0.0025,18.521347,17.962292,17.397196,17.526571,0.025694022
159,1,0.054808,219.2209261720926,12.16126139104753,0.2507874901049245,1.1865,nan,1.9294,nan,2.6382,nan,3.4055,nan,0.0254,nan,0.029,nan,0.0563,nan,0.0896,nan,15.96716,15.123908,14.740548,14.490203,0.026866361
160,1,0.030605,219.6912603223076,9.04091980277455,-0.635635651247318,6.3725,1.9063,6.0887,1.8237,5.8179,1.7448,5.5247,1.6594,0.0078,0.0042,0.0053,0.0026,0.0055,0.0025,0.0083,0.0041,18.097357,17.592098,17.45254,17.299784,0.036624976
160,2,0.030605,219.6972295133376,9.03095727003908,-0.16623565124731776,5.8455,4.0641,6.6603,3.9393,7.4377,3.8201,8.2793,3.6912,0.0386,0.0308,0.0303,0.0202,0.0499,0.0223,0.0808,0.0355,21.012802,21.03594,20.99141,21.110207,0.036746163
160,3,0.030822,219.7153122101575,9.046957064626492,-0.03381878670177052,5.5472,nan,3.7181,nan,1.9728,nan,nan,9.006,0.026,nan,0.0173,nan,0.0092,nan,nan,0.2409,17.088682,16.476282,16.225378,16.022038,0.036673956
160,4,0.086179,219.7307285148444,9.055148947980484,0.9740224817519323,10.9904,0.8044,10.9386,0.8917,10.8892,0.9749,10.8357,1.065,0.0097,0.0018,0.0075,0.001,0.0112,0.0017,0.0178,0.003,17.111969,16.736044,16.541983,16.48527,0.036391232
164,1,0.07397,226.257393613647,8.709469189893905,0.9896508184860853,14.6275,1.3321,14.487,1.4363,14.353,1.5358,14.2079,1.6434,0.0111,0.0015,0.0072,0.001,0.0095,0.0013,0.0157,0.0021,16.4735,15.923661,15.647909,15.49277,0.033906676
164,2,0.07397,226.2709126721782,8.731861193811778,0.03465081848608342,16.1659,1.692,14.7061,2.4875,13.3132,3.2466,11.8054,4.0682,0.0733,0.0142,0.0485,0.0111,0.0598,0.0192,0.0972,0.0315,18.570137,17.730894,17.304293,17.044052,0.03479361
164,4,0.07397,226.2860016960066,8.741545801688666,0.4218908184860819,7.1944,1.285,6.9613,1.4255,6.7388,1.5595,6.498,1.7046,0.009,0.0039,0.0061,0.0027,0.007,0.0035,0.011,0.0055,18.60021,18.303843,18.139368,18.110767,0.034757935
164,3,0.073949,226.2740593596376,8.71686874945827,0.23512419204373636,8.3617,0.3971,8.3642,0.4699,8.3665,0.5392,8.3691,0.6144,0.0138,0.0039,0.0113,0.0026,0.0153,0.0042,0.023,0.0071,17.771358,17.135292,16.852222,16.654743,0.034626346
171,4,0.112916,230.961707942046,2.665967989545834,0.8895305511922054,11.1392,6.8773,9.6354,6.3003,8.2006,5.7497,6.6474,5.1537,0.1639,0.0782,0.0949,0.0472,0.0612,0.0392,0.1051,0.0642,17.693521,17.228668,16.91322,16.821127,0.04453261
171,3,0.112833,230.9601570421855,2.672556271922697,0.4873318516874914,13.4541,2.1125,13.8775,1.9715,14.2815,1.837,14.7188,1.6914,0.0185,0.0033,0.0118,0.0021,0.0171,0.0024,0.0289,0.0039,18.094543,17.395912,16.984556,16.775078,0.044658124
171,1,0.052511,230.9219656491059,2.666691082692337,0.6764401588998279,34.382,1.2023,31.7543,1.4562,29.2472,1.6983,26.5332,1.9605,0.0236,0.0012,0.0149,0.0008,0.0196,0.0013,0.0329,0.0022,15.984221,15.194422,14.777854,14.50644,0.04530542
171,2,0.020865,230.9415084439488,2.67026416322864,-0.05782364082227964,6.6138,2.1561,7.0061,2.3761,7.3804,2.586,7.7856,2.8133,0.0167,0.0084,0.0155,0.0066,0.0272,0.0107,0.0433,0.0171,16.3694,15.924536,15.68632,15.580132,0.045394827
185,1,0.030818,312.4597627874764,-48.90955213886949,0.25562848273820116,9.9522,0.5376,9.7578,0.6956,9.5724,0.8463,9.3716,1.0095,0.0084,0.0021,0.0059,0.0011,0.0096,0.0021,0.0158,0.0039,16.869287,16.546257,16.434608,16.33262,0.03783985
185,2,0.030818,312.4743758264021,-48.89632833344687,-0.1511315172618044,8.3385,1.502,8.8669,1.8135,9.3711,2.1107,9.9168,2.4324,0.0293,0.0082,0.0272,0.0068,0.0508,0.0122,0.082,0.0198,17.82498,17.27871,16.909124,16.776316,0.038336523
185,3,0.030818,312.5027975457372,-48.91636992468332,0.20334848273819794,16.3301,0.908,16.7771,0.995,17.2036,1.078,17.6653,1.1678,0.0114,0.0014,0.0094,0.0008,0.0165,0.0015,0.0267,0.0026,16.29375,15.75779,15.492482,15.349828,0.03814484
185,4,0.030818,312.5096419987884,-48.89807021969206,-0.5043315172618019,32.1126,0.5236,31.4373,0.6267,30.793,0.7251,30.0955,0.8316,0.0106,0.0007,0.0076,0.0004,0.0121,0.0007,0.02,0.0013,18.210417,17.799696,17.560822,17.479977,0.038612045
186,1,0.094365,314.472846415685,-24.96240135644899,0.748241469563645,25.6648,2.7396,0.0,0.0,18.8805,3.3985,15.2947,3.7467,0.2215,0.0188,0.0,0.0,0.1178,0.0157,0.1873,0.0238,17.656069,,16.523489,16.266678,0.062246647
186,3,0.094365,314.4895706185349,-24.94810710824377,0.5287214695636422,5.4471,0.9389,0.0,0.0,5.7368,0.9464,5.8899,0.9503,0.0097,0.0066,0.0,0.0,0.0074,0.0035,0.0112,0.0059,17.670563,,16.52233,16.363525,0.06218225
186,4,0.094365,314.4941688273316,-24.96287790106267,0.7296414695636386,nan,6.8073,0.0,0.0,1.1671,nan,1.7585,nan,nan,4.3741,0.0,0.0,0.0972,nan,0.1522,nan,17.85424,,17.002031,16.897139,0.06236795
188,2,0.055752,314.8554311159941,-60.65726601337487,0.6190204841059508,12.6667,1.4227,13.2796,1.554,13.8643,1.6794,14.4973,1.815,0.0225,0.0035,0.0153,0.0022,0.0265,0.0034,0.0448,0.0058,16.647337,16.075956,15.882255,15.707335,0.04102526
188,3,0.055752,314.8658029127148,-60.67951356115095,0.7673404841059526,26.0321,4.1715,26.9401,5.0788,27.8064,5.9445,28.7443,6.8817,0.0875,0.0104,0.0476,0.0057,0.0807,0.0092,0.1465,0.0167,16.467865,15.955711,15.784091,15.630795,0.040596966
188,1,0.055752,314.848228737484,-60.66764493567462,0.7755804841059533,nan,0.8745,nan,1.6494,nan,2.3888,nan,3.1892,nan,0.1291,nan,0.1322,nan,0.1569,nan,0.1984,15.004222,14.187501,13.844487,13.588564,0.04092898
189,3,0.029797,319.3556826032616,-35.91792837255518,-0.018155337008947114,25.9244,1.9534,27.7094,2.3266,29.4125,2.6827,0.0,0.0,0.0198,0.0016,0.0195,0.0014,0.0378,0.0028,0.0,0.0,17.309502,,16.92769,,0.06756172
189,2,0.029797,319.3494413525481,-35.92204608091316,-0.12103533700894609,11.1068,1.0678,12.2061,1.1353,13.255,1.1998,0.0,0.0,0.019,0.0038,0.0195,0.0031,0.0285,0.0047,0.0,0.0,17.44013,,17.017612,,0.06756886
189,4,0.029797,319.3614926524389,-35.92601140014751,0.05700466299105322,10.4372,1.3087,12.405,1.4661,14.2826,1.6164,0.0,0.0,0.0186,0.0035,0.0233,0.0032,0.0386,0.0049,0.0,0.0,17.007149,15.555893,16.710346,,0.0671943
190,3,0.073594,319.5107844473522,-50.76681690602447,0.9111843979879559,26.2784,0.759,27.6169,1.0137,28.8941,1.2567,30.2765,1.5198,0.0423,0.0021,0.0495,0.0023,0.0866,0.004,0.1336,0.0062,16.467909,16.044891,15.840464,15.790747,0.025448253
190,2,0.073594,319.5052541550052,-50.73937955580364,0.4825843979879565,10.3951,0.9253,10.2129,1.165,10.0391,1.3938,9.8509,1.6414,0.0204,0.0035,0.0182,0.0031,0.0294,0.0054,0.046,0.0086,17.680338,17.159998,16.854946,16.746618,0.02645118
194,1,0.067693,330.1682493429522,-42.81854129533422,0.3515871040197265,15.8099,0.9135,14.858,0.8448,13.9497,0.7793,12.9665,0.7083,0.0851,0.0089,0.0487,0.0041,0.0693,0.007,0.1234,0.0135,17.18173,16.603062,16.333508,16.185678,0.013056566
194,4,0.067693,330.211453243805,-42.8283383241871,0.5647471040197249,17.1391,0.73,16.8254,0.8305,16.5261,0.9264,16.2021,1.0302,0.0106,0.0014,0.0058,0.0007,0.0091,0.0012,0.0165,0.0022,16.89755,16.29442,16.0295,15.887319,0.012926363
194,3,0.067693,330.1994831215273,-42.81518002453856,0.022347104019727837,9.3017,1.0781,8.6474,1.665,8.0231,2.225,7.3473,2.8312,0.0048,0.0014,0.0025,0.0008,0.004,0.0016,0.0074,0.0028,19.854147,19.351992,19.169195,19.047718,0.01297442
194,2,0.067693,330.1806055696276,-42.82142188853504,0.3960271040197245,20.0364,0.5641,19.64,0.6829,19.2619,0.7963,18.8525,0.9191,0.0107,0.0009,0.0067,0.0004,0.0105,0.0008,0.018,0.0016,16.523632,15.761133,15.434895,15.157302,0.013006653
195,4,0.07177,330.6448439367783,-22.90050394610396,0.3499854735468979,11.7316,0.4372,11.7757,0.5385,11.8177,0.6351,11.8633,0.7397,0.0085,0.0012,0.007,0.0008,0.0122,0.0017,0.0197,0.0029,17.851883,17.31471,17.09954,16.94236,0.026839491
196,2,0.0342,332.1291946514334,-57.30171219464453,0.288191793194537,28.4863,1.2792,28.2892,1.382,28.1013,1.48,27.8978,1.5861,0.0219,0.0013,0.0175,0.001,0.031,0.0017,0.0508,0.0029,16.483223,16.029547,15.813668,15.74314,0.023138942
196,4,0.0342,332.1453394502563,-57.29395170459528,0.22671179319453927,7.4447,2.2522,7.073,2.0618,6.7183,1.8801,6.3343,1.6834,0.0327,0.0154,0.0207,0.0094,0.0321,0.0139,0.0549,0.024,17.29927,17.057917,16.757908,16.764908,0.022837708
196,1,0.0342,332.1212838678745,-57.27773774592522,-0.31328820680546166,3.3591,1.1639,3.297,1.326,3.2378,1.4807,3.1737,1.6481,0.0019,0.0028,0.0013,0.0021,0.002,0.0034,0.0033,0.0057,17.858976,17.43603,17.25766,17.154385,0.022832476
196,3,0.0342,332.1321567400203,-57.28301894705007,-0.4310082068054637,19.501,1.0816,19.9518,1.3352,20.3819,1.5772,20.8475,1.8391,0.049,0.004,0.05,0.004,0.092,0.0075,0.1463,0.0119,18.811441,18.478983,18.366858,18.270386,0.022783559
199,4,0.0828,334.6864028586588,-24.19869772673049,0.627680254652029,41.1857,1.4223,38.7232,1.5328,36.3735,1.6383,33.83,1.7525,0.0293,0.0013,0.0197,0.0008,0.0195,0.0009,0.0293,0.0014,18.297972,17.852882,17.673841,17.538633,0.034706965
199,2,0.0332,334.6639509486999,-24.17093920143219,0.15457574849034117,36.631,1.7457,36.8058,1.7389,36.9726,1.7324,37.1532,1.7253,0.0479,0.0021,0.0286,0.0012,0.0393,0.0016,0.0684,0.0028,16.121918,15.251855,14.816747,14.44637,0.035009988
199,1,0.0828,334.6573136068217,-24.16205358286453,0.46308025465202896,7.0723,1.0069,7.3076,0.9855,7.5321,0.9652,7.7751,0.9432,0.0125,0.0042,0.0089,0.0027,0.0136,0.0036,0.0223,0.006,23.733719,22.168388,22.065435,21.698133,0.034934808
201,3,0.044191,335.6026170743777,-61.26484286143308,-0.047792760234512954,13.1792,0.846,12.6094,0.9912,12.0657,1.1297,11.4772,1.2796,0.0091,0.0014,0.0055,0.0008,0.0077,0.0012,0.0133,0.0022,17.544645,17.012247,16.739506,16.599445,0.0352306
201,1,0.044191,335.5829964818444,-61.29467280196997,0.11924723976549068,27.8107,0.8172,26.5693,1.1353,25.3848,1.4387,24.1026,1.7671,0.008,0.0006,0.0047,0.0003,0.0067,0.0005,0.0116,0.0009,17.368069,16.753588,16.41647,16.238579,0.03454934
201,2,0.044191,335.5996443886925,-61.27986027285171,0.26252723976548786,1.7417,2.0378,1.9301,2.3889,2.1099,2.724,2.3046,3.0867,0.0085,0.0408,0.0055,0.0248,0.0073,0.0282,0.0122,0.0479,16.031734,15.211331,14.820726,14.565534,0.035134714
201,4,0.044191,335.6321568483304,-61.29583388651325,-0.2500327602345127,16.233,0.9431,16.6406,1.2702,17.0295,1.5822,17.4504,1.92,0.028,0.0027,0.0236,0.0022,0.0417,0.004,0.0674,0.0066,19.661453,19.008911,18.570517,18.448938,0.034992084
202,2,0.0509,336.3657338106652,-27.70253071905433,0.27581514575578225,19.9446,1.3647,20.149,1.719,20.344,2.057,20.5551,2.4229,0.011,0.0011,0.0072,0.0007,0.0137,0.0013,0.0236,0.0023,16.806868,16.085236,15.786363,15.54024,0.018384205
202,3,0.186063,336.3831938210164,-27.70142831744614,1.1186596191929805,9.4593,1.085,8.8295,1.1098,8.2286,1.1334,7.5782,1.159,0.0239,0.0049,0.0146,0.0033,0.0243,0.0064,0.0423,0.0109,18.276886,17.832067,17.667826,17.535059,0.018322498
204,2,0.0621,338.077933941519,-25.44826101628676,0.48556278143542464,23.9287,0.7718,0.0,0.0,21.5373,1.0942,20.2733,1.2646,0.0773,0.0051,0.0,0.0,0.1018,0.0078,0.1548,0.0125,17.6032,,17.076073,16.954731,0.026364917
204,4,0.0363,338.1124436370977,-25.42637314902058,0.049632831154488244,28.8852,1.5751,0.0,0.0,29.1137,2.4742,29.2345,2.9493,0.0327,0.0025,0.0,0.0,0.0291,0.0023,0.0489,0.0038,15.408287,,14.183406,13.869924,0.026670478
205,2,0.055939,338.2875656427148,-60.92516658869187,0.3343689778610486,13.9089,4.0888,14.087,4.8504,14.2569,5.577,14.4408,6.3636,0.0228,0.006,0.012,0.0032,0.0172,0.0043,0.0319,0.0081,17.36844,16.675177,16.360298,16.164474,0.026471628
205,3,0.055939,338.3103637873838,-60.92873541475647,0.03596897786105124,11.594,0.8873,11.2969,0.9545,11.0134,1.0186,10.7065,1.088,0.037,0.0052,0.028,0.0033,0.0477,0.0063,0.0785,0.011,17.689709,17.167896,16.9772,16.829065,0.026402712
205,1,0.055939,338.2640070806825,-60.9110502359763,0.15860897786105177,11.0069,1.4278,9.9584,1.4608,8.9581,1.4922,7.8751,1.5262,0.0118,0.0025,0.0073,0.0014,0.0073,0.0016,0.012,0.0028,18.573833,18.387644,18.346607,18.299294,0.026766077
205,4,0.054818,338.3209427720652,-60.92597572467674,0.22414595414925387,10.0325,1.5847,10.2799,1.5483,10.5159,1.5135,10.7714,1.4759,0.0125,0.0032,0.0069,0.0019,0.0101,0.0022,0.0183,0.0039,16.173151,15.32048,14.948965,14.687421,0.026472494
209,3,0.0744,343.2215152223864,-24.97424294348244,0.46968545217402813,11.9641,0.8324,0.0,0.0,10.603,1.337,9.8836,1.6036,0.0137,0.0026,0.0,0.0,0.0137,0.0027,0.0213,0.0045,18.381437,,18.078485,18.043959,0.025584737
209,2,0.0742,343.2062039909486,-24.96546547718215,0.5301473916403214,4.3398,4.2592,0.0,0.0,5.3422,3.6465,5.872,3.3227,0.0545,0.0888,0.0,0.0,0.0544,0.0466,0.0861,0.0698,17.469862,,16.666716,16.467876,0.025813174
209,1,0.079258,343.1982580892699,-24.94512935850476,0.46234579934147035,36.7439,0.8214,0.0,0.0,31.9521,1.1948,29.4194,1.3921,0.0435,0.0022,0.0,0.0,0.0248,0.0013,0.0378,0.0021,16.960024,,15.586582,15.197649,0.026288219
210,3,0.0323,343.547251313443,-18.15967245883559,-0.31469537425552474,14.676,1.0232,0.0,0.0,14.67,1.2589,14.6668,1.3835,0.0504,0.0051,0.0,0.0,0.0795,0.0081,0.121,0.0126,17.867336,,17.259737,17.130869,0.041308858
210,4,0.0323,343.5708158779337,-18.15614840085374,-0.17445537425552615,4.0986,2.4196,0.0,0.0,5.0504,2.2235,5.5535,2.1199,0.0106,0.0117,0.0,0.0,0.0148,0.0081,0.0229,0.0131,18.025736,,17.412683,17.280895,0.041407283
213,3,0.078681,347.4462482418533,-48.58462705000017,0.4485593230207403,8.021,0.817,7.609,0.9509,7.2159,1.0787,6.7904,1.2169,0.0091,0.0026,0.0057,0.0016,0.0076,0.0024,0.0129,0.0041,17.987684,17.49154,17.268154,17.14481,0.013657797
213,1,0.078681,347.4357017426645,-48.56294685068662,0.3593993230207442,14.2253,1.2042,13.6079,1.2767,13.0188,1.3459,12.381,1.4209,0.0111,0.0016,0.0066,0.001,0.0092,0.0014,0.0161,0.0024,17.993153,17.516743,17.29809,17.169922,0.014222773
213,4,0.078681,347.4574403050963,-48.57106160520841,1.2003593230207397,12.1807,0.5871,11.9277,0.7122,11.6862,0.8316,11.4248,0.9608,0.0103,0.002,0.0064,0.0012,0.0094,0.0018,0.0161,0.0032,16.35614,15.86517,15.612953,15.487118,0.014161017
213,2,0.078681,347.444762394276,-48.55384331812657,0.7272393230207381,22.1153,1.1294,22.4551,1.5287,22.7793,1.9096,23.1302,2.322,0.0148,0.0011,0.0124,0.0009,0.0214,0.0016,0.0346,0.0026,17.127203,16.640392,16.412401,16.32181,0.014085347
214,2,0.050175,351.9120683663076,-47.05100552668689,-0.02348565659868207,30.9031,2.3293,32.7814,2.6974,34.5736,3.0486,36.5136,3.4288,0.0362,0.0025,0.0231,0.0015,0.0408,0.0024,0.0704,0.0041,18.325823,18.044968,17.96161,17.895416,0.009713742
214,3,0.050175,351.9164013171111,-47.06861576056008,-0.24928565659868518,17.2602,0.5358,17.1265,0.6253,16.999,0.7106,16.861,0.803,0.0341,0.0037,0.0233,0.002,0.0362,0.0035,0.0602,0.0064,18.702808,18.294516,18.130585,18.046974,0.009192308
214,1,0.050175,351.9075465511025,-47.03074114673951,-0.009085656598687208,4.6434,1.3377,4.7527,1.3946,4.8569,1.4489,4.9698,1.5077,0.0075,0.0061,0.0047,0.0035,0.0074,0.005,0.0127,0.0089,18.333342,17.954847,17.839853,17.737017,0.010109277
214,4,0.050175,351.9253353517234,-47.04079402117257,0.842634343401313,12.7065,0.7176,12.6633,0.9312,12.622,1.135,12.5774,1.3555,0.021,0.0034,0.0172,0.0022,0.0298,0.0044,0.0483,0.0076,15.798548,15.298304,15.06479,14.965635,0.010034462
215,1,0.1242,352.3669590000344,-32.44754306333219,0.9817027727633896,21.463,0.7807,19.5092,1.2754,17.6449,1.7473,15.6269,2.2582,0.0347,0.0016,0.0225,0.0011,0.024,0.0019,0.0381,0.0031,20.957495,20.840631,20.718616,20.953764,0.016654084
215,2,0.1241,352.3715011013849,-32.427391174955,0.6150431440797259,16.4875,0.657,14.2502,0.827,12.1154,0.9891,9.8045,1.1647,0.0208,0.001,0.0141,0.0009,0.0133,0.0014,0.0196,0.0022,18.296476,17.75395,17.470179,17.358704,0.016606642
215,4,0.1247,352.389367184466,-32.44844962763192,0.8691524880393509,17.0121,0.6665,15.0113,0.756,13.1022,0.8414,11.0356,0.9339,0.048,0.0023,0.0317,0.0018,0.0319,0.0027,0.0491,0.0043,17.067713,16.223196,15.832665,15.613403,0.016612513
215,3,0.1256,352.3714067618029,-32.40790169684816,0.9515988598846228,29.8896,0.3066,22.4284,0.7486,15.3094,1.1703,7.6031,1.6268,0.3751,0.0195,0.5446,0.0535,0.8987,0.1019,1.3265,0.1556,21.537489,21.396881,21.48916,22.381325,0.0165816
216,2,0.100413,352.534309029643,-44.20566659568149,0.8707994661181875,3.6915,2.371,3.5782,2.1619,3.4702,1.9624,3.3533,1.7464,0.0133,0.0307,0.0086,0.0158,0.0123,0.0216,0.0206,0.0408,17.382492,16.830608,16.518034,16.361443,0.012286343
216,3,0.100413,352.5592353363334,-44.17708082952119,0.5109594661181891,13.0379,0.6633,12.2184,0.8816,11.4364,1.0899,10.59,1.3154,0.0089,0.0013,0.0053,0.0007,0.0077,0.0012,0.0134,0.0022,19.128706,19.035437,19.015745,18.991566,0.012400882
219,1,0.151401,354.8725750680164,-38.68281662956218,1.0144770684387439,11.4058,0.484,11.1406,0.5967,10.8876,0.7043,10.6137,0.8207,0.0101,0.0017,0.0068,0.001,0.008,0.0014,0.0127,0.0024,17.421202,16.612095,16.232141,16.012918,0.014860652
219,3,0.151401,354.884141158829,-38.66708450291387,1.507357068438747,17.1819,2.5678,17.3192,3.3923,17.4502,4.1789,17.592,5.0305,0.1018,0.0162,0.0585,0.0089,0.0724,0.0124,0.1286,0.0225,19.363283,19.111113,18.782398,18.864374,0.015590299
219,2,0.151401,354.8820962678649,-38.66287818241952,1.2781570684387447,2.5951,2.3246,2.7124,2.3292,2.8243,2.3335,2.9455,2.3382,0.0063,0.0176,0.004,0.0102,0.0049,0.0122,0.0081,0.0215,20.75516,20.656763,20.573755,20.805868,0.015677394
219,4,0.151401,354.9000903358491,-38.66600414549488,0.8455970684387424,17.2095,0.8457,16.7979,1.003,16.4051,1.1531,15.98,1.3156,0.0254,0.0025,0.0159,0.0015,0.0167,0.0017,0.0273,0.0029,17.52419,16.530926,16.118631,15.839213,0.015688432
222,3,0.0656,356.097101122869,-26.03414898592299,0.07618725983358843,7.9864,0.489,0.0,0.0,7.3152,0.6308,6.9605,0.7057,0.0161,0.0061,0.0,0.0,0.0161,0.007,0.0256,0.0112,18.470781,,17.923212,17.788788,0.022182597
222,1,0.0653,356.0772525732302,-26.03991579791621,0.36748594363241693,9.3019,0.7425,0.0,0.0,9.407,0.8217,9.4626,0.8636,0.0121,0.0036,0.0,0.0,0.0149,0.0035,0.0224,0.0058,17.869967,,17.325441,17.215128,0.021982241
222,4,0.0473,356.1180250548215,-26.03973882423549,0.7399018625578915,13.4464,1.1301,0.0,0.0,13.2706,1.6674,13.1776,1.9513,0.0088,0.0013,0.0,0.0,0.012,0.0018,0.0182,0.0028,16.203327,,15.504038,15.295814,0.022598801
223,3,0.004003,357.5307058824425,-47.1908624101798,-1.4915292387075239,46.312,3.3246,50.0284,3.8814,53.5744,4.4126,57.4129,4.9877,0.0691,0.0034,0.0402,0.002,0.0555,0.0024,0.098,0.0041,15.277063,14.516133,14.177931,13.961535,0.014474443
223,4,0.004003,357.5591551925609,-47.17951822743905,-2.0334892387075225,10.5565,1.0906,10.1492,1.3361,9.7605,1.5705,9.3397,1.8241,0.0042,0.001,0.0025,0.0006,0.0034,0.0008,0.0058,0.0014,17.236479,16.523172,16.15034,15.941782,0.014398219
223,2,0.065619,357.5177725993774,-47.17147447864551,1.066358796431608,14.6612,1.1033,13.9984,1.3263,13.3659,1.5391,12.6814,1.7694,0.0168,0.0021,0.0105,0.0013,0.0123,0.0016,0.0206,0.0028,16.092875,15.573241,15.353812,15.187759,0.015353147
223,1,0.004003,357.5073170890037,-47.1479227381393,-2.2216492387075233,10.4462,0.5323,10.5866,0.5735,10.7206,0.6129,10.8657,0.6554,0.0319,0.0047,0.0273,0.0025,0.0366,0.0043,0.0541,0.0078,18.984982,18.677286,18.563356,18.491564,0.015321258
227,1,0.055448,4.225187674543504,-51.08605817611758,0.3600313527603394,22.8158,1.8359,19.8757,1.9608,17.0704,2.08,14.0337,2.2091,0.0348,0.0034,0.0194,0.002,0.0132,0.0019,0.0247,0.0032,19.445799,19.455843,20.787708,21.363405,0.018877365
227,2,0.055448,4.235561687625344,-51.06916144689757,0.678671352760345,11.2654,2.0755,11.9861,2.339,12.6737,2.5904,13.418,2.8625,0.0218,0.0049,0.0137,0.0029,0.0153,0.0028,0.0253,0.0048,16.41378,15.829663,15.550424,15.391289,0.01840152
227,4,0.055448,4.267116172257374,-51.06510107078663,-0.1116086472396578,4.3382,1.1485,4.5924,1.256,4.835,1.3586,5.0976,1.4696,0.0055,0.0041,0.0037,0.0027,0.0046,0.003,0.0075,0.0047,18.491486,17.938833,17.660799,17.536724,0.017599562
227,3,0.055448,4.248883098900224,-51.038932954875,-0.028448647239658342,12.6493,0.8445,12.5754,0.9678,12.505,1.0854,12.4287,1.2127,0.0216,0.0029,0.0143,0.0018,0.0165,0.0022,0.0264,0.0036,17.422434,16.706001,16.33493,16.147608,0.017795358
227,5,0.055448,4.28443846200191,-51.0454105148111,0.022951352760342658,13.4065,0.8196,13.235,0.9621,13.0715,1.098,12.8945,1.2451,0.0041,0.0007,0.0028,0.0004,0.003,0.0004,0.0045,0.0007,18.555084,18.167976,17.892015,17.83711,0.016758109
230,3,0.042866,27.48574877761106,-27.8187794532997,0.8648855003322886,24.6329,0.9885,24.1194,1.2273,23.6294,1.4551,23.099,1.7017,0.0065,0.0006,0.0046,0.0004,0.0056,0.0005,0.0088,0.0008,15.189421,14.511536,14.166996,13.945402,0.01670039
230,1,0.088744,27.46342358877521,-27.82211553235923,0.3380975810440727,18.8856,0.6959,18.5508,0.9306,18.2314,1.1544,17.8856,1.3967,0.0112,0.001,0.0066,0.0006,0.0098,0.0009,0.0172,0.0017,21.414001,21.779606,21.835516,22.2171,0.016425818
230,2,0.042866,27.46902204298467,-27.82031360324704,-0.07811449966771278,11.6435,0.8497,11.181,1.1518,10.7397,1.44,10.262,1.752,0.0351,0.005,0.0266,0.0041,0.0447,0.0076,0.0733,0.0126,19.146675,18.948347,18.836899,18.53851,0.01650874
230,5,0.088395,27.50007935114963,-27.81807803003387,0.5673949813839254,nan,8.7982,0.8527,nan,1.4027,nan,1.998,nan,nan,0.5551,0.0125,nan,0.0202,nan,0.0312,nan,18.411093,18.04078,17.83749,17.752562,0.016837442
230,4,0.042866,27.4914190220405,-27.81209212365086,0.3916455003322845,8.8806,0.629,8.7772,0.8673,8.6786,1.0946,8.5719,1.3407,0.0234,0.0057,0.0181,0.0034,0.0295,0.0067,0.0479,0.0118,16.296076,15.657519,15.336056,15.132566,0.016820326
231,3,0.043634,36.82336604048824,-3.893285465258693,-0.02937036432616047,7.5881,0.9927,7.386,0.9779,7.1932,0.9638,6.9845,0.9486,0.0065,0.0014,0.0044,0.0009,0.0044,0.0009,0.0068,0.0014,22.462748,22.193235,22.009232,22.002169,0.029954087
231,5,0.043634,36.83891221791691,-3.900580587242132,-0.762330364326159,2.8273,0.6845,2.8118,0.7061,2.797,0.7268,2.781,0.7491,0.0133,0.0058,0.0103,0.0042,0.0161,0.0071,0.0259,0.0118,20.489723,20.436155,20.503227,20.471409,0.029404823
231,1,0.043634,36.80908807486127,-3.877155094496457,0.02594963567383779,14.3556,2.2392,13.0616,2.1918,11.8269,2.1465,10.4904,2.0976,0.017,0.0022,0.0101,0.0013,0.0077,0.0011,0.0126,0.0018,17.420431,16.754087,16.470589,16.266943,0.030540712
232,5,0.027396,43.80748224944171,-21.60794332387216,-0.32132610384201676,39.5564,2.9274,38.1443,3.7395,36.7969,4.5143,35.3384,5.3531,0.0396,0.0025,0.0235,0.0014,0.0304,0.0022,0.053,0.0039,18.237408,17.846775,17.720558,17.632238,0.028213501
232,4,0.027396,43.80156729302401,-21.59807925415954,0.10135389615798651,36.1803,0.5515,36.4019,0.5017,36.6135,0.4541,36.8424,0.4026,0.051,0.0018,0.0356,0.0014,0.0384,0.0019,0.0577,0.003,23.538385,23.100643,23.42111,23.148891,0.028398648
232,1,0.027396,43.76156315858119,-21.58691501027293,-0.2831261038420134,17.5104,0.8291,17.0119,0.925,16.5363,1.0165,16.0215,1.1156,0.0454,0.0034,0.0302,0.0022,0.0495,0.0041,0.0838,0.007,17.839724,17.471087,17.264378,17.21036,0.02904442
235,3,0.05828,66.73140597687143,-49.12506145178234,0.6568586672781738,27.9646,4.984,25.67,4.966,23.4808,4.9489,21.1109,4.9304,0.0763,0.0093,0.0493,0.006,0.044,0.0058,0.0664,0.009,16.603977,16.250761,16.09803,15.989478,0.020014493
235,2,0.05828,66.72834628857257,-49.1176649251292,0.12001866727817223,14.3452,2.0113,14.4472,1.9173,14.5445,1.8276,14.6498,1.7305,0.009,0.0016,0.0055,0.0009,0.0066,0.0009,0.0112,0.0015,18.373566,18.072979,17.95097,17.898602,0.02005361
235,1,0.05828,66.71578600950266,-49.11614529629508,0.7201386672781727,11.1825,1.0916,11.0889,1.231,10.9997,1.3639,10.903,1.5078,0.0154,0.0024,0.0101,0.0015,0.0168,0.0026,0.0286,0.0045,17.078983,16.700003,16.501606,16.463678,0.02021754
235,5,0.05828,66.77262982968402,-49.11473712347369,1.1771786672781719,12.501,2.8752,13.4963,3.0509,14.4459,3.2187,15.4738,3.4002,0.0365,0.008,0.0251,0.0051,0.045,0.0075,0.0763,0.0128,15.723197,15.030225,14.719966,14.528512,0.019724023
237,5,0.026321,71.57139410468248,-62.40412860209302,0.21166435143964968,24.833,0.8212,23.7608,0.8848,22.7379,0.9455,21.6305,1.0112,0.0087,0.0008,0.006,0.0005,0.0061,0.0006,0.009,0.0009,15.139791,14.317543,13.926057,13.670286,0.035407055
237,3,0.026321,71.50284145323981,-62.40237746487297,-0.4073356485603572,19.3114,0.6274,19.6289,0.705,19.9318,0.779,20.2598,0.8592,0.0074,0.0008,0.0047,0.0006,0.0065,0.0007,0.011,0.0011,17.074327,16.30066,15.9491,15.721927,0.034941804
237,4,0.026321,71.5550729964343,-62.39761875646517,0.12314435143964353,2.9991,nan,17.4122,nan,31.1644,nan,46.051,nan,0.1262,nan,1.4644,nan,2.7809,nan,4.2073,nan,15.26361,14.564972,14.27966,14.02933,0.03532291
237,1,0.026321,71.45481386898662,-62.41776569133625,-0.49761564856035356,6.6428,5.2923,4.5479,8.391,2.5491,nan,nan,nan,0.0386,0.0424,0.0255,0.0628,0.0134,nan,nan,nan,18.571882,18.347971,18.355682,18.254076,0.034477323
241,5,0.042866,142.0325901872984,26.49247322565904,0.5315255003322896,12.3355,0.7074,12.241,0.7943,12.1509,0.8773,12.0534,0.9671,0.0086,0.0014,0.006,0.0008,0.011,0.0017,0.0187,0.0031,16.676304,16.19528,16.060452,15.909851,0.024994647
241,4,0.042866,142.0258532476654,26.49376774981699,-0.37095449966771454,35.1681,0.7818,33.3905,0.8608,31.6945,0.9362,29.8586,1.0178,0.0514,0.0026,0.031,0.0013,0.0513,0.0026,0.0896,0.0048,18.66047,18.29081,18.175255,18.07334,0.024885865
241,1,0.042866,142.008353507385,26.51216933579245,0.1430455003322848,10.7376,0.6865,10.2447,0.8888,9.7744,1.0818,9.2653,1.2908,0.0179,0.0032,0.0104,0.0016,0.0173,0.0032,0.0307,0.006,17.876442,17.259691,16.936974,16.733969,0.02446773
241,3,0.042229,142.0104928324367,26.5160031019195,0.14748117563352459,10.926,1.7248,10.9227,1.6381,10.9195,1.5554,10.916,1.4658,0.0587,0.0141,0.0359,0.0078,0.0713,0.0154,0.125,0.0277,17.164343,16.698576,16.45312,16.336538,0.024465475
244,4,0.050515,149.9340486061861,13.71238220213917,-0.10645970426724816,13.7901,0.7068,13.9745,0.7318,14.1504,0.7557,14.3409,0.7815,0.0243,0.0029,0.0164,0.0018,0.0192,0.002,0.0302,0.0033,19.318312,19.1529,19.043968,19.333673,0.026366001
244,1,0.050515,149.9037612235202,13.71136496080587,0.3811802957327508,16.8285,0.7197,16.6915,0.7458,16.5608,0.7707,16.4193,0.7977,0.0543,0.0045,0.0355,0.0028,0.044,0.0036,0.0721,0.006,17.657644,17.126326,16.941055,16.707266,0.025945049
244,3,0.050515,149.9117264671549,13.71039518209446,0.3154602957327519,2.5654,0.4838,2.8512,0.6127,3.124,0.7357,3.4192,0.8688,0.0072,0.0039,0.0048,0.0023,0.0043,0.0015,0.0062,0.0027,17.852564,17.50911,17.387968,17.302385,0.026080087
246,1,0.14713,178.4259384473139,21.20632738256356,0.7784620510250022,13.9964,1.6901,15.3478,1.7715,16.6372,1.8492,18.033,1.9333,0.0104,0.0016,0.0064,0.0011,0.0091,0.0012,0.0157,0.0018,18.386911,17.893139,17.56996,17.489614,0.049483284
246,3,0.022989,178.45779519179,21.21923865193194,0.20681974163496442,6.4797,1.0941,6.5885,1.1259,6.6923,1.1563,6.8047,1.1891,0.0288,0.0109,0.0185,0.0065,0.0221,0.0074,0.0363,0.0127,15.682475,15.105555,14.840665,14.698524,0.050044883
246,2,0.14713,178.4391983038034,21.22057342786695,1.0341020510250019,nan,nan,nan,nan,nan,nan,nan,nan,nan,nan,nan,nan,nan,nan,nan,nan,18.120758,17.587662,17.26993,17.15391,0.049620304
246,4,0.14713,178.4720251631365,21.23763070552733,0.6494220510250059,9.3485,1.4957,9.3929,1.7313,9.4352,1.9561,9.4809,2.1995,0.0513,0.0114,0.033,0.007,0.0462,0.0106,0.0777,0.0184,19.174301,18.716232,18.49175,18.428982,0.049954344
246,5,0.023058,178.4763396909785,21.24988013158093,0.02318285077825344,34.1986,1.2656,32.7881,1.3007,31.4423,1.3341,29.9855,1.3703,0.0442,0.0021,0.0304,0.0014,0.0329,0.0016,0.05,0.0026,16.274643,15.740941,15.467139,15.314277,0.049502973
249,3,0.062973,199.8865223417374,14.08674718543689,0.30680834778519994,18.1764,0.7983,17.7028,0.8979,17.2509,0.993,16.7617,1.0959,0.0337,0.0028,0.0234,0.0019,0.0256,0.0023,0.0388,0.0037,18.242373,17.926016,17.777369,17.683174,0.023788378
249,4,0.062973,199.8912236688131,14.10843240323915,0.2681683477852008,7.1488,0.7544,6.8948,0.8878,6.6524,1.0151,6.39,1.1528,0.0173,0.0058,0.0115,0.0034,0.0125,0.0048,0.0197,0.0084,17.626263,17.041718,16.762125,16.602589,0.024102064
249,1,0.062973,199.8698713202955,14.08834499195836,0.05344834778519569,4.8193,3.0702,5.4306,2.6917,6.0139,2.3305,6.6452,1.9396,0.0232,0.0226,0.0157,0.0151,0.0194,0.0138,0.0311,0.0201,18.46592,17.902199,17.578945,17.443974,0.023786202
249,2,0.572984,199.8823166725759,14.09254114802676,2.650024570885366,7.9717,3.3549,9.9743,4.0731,11.885,4.7584,13.9533,5.5002,0.1183,0.0595,0.1653,0.0628,0.3123,0.1074,0.4866,0.1663,21.711153,20.02505,19.262766,18.608541,0.023864752
251,5,0.048934,203.0630766554335,-38.88695055417312,0.5671610163595453,16.6932,1.5536,15.9463,1.3819,15.2336,1.218,14.4621,1.0406,0.0835,0.0082,0.045,0.0043,0.0499,0.005,0.0934,0.0095,16.949009,16.36636,16.15801,15.911274,0.07852939
251,2,0.048934,203.0300949550452,-38.87743300651569,0.15816101635954638,33.7023,0.7202,32.9703,0.9086,32.272,1.0883,31.516,1.2829,0.0254,0.0011,0.0128,0.0007,0.0162,0.0009,0.0315,0.0015,19.158598,18.544504,18.184317,17.600729,0.07727286
251,3,0.048934,203.0460311243215,-38.90764365483335,0.20672101635954476,1.5282,6.1087,12.0731,nan,22.1343,nan,33.0256,nan,0.0339,0.206,0.4745,nan,0.9228,nan,1.4084,nan,19.556301,19.096266,18.861782,18.760008,0.0794117
251,1,0.051642,203.0281427034047,-38.89110298805834,0.6381056877808753,12.0923,1.0255,11.4052,1.146,10.7495,1.2611,10.0398,1.3856,0.0101,0.0021,0.0062,0.0012,0.0069,0.0015,0.0116,0.0027,16.228567,15.439775,15.080773,14.811193,0.07807568
256,1,0.139371,211.8383086842967,12.69505053047726,0.7139644133952583,8.3618,0.7773,7.9606,1.2417,7.5779,1.6848,7.1636,2.1645,0.0136,0.0037,0.0086,0.0026,0.012,0.0042,0.0205,0.0069,21.57801,21.538528,21.086033,21.607115,0.029066427
256,2,0.139371,211.8388918649529,12.71961533020138,1.2110044133952567,45.9206,1.4171,44.7959,1.5203,43.7227,1.6187,42.561,1.7252,0.1417,0.0046,0.0907,0.0029,0.1364,0.0047,0.2317,0.008,16.990232,16.465954,16.264658,16.125414,0.02872992
256,3,0.139811,211.8486909178745,12.70900323552399,1.0625822651228383,8.4606,0.7438,8.2411,0.8294,8.0317,0.911,7.805,0.9995,0.0172,0.0042,0.0114,0.0026,0.0156,0.0037,0.0259,0.0065,17.896896,17.379507,17.0962,16.954508,0.028742855
256,4,0.139371,211.855444110578,12.72123880044005,0.7977244133952599,12.8207,1.1786,11.9444,1.397,11.1082,1.6054,10.2031,1.831,0.0349,0.0053,0.021,0.0033,0.0295,0.0053,0.0513,0.0091,18.217432,17.740236,17.472713,17.385906,0.028514748
256,5,0.022959,211.8743287276248,12.73514553097298,-0.010474482819502029,12.3938,0.9767,12.2383,1.1738,12.0899,1.3619,11.9293,1.5655,0.0103,0.0015,0.0085,0.0011,0.0135,0.0019,0.0214,0.0031,16.5203,16.12813,15.91667,15.853944,0.028229045
257,2,0.068338,233.2886034600873,12.8707149103052,0.5280241099997429,1331.0494,nan,1011.0368,nan,705.6996,nan,375.1732,nan,90.2667,nan,68.4611,nan,49.6836,nan,35.4978,nan,18.388336,17.83612,17.62304,17.505924,0.035630323
257,1,0.068338,233.2729583618578,12.87769623601288,0.5133441099997444,14.2297,1.521,14.2955,1.6234,14.3582,1.721,14.4262,1.8267,0.0198,0.0028,0.0156,0.0021,0.0283,0.0038,0.0466,0.0064,16.7706,16.03738,15.707009,15.49726,0.0357734
257,5,0.053224,233.3172699971443,12.89016757945075,0.42235460195825425,5.4368,0.8191,5.465,0.8889,5.4919,0.9555,5.5211,1.0276,0.0038,0.0021,0.0027,0.0011,0.0044,0.0021,0.0072,0.0037,17.320753,16.936583,16.729567,16.67497,0.036123555
257,3,0.05246,233.2958093420866,12.87982927649163,0.32963615359093446,16.5452,1.1528,16.9679,1.3264,17.3713,1.4919,17.8079,1.6712,0.0773,0.0071,0.0751,0.0068,0.1386,0.013,0.2218,0.021,17.651278,17.17539,17.029543,16.886988,0.035867654
257,4,0.068338,233.2999885873705,12.87884082287716,0.2236641099997403,15.7361,1.421,15.4047,1.732,15.0886,2.0288,14.7463,2.3501,0.0122,0.0017,0.0077,0.0011,0.0131,0.002,0.0226,0.0034,18.870964,18.525127,18.421066,18.350044,0.035845887
258,4,0.063283,243.3142685638308,8.534118709433525,0.1247936994497163,14.683,0.6156,14.9447,0.6894,15.1944,0.7598,15.4646,0.836,0.0218,0.0025,0.0158,0.0014,0.0237,0.0024,0.0385,0.0042,20.626038,20.653368,20.925533,21.115934,0.048540704
258,5,0.062771,243.3343156795341,8.528220532677464,0.5496576759182599,12.8392,0.6933,12.589,0.8613,12.3502,1.0216,12.0918,1.1951,0.0202,0.003,0.0131,0.002,0.0156,0.0024,0.0255,0.0039,17.740112,17.38774,17.28475,17.191853,0.04743488
258,2,0.081592,243.2825139748998,8.561925895808448,0.9587147386346473,9.9592,1.5687,9.9799,1.6086,9.9996,1.6466,10.021,1.6878,0.0135,0.0031,0.0085,0.002,0.0103,0.0023,0.0172,0.0037,17.334225,16.66734,16.370333,16.190897,0.048917394
258,3,0.063184,243.3033168019533,8.549468157691074,0.4961938138672064,29.7254,0.4834,28.9932,0.6284,28.2947,0.7668,27.5385,0.9166,0.0323,0.002,0.0215,0.0013,0.0254,0.0017,0.0405,0.0029,17.067705,16.446115,16.201395,15.993311,0.048747487
258,1,0.063283,243.2775616802146,8.565714491048931,0.4261136994497132,18.1138,1.0438,17.5149,1.2633,16.9434,1.4727,16.3248,1.6994,0.0948,0.0091,0.0666,0.0067,0.0901,0.0103,0.1447,0.0168,17.901693,17.43859,17.254444,17.128876,0.048901305
262,1,0.046689,321.9603809358175,-46.65445887135356,0.03736872542566161,26.9551,1.1581,28.296,1.9163,29.5755,2.6397,30.9605,3.4228,0.0139,0.0009,0.0131,0.0009,0.0247,0.0017,0.04,0.0028,17.710161,16.949284,16.579336,16.354359,0.03692303
262,2,0.046689,321.9803722952888,-46.62945151994469,0.7166487254256637,nan,4.9325,nan,3.9573,nan,3.0268,nan,2.0196,nan,2.6899,nan,4.6197,nan,9.2666,nan,14.5579,15.299523,14.602889,14.259245,14.038378,0.03631128
262,5,0.046689,322.0155890912923,-46.6450152317731,0.34440872542566225,11.5511,0.5178,11.1118,0.7064,10.6926,0.8863,10.2388,1.0811,0.0117,0.0021,0.0071,0.001,0.0115,0.002,0.02,0.0038,16.081465,15.232244,14.84587,14.593493,0.03599123
266,2,0.031292,6.274833842005006,-60.63986439378154,0.19728622423023978,27.872,0.9206,27.3605,1.1533,26.8724,1.3753,26.3441,1.6156,0.0194,0.0011,0.0123,0.0007,0.0195,0.0012,0.0334,0.002,16.237936,15.68369,15.410184,15.257666,0.017455896
266,5,0.031292,6.318018436241082,-60.63820391152989,-0.6008337757697575,9.5155,1.07,9.419,1.1183,9.3269,1.1644,9.2272,1.2143,0.0152,0.0043,0.0095,0.0023,0.0151,0.0037,0.026,0.0067,17.664347,16.952177,16.597343,16.393644,0.01762879
266,6,0.031292,6.338880315262402,-60.63962433766238,-0.6247137757697558,18.2364,1.232,18.482,2.3569,18.7163,3.4301,18.9699,4.592,0.0285,0.004,0.0229,0.0035,0.0402,0.0064,0.0656,0.0103,19.066948,18.612139,18.417341,18.314669,0.017493093
266,1,0.031292,6.252241493057555,-60.62251047710762,-0.23311377576975545,19.0287,0.8188,18.5499,1.0177,18.093,1.2075,17.5984,1.413,0.0424,0.0032,0.0334,0.0026,0.0569,0.0047,0.0927,0.0077,17.82563,17.389734,17.188404,17.144663,0.017490756
266,3,0.031292,6.313142233874859,-60.61675958546626,-0.27123377576975827,9.5923,1.6274,9.5451,2.1155,9.5,2.5811,9.4512,3.0852,0.0211,0.0061,0.0117,0.0034,0.0192,0.0056,0.0346,0.0102,17.863699,17.56343,17.376158,17.291853,0.017619334
266,4,0.031292,6.314875842935283,-60.62220577965579,-0.6354337757697586,12.9506,1.5216,12.2661,1.6554,11.6131,1.7832,10.9061,1.9214,0.111,0.0183,0.0598,0.0097,0.0962,0.0173,0.1756,0.0317,16.945152,16.063745,15.603269,15.27201,0.017617475
272,2,0.091141,124.9981734247242,21.05448622698866,0.3404471597945573,41.736,1.3493,41.2326,1.4317,40.7523,1.5103,40.2324,1.5954,0.0,0.0,0.0,0.0,0.0,0.0,0.0,0.0,18.074701,17.522003,17.247204,17.093176,0.051957216
272,3,0.091141,125.0043760513464,21.0759579754963,0.45248715979455767,69.1545,3.9796,84.5402,5.1495,99.2204,6.2656,115.1116,7.4739,0.0001,0.0,0.0001,0.0,0.0002,0.0,0.0003,0.0,18.325756,17.815989,17.54775,17.392115,0.051062625
272,6,0.091141,125.0557306158663,21.08787065241248,0.4207671597945577,11.0715,1.1684,10.5434,1.238,10.0395,1.3043,9.494,1.3761,0.0,0.0,0.0,0.0,0.0,0.0,0.0,0.0,18.174387,17.778305,17.63978,17.510563,0.048579916
272,1,0.014046,124.9952836513279,21.06622908547324,-0.13803509075719766,nan,0.731,nan,0.6255,nan,0.5248,nan,0.4157,nan,756913.8064,nan,591189.7078,nan,541763.9686,nan,637093.9356,15.755775,15.270266,15.03308,14.928413,0.051522806
273,2,0.06907,168.6142807388433,-0.85006471540606,0.4730784930945635,14.138,1.9048,13.2103,2.0137,12.3252,2.1176,11.3671,2.2301,0.0189,0.0034,0.0127,0.0022,0.0127,0.0024,0.0191,0.0038,17.477701,17.131311,16.93252,16.893799,0.04003812
273,1,0.027858,168.6037850872668,-0.8308699168587196,-0.5560005508180961,19.5155,1.2593,20.0826,1.4198,20.6237,1.5731,21.2094,1.7389,0.0813,0.0068,0.069,0.0055,0.1172,0.0092,0.1879,0.0149,17.804916,17.273277,17.036987,16.933651,0.04062133
273,4,0.0691,168.6418172276092,-0.8642468454693131,0.4632956758306648,33.1645,0.7186,33.9234,0.7152,34.6476,0.712,35.4314,0.7085,0.0577,0.0024,0.0415,0.0013,0.0578,0.0019,0.0926,0.0034,17.319115,16.898642,16.723915,16.613955,0.040802598
273,5,0.069293,168.6477687319171,-0.8678292086364374,0.592038309615484,16.8659,1.6889,16.9658,1.88,17.0612,2.0623,17.1643,2.2597,0.079,0.0088,0.0526,0.0057,0.0846,0.0091,0.1429,0.0155,21.77915,21.533123,21.525019,21.559715,0.04094188
279,6,0.099919,196.8375094825033,13.62904967476489,0.7805957389270137,40.2777,2.3304,43.2353,2.6445,46.0572,2.9442,49.112,3.2687,0.0606,0.0029,0.0467,0.0021,0.0741,0.003,0.1195,0.0048,17.339964,16.48962,16.058962,15.779421,0.027394893
279,3,0.100102,196.8031051256991,13.64676556158885,0.5431450902923896,18.1723,1.8667,16.2717,2.08,14.4582,2.2835,12.4952,2.5038,0.0502,0.0064,0.0342,0.005,0.0317,0.0061,0.0455,0.009,18.172922,17.52739,17.204063,17.017136,0.027176252
279,2,0.027162,196.7985132163119,13.65916868947854,0.022463070840059274,30.6487,0.7109,29.9418,0.8378,29.2673,0.9589,28.5371,1.0899,0.0314,0.0014,0.0255,0.001,0.0382,0.0018,0.06,0.0029,16.640535,16.138847,15.893824,15.77785,0.02733133
279,4,0.026784,196.8227238777917,13.64656389347493,0.09161045370859888,18.2293,1.2856,17.655,1.4805,17.107,1.6664,16.5139,1.8677,0.0484,0.0046,0.0343,0.0033,0.0519,0.0056,0.085,0.0093,16.075117,15.513267,15.248016,15.105432,0.027672172
279,7,0.063226,196.8598710304953,13.64147809928029,0.5276509950684165,12.2839,1.1247,11.5093,1.206,10.7702,1.2836,9.9701,1.3677,0.0437,0.0062,0.0297,0.0037,0.0345,0.0054,0.0544,0.0094,17.091547,16.514082,16.26588,16.096516,0.027907344
279,1,0.099919,196.7951346691029,13.68061652665661,0.506275738927016,21.3417,0.7021,20.2092,0.6374,19.1286,0.5756,17.959,0.5087,0.2332,0.0162,0.1994,0.014,0.2541,0.0213,0.3662,0.033,21.177618,21.06453,21.061552,21.004063,0.027497085
