Group_1,Gal_1,ID_1,ra_1,dec_1,type_1,CHI2NU_1,RE_g_1,e_RE_g_1,MAG_g_1,e_MAG_g_1,n_g_1,e_n_g_1,RE_r_1,e_RE_r_1,n_r_1,e_n_r_1,RE_i_1,e_RE_i_1,n_i_1,e_n_i_1,RE_z_1,e_RE_z_1,n_z_1,e_n_z_1,objid_1,ebv_1,mag_g_1a,mag_r_1a,mag_i_1a,mag_z_1a,objid_2,type_2a,_RAJ2000_2,_DEJ2000_2,Group_2,Gal_2,ID_2,CHI2NU_2,RE_r_2,e_RE_r_2,n_r_2,e_n_r_2,RE_g_2,e_RE_g_2,n_g_2,e_n_g_2,RE_i_2,e_RE_i_2,n_i_2,e_n_i_2,RE_z_2,e_RE_z_2,n_z_2,e_n_z_2
20,4,1904,13.05099114252429,-1.111288683922806,SER,0.550881294713299,15.2334,0.0130,17.4378,8.0E-4,0.9530,0.0019,14.5706,0.0083,1.0009,0.0011,13.9382,0.0088,1.0466,0.0013,13.2537,0.0143,1.0961,0.0022,1904,0.05183192,17.467215,16.829493,16.518545,16.326435,1904,SER,13.051125,-1.11125,20,4,iDR4_3_STRIPE82-0019_0007419,1.14712122098981,7.1355,0.0517,1.0702,0.0144,7.4310,0.0875,0.9424,0.0249,6.8547,0.0642,1.1916,0.0197,6.6309,0.0979,1.2884,0.0305
26,4,7828,16.84741713183292,-32.8290673708472,SER,0.793479330916477,13.6116,0.0037,15.9679,2.0E-4,1.2265,0.0009,12.2773,0.0024,1.3947,0.0006,11.0043,0.0021,1.5551,0.0006,9.6262,0.0033,1.7287,0.0010,7828,0.028982436,15.957093,15.089968,14.717459,14.474657,7828,SER,16.8474167,-32.8291111,26,4,iDR4_3_SPLUS-s25s12_0003871,1.14453880637418,7.4311,0.2516,0.7636,0.0498,7.4122,0.2932,0.6481,0.0615,7.4491,0.4030,0.8734,0.0870,7.4634,0.5706,0.9608,0.1266
26,3,9564,16.83293887916162,-32.8317691155815,DUP,0.793479330916477,19.4817,0.0051,16.4851,3.0E-4,0.5078,0.0006,19.1042,0.0032,0.6747,0.0004,18.7440,0.0043,0.8339,0.0005,18.3540,0.0073,1.0063,0.0009,9564,0.029134303,Infinity,Infinity,Infinity,Infinity,9564,DUP,16.8327917,-32.8316944,26,3,iDR4_3_SPLUS-s25s12_0003507,1.14453880637418,7.3787,0.1200,0.9437,0.0204,7.4485,0.1565,0.7563,0.0286,7.3123,0.1798,1.1219,0.0344,7.2593,0.2564,1.2638,0.0510
26,1,6445,16.80270840320432,-32.83567747715625,REX,0.793479330916477,16.5053,0.0287,17.7552,0.0016,0.9076,0.0025,16.3148,0.0209,1.0749,0.0018,16.1330,0.0340,1.2345,0.0030,15.9363,0.0559,1.4073,0.0051,6445,0.029552748,17.834425,17.320929,17.108545,16.967478,6445,REX,16.8027083,-32.8356111,26,1,iDR4_3_SPLUS-s25s12_0003152,1.14453880637418,6.3734,0.0129,1.6872,0.0045,7.0106,0.0242,1.4391,0.0090,5.7678,0.0152,1.9231,0.0069,5.2853,0.0246,2.1110,0.0114
26,2,6928,16.81804207117206,-32.8427817921172,EXP,0.793479330916477,16.8836,0.0594,18.7241,0.0031,0.9028,0.0049,16.5453,0.0470,0.9463,0.0036,16.2226,0.0774,0.9877,0.0065,15.8732,0.1251,1.0326,0.0108,6928,0.029327404,18.98711,18.692116,18.586771,18.505516,6928,EXP,16.8177917,-32.8426111,26,2,iDR4_3_SPLUS-s25s12_0002771,1.14453880637418,9.4397,0.0238,0.7105,0.0045,9.4318,0.0324,0.4780,0.0061,9.4472,0.0344,0.9314,0.0065,9.4532,0.0492,1.1073,0.0093
28,4,10387,20.29108124601455,-32.04061563232854,SER,0.617147559289692,17.4979,0.0183,17.048,9.0E-4,1.2767,0.0019,17.0540,0.0110,1.3601,0.0011,16.6306,0.0151,1.4396,0.0016,16.1721,0.0262,1.5256,0.0028,10387,0.026457714,17.076982,16.608213,16.383247,16.297495,10387,SER,20.2909167,-32.0405,28,4,iDR4_3_SPLUS-s25s14_0029551,1.16271519890744,4.8238,0.0585,0.5862,0.0370,4.7146,0.0791,0.5092,0.0550,4.9276,0.0868,0.6593,0.0546,5.0103,0.1247,0.7176,0.0806
28,3,9981,20.27815691689498,-32.0500743178396,SER,0.617147559289692,10.0835,0.0103,18.3549,9.0E-4,0.5430,0.0024,10.3687,0.0077,0.6275,0.0013,10.6408,0.0122,0.7082,0.0023,10.9353,0.0198,0.7955,0.0042,9981,0.02635827,19.032486,18.93906,19.009768,19.038073,9981,SER,20.2784167,-32.0501111,28,3,iDR4_3_SPLUS-s25s14_0023490,1.16271519890744,10.4163,0.0749,1.2132,0.0126,10.6892,0.1056,0.8818,0.0176,10.1570,0.1080,1.5281,0.0198,9.9505,0.1561,1.7790,0.0291
28,2,9141,20.2526136443005,-32.05851136884929,SER,0.617147559289692,21.0406,0.0133,16.9935,6.0E-4,0.8906,0.0011,20.6192,0.0080,1.1242,0.0006,20.2171,0.0114,1.3470,0.0010,19.7818,0.0198,1.5883,0.0017,9141,0.026182787,17.07119,16.410414,16.08536,15.880268,9141,SER,20.2524167,-32.0586111,28,2,iDR4_3_SPLUS-s25s14_0023466,1.16271519890744,4.1206,0.0686,1.0607,0.0556,4.0772,0.0760,0.7516,0.0651,4.1619,0.1178,1.3543,0.1035,4.1948,0.1683,1.5884,0.1512
28,1,8846,20.24462727220963,-32.06282642816967,SER,0.617147559289692,7.8737,0.0101,18.6756,0.0011,0.6432,0.0036,8.0469,0.0083,0.7986,0.0021,8.2121,0.0145,0.9469,0.0042,8.3910,0.0234,1.1074,0.0074,8846,0.026235,18.65307,18.44986,18.382,18.335512,8846,SER,20.2445,-32.0626111,28,1,iDR4_3_SPLUS-s25s14_0023259,1.16271519890744,7.8671,0.0761,1.2857,0.0167,8.0916,0.1101,1.1567,0.0255,7.6539,0.1089,1.4083,0.0264,7.4839,0.1586,1.5059,0.0396
32,4,8288,23.45944951864787,-69.33398403722262,SER,0.624711404673561,20.0133,0.0719,16.8629,0.0029,1.5500,0.0075,19.6959,0.0365,1.7384,0.0038,19.3931,0.0621,1.9181,0.0068,19.0653,0.1158,2.1127,0.0126,8288,0.022333538,16.90027,16.39398,16.192078,16.028032,8288,SER,23.4589167,-69.3338889,32,4,iDR4_3_MC0050_0038361,1.21635684263513,6.1206,0.0664,0.6116,0.0149,6.4278,0.1224,0.7511,0.0351,5.8287,0.0773,0.4790,0.0224,5.5961,0.1238,0.3734,0.0398
32,2,7374,23.4191639383167,-69.30994700675836,PSF,0.624711404673561,28.0793,0.1988,17.09,0.0062,1.3552,0.0111,27.6092,0.0987,1.4884,0.0054,27.1607,0.1833,1.6155,0.0106,26.6753,0.3420,1.7531,0.0199,7374,0.023159832,22.098518,21.206976,20.752361,20.29051,7374,PSF,23.419,-69.31,32,2,iDR4_3_MC0050_0037312,1.21635684263513,7.8376,0.0987,0.9845,0.0160,7.7354,0.1412,0.8741,0.0255,7.9347,0.1529,1.0894,0.0268,8.0121,0.2248,1.1730,0.0409
32,1,6556,23.38287520992754,-69.31228126334031,SER,0.624711404673561,16.4178,0.0781,17.5442,0.0044,0.9633,0.0068,16.6225,0.0454,1.0551,0.0038,16.8178,0.0848,1.1427,0.0074,17.0292,0.1505,1.2375,0.0134,6556,0.02279285,17.55592,17.149649,17.009956,16.916225,6556,SER,23.3835833,-69.3123056,32,1,iDR4_3_MC0050_0037845,1.21635684263513,9.7380,0.0970,1.8632,0.0190,10.1316,0.1646,1.7459,0.0328,9.3641,0.1368,1.9746,0.0292,9.0661,0.2106,2.0634,0.0454
32,3,8067,23.44873690246612,-69.32935004777504,EXP,0.624711404673561,12.8365,0.0644,18.3204,0.0046,0.8078,0.0095,12.4027,0.0427,0.6676,0.0053,11.9889,0.0470,0.5338,0.0063,11.5409,0.0741,0.3889,0.0116,8067,0.022504775,18.363464,18.039597,17.969421,17.91553,8067,EXP,23.4485833,-69.3293889,32,3,iDR4_3_MC0050_0038239,1.21635684263513,13.6138,0.2412,1.5050,0.0237,13.6900,0.3807,1.3338,0.0405,13.5415,0.3614,1.6676,0.0392,13.4839,0.5443,1.7972,0.0609
36,1,682,26.88918569427224,-30.2617488125907,REX,0.65056318019576,12.7935,0.0067,16.0208,4.0E-4,1.6745,0.0012,12.2872,0.0038,1.7504,0.0007,11.8041,0.0060,1.8229,0.0010,11.2811,0.0106,1.9013,0.0018,682,0.01652258,16.238873,15.892893,15.826542,15.682822,682,REX,26.8894167,-30.2618889,36,1,iDR4_3_SPLUS-s24s18_0046816,1.16271042542296,6.3150,0.0300,1.8089,0.0096,6.4877,0.0460,1.7600,0.0158,6.1509,0.0406,1.8554,0.0141,6.0201,0.0597,1.8925,0.0216
36,4,1575,26.91354851874674,-30.24911880652262,SER,0.65056318019576,3.9111,0.0232,18.6966,0.003,3.6666,0.0286,4.5501,0.0180,3.4877,0.0178,5.1599,0.0319,3.3170,0.0208,5.8199,0.0525,3.1321,0.0347,1575,0.016972756,18.68871,18.52744,18.5606,18.513231,1575,SER,26.9132917,-30.2491944,36,4,iDR4_3_SPLUS-s23s18_0001031,1.90752955489361,10.2652,4.0763,*15.2491*,*2.7541*,5.9749,2.3586,*17.8767*,*3.4630*,14.3420,5.9957,*12.7522*,*2.2937*,17.5904,7.5835,*10.7627*,*2.1700*
36,3,1259,26.90490354802899,-30.25425529877529,SER,0.65056318019576,9.6617,0.0048,16.8548,4.0E-4,1.1510,0.0013,9.6903,0.0029,1.1760,0.0008,9.7175,0.0040,1.2000,0.0010,9.7470,0.0071,1.2259,0.0018,1259,0.016820092,16.862362,16.406258,16.2308,16.084833,1259,SER,26.9049167,-30.2543056,36,3,iDR4_3_SPLUS-s24s18_0046552,1.16271042542296,4.9122,0.0229,1.3554,0.0106,4.7585,0.0350,1.2784,0.0184,5.0583,0.0308,1.4286,0.0140,5.1746,0.0453,1.4869,0.0217
36,2,896,26.8952270149351,-30.26768591844592,SER,0.65056318019576,11.3676,0.0119,18.4654,0.001,0.5438,0.0030,10.9358,0.0069,0.5376,0.0015,10.5239,0.0109,0.5316,0.0025,10.0779,0.0193,0.5251,0.0047,896,0.016626108,18.46962,18.209463,18.155901,18.063763,896,SER,26.895,-30.2676111,36,2,iDR4_3_SPLUS-s23s18_0000653,1.90752955489361,5.3517,0.0527,0.5619,0.0320,5.3847,0.0743,0.4873,0.0449,5.3204,0.0788,0.6328,0.0493,5.2954,0.1147,0.6893,0.0720
39,1,10434,29.6593525435057,-33.77359425372538,SER,0.649151824885837,9.9630,0.0148,18.2177,0.0015,0.8404,0.0029,9.7964,0.0100,1.4029,0.0022,9.6375,0.0167,1.9397,0.0040,9.4655,0.0281,2.5207,0.0066,10434,0.01881649,18.234074,17.385977,17.0279,16.786333,10434,SER,29.6595,-33.7735,39,1,iDR4_3_SPLUS-s26s19_0013732,2.04626937661984,7.2374,0.0643,0.6952,0.0181,7.1686,0.0800,0.5878,0.0252,7.3027,0.1014,0.7974,0.0300,7.3547,0.1447,0.8787,0.0442
39,2,10524,29.66166257692671,-33.74332914844585,SER,0.649151824885837,8.0183,0.0027,16.5751,3.0E-4,0.8596,0.0009,7.7929,0.0018,0.9298,0.0006,7.5778,0.0022,0.9969,0.0008,7.3450,0.0036,1.0694,0.0013,10524,0.019050054,16.615097,16.108086,15.890408,15.722696,10524,SER,29.6615833,-33.7433889,39,2,iDR4_3_SPLUS-s26s19_0014643,2.04626937661984,4.8587,0.0818,1.3745,0.0293,4.9136,0.1134,0.8315,0.0444,4.8065,0.1217,1.8905,0.0527,4.7650,0.1763,2.3016,0.0799
39,4,11421,29.68659056847958,-33.75728046432995,SER,0.649151824885837,5.3664,0.0052,17.8526,7.0E-4,1.4028,0.0034,5.4623,0.0036,1.6308,0.0023,5.5537,0.0057,1.8484,0.0034,5.6527,0.0095,2.0839,0.0056,11421,0.019105537,17.857716,17.457779,17.31506,17.188375,11421,SER,29.6864167,-33.7571111,39,4,iDR4_3_SPLUS-s26s19_0014340,2.04626937661984,4.2899,0.0160,1.2745,0.0072,4.3969,0.0244,1.1365,0.0132,4.1883,0.0218,1.4056,0.0117,4.1073,0.0322,1.5101,0.0185
40,3,1498,30.96466705372731,-31.14377393611345,SER,0.658835898058,14.8916,0.0038,16.3151,3.0E-4,0.5343,0.0005,14.5148,0.0028,0.6172,0.0003,14.1552,0.0038,0.6963,0.0005,13.7660,0.0059,0.7820,0.0008,1498,0.022625748,16.379147,16.048225,15.939064,15.816108,1498,SER,30.9649167,-31.1436944,40,3,iDR4_3_SPLUS-s24s21_0013766,1.18325597477031,6.9348,0.0195,0.6276,0.0051,7.1244,0.0255,0.5465,0.0073,6.7547,0.0262,0.7048,0.0075,6.6112,0.0365,0.7662,0.0109
40,2,1257,30.95856931662525,-31.14696311824521,SER,0.658835898058,12.0249,0.0073,17.8509,6.0E-4,0.4039,0.0014,12.0586,0.0052,0.4513,0.0008,12.0907,0.0074,0.4966,0.0012,12.1254,0.0121,0.5456,0.0022,1257,0.022556743,17.82233,17.55031,17.472832,17.379469,1257,SER,30.9584167,-31.1471111,40,2,iDR4_3_SPLUS-s24s21_0013558,1.18325597477031,5.8572,0.0409,0.4198,0.0166,5.9022,0.0566,0.3608,0.0251,5.8145,0.0573,0.4759,0.0235,5.7804,0.0819,0.5206,0.0346
40,4,1972,30.97886528617959,-31.15557516968853,SER,0.658835898058,10.1025,0.0086,18.0682,7.0E-4,0.7328,0.0025,10.2225,0.0052,0.7903,0.0015,10.3370,0.0073,0.8452,0.0019,10.4609,0.0127,0.9047,0.0033,1972,0.022416946,18.113132,17.627563,17.402868,17.317558,1972,SER,30.9789167,-31.1556111,40,4,iDR4_3_SPLUS-s24s21_0013187,1.18325597477031,5.0809,0.0518,0.9901,0.0239,4.7941,0.0769,0.8662,0.0410,5.3535,0.0752,1.1078,0.0314,5.5707,0.1106,1.2016,0.0484
48,3,6696,45.04855677433579,-36.35173681597946,PSF,0.52791442785483,*0.3424*,*0.0241*,18.1355,6.0E-4,0.8026,0.2133,*0.2449*,*0.0184*,1.9497,0.2447,*0.1519*,*0.0133*,3.0442,0.2797,*0.0512*,*0.0086*,4.2291,0.3211,6696,0.017802985,18.10604,17.96648,17.75282,17.69939,6696,PSF,45.0484167,-36.3516944,48,3,iDR4_3_SPLUS-s28s28_0016750,1.33875843589363,*0.1297*,*28.1324*,0.5404,106.7742,*0.1990*,*29.0789*,0.6849,126.1568,*0.0639*,*27.6012*,0.4030,91.4362,*0.0114*,*27.4495*,0.2936,82.5238
48,2,6568,45.04357933448144,-36.35840573048463,SER,0.52791442785483,20.8823,0.0124,16.9392,6.0E-4,0.7446,0.0010,20.2916,0.0079,0.8835,0.0006,19.7280,0.0090,1.0160,0.0007,19.1180,0.0147,1.1595,0.0012,6568,0.017829526,16.95178,16.213886,15.861064,15.632906,6568,SER,45.0434167,-36.3586111,48,2,iDR4_3_SPLUS-s28s28_0016903,1.33875843589363,*0.4357*,*0.0262*,3.1343,0.4681,0.6728,0.0406,1.4920,0.3718,*0.2104*,*0.0212*,4.6950,0.7231,*0.0308*,*0.0271*,5.9385,0.9607
48,4,6718,45.04940344608852,-36.35633565552046,PSF,0.52791442785483,*0.2381*,*0.0060*,15.4754,2.0E-4,1.6248,0.0812,*0.1718*,*0.0046*,2.5636,0.0855,*0.1085*,*0.0034*,3.4594,0.0932,*0.0401*,*0.0024*,4.4291,0.1043,6718,0.017795887,15.423416,15.683617,15.914552,16.003517,6718,PSF,45.0492917,-36.3561944,48,4,iDR4_3_SPLUS-s28s28_0016831,1.33875843589363,7.2889,0.1746,1.2694,0.0340,7.6317,0.2923,0.9881,0.0616,6.9630,0.2254,1.5367,0.0538,6.7034,0.3429,1.7497,0.0851
51,2,1216,47.54303848651573,-35.00839954500856,REX,0.539473610727695,16.6344,0.0103,16.5328,6.0E-4,1.0685,0.0011,16.5831,0.0061,1.4907,0.0007,16.5342,0.0100,1.8935,0.0011,16.4813,0.0177,2.3295,0.0020,1216,0.02121576,16.68324,16.069807,15.800499,15.579213,1216,REX,47.5429167,-35.0083056,51,2,iDR4_3_SPLUS-s27s30_0016515,1.16135612655644,2.9934,0.8827,5.8619,2.2671,3.7041,1.3971,9.0010,3.6487,2.3181,0.4251,2.8790,1.0513,1.7800,0.2526,0.5023,0.7028
51,4,1927,47.56346908968972,-35.01856114450278,SER,0.539473610727695,9.9494,0.0113,18.4005,0.0011,0.5473,0.0023,9.8403,0.0068,0.6847,0.0013,9.7361,0.0095,0.8159,0.0020,9.6234,0.0165,0.9579,0.0035,1927,0.021541655,18.397072,17.829548,17.547411,17.402966,1927,SER,47.5634167,-35.0186111,51,4,iDR4_3_SPLUS-s27s30_0016032,1.16135612655644,6.1767,0.1177,1.4322,0.0291,6.2782,0.2104,1.2521,0.0608,6.0802,0.1526,1.6033,0.0444,6.0033,0.2398,1.7397,0.0743
52,1,3032,50.07005825693662,-40.17808928771583,PSF,0.658575574621795,0.9185,0.0097,20.1046,0.0016,0.8998,0.0732,0.7485,0.0055,7.2226,0.1516,0.5863,0.0035,*13.2555*,*0.2804*,*0.4107*,*0.0062*,*19.7860*,*0.4261*,3032,0.016462434,20.08729,19.154768,18.285114,17.847546,3032,PSF,50.0702083,-40.1783056,52,1,iDR4_3_SPLUS-s31s30_0016334,1.16950499657372,*0.2304*,*0.0004*,0.2337,0.0003,*0.3384*,*0.0006*,0.2582,0.0004,*0.1277*,*0.0005*,0.2105,0.0003,*0.0459*,*0.0008*,0.1919,0.0003
52,3,10419,50.09750815067493,-40.18539789203456,DUP,0.658575574621795,14.4075,0.0133,17.5449,8.0E-4,0.9574,0.0017,14.4459,0.0093,1.2006,0.0011,14.4827,0.0153,1.4327,0.0019,14.5224,0.0255,1.6839,0.0032,10419,0.016877355,Infinity,Infinity,Infinity,Infinity,10419,DUP,50.0977083,-40.1853889,52,3,iDR4_3_SPLUS-s31s30_0016400,1.16950499657372,5.9441,0.1244,1.1336,0.0359,5.6099,0.2120,1.0158,0.0704,6.2617,0.1521,1.2455,0.0412,6.5148,0.2326,1.3347,0.0689
52,4,4863,50.12638129450011,-40.20079277915492,REX,0.658575574621795,12.5860,0.0668,19.2305,0.0046,0.8373,0.0073,12.9124,0.0534,1.0031,0.0055,13.2238,0.0885,1.1614,0.0097,13.5608,0.1429,1.3327,0.0160,4863,0.017005531,19.441418,19.066523,18.90014,18.8019,4863,REX,50.1264167,-40.2006111,52,4,iDR4_3_SPLUS-s31s30_0015892,1.16950499657372,5.3467,0.7549,0.9974,0.2456,5.4675,1.2572,1.4653,0.4273,5.2319,0.5398,0.5528,0.1381,5.1404,0.7383,0.1986,0.1961
54,4,13073,52.97204937707694,-39.61394410918128,PSF,0.426709653479103,*0.0275*,*0.0038*,18.1478,0.0233,6.8806,0.4131,1.0787,0.0081,*11.2724*,*0.1468*,2.0818,0.0174,*15.4628*,*0.2918*,3.1676,0.0277,*19.9989*,*0.6169*,13073,0.017292853,18.29041,18.514923,18.747105,19.002886,13073,PSF,52.9720833,-39.6138056,54,4,iDR4_3_SPLUS-s31s31_0036461,1.25973479108827,6.2607,0.0892,1.1715,0.0230,5.9036,0.1768,0.8028,0.0520,6.6001,0.1283,1.5218,0.0359,6.8705,0.2111,1.8009,0.0621
54,2,2328,52.94671752743711,-39.6313705245943,SER,0.426709653479103,11.5892,0.0094,17.5965,9.0E-4,0.7093,0.0016,11.4413,0.0059,0.8346,0.0010,11.3003,0.0074,0.9543,0.0013,11.1476,0.0125,1.0837,0.0022,2328,0.016637748,17.607847,16.956852,16.610266,16.43036,2328,SER,52.9467917,-39.6316111,54,2,iDR4_3_SPLUS-s31s31_0037130,1.25973479108827,4.1074,0.0795,0.8559,0.0356,4.0372,0.1442,0.5662,0.0708,4.1740,0.1134,1.1313,0.0533,4.2272,0.1795,1.3507,0.0876
54,3,2618,52.95790597526705,-39.63148912885078,SER,0.426709653479103,7.8124,0.0186,18.8734,0.0019,1.2890,0.0064,7.9009,0.0114,1.3441,0.0038,7.9854,0.0135,1.3966,0.0043,8.0769,0.0230,1.4535,0.0073,2618,0.016806008,18.870413,18.23847,17.857872,17.689585,2618,SER,52.9580833,-39.6315,54,3,iDR4_3_SPLUS-s31s31_0037491,1.25973479108827,13.0201,0.9253,*16.8615*,*0.5254*,20.5984,1.4702,*15.0233*,*0.4428*,5.8190,0.4077,*18.6082*,*0.6610*,*0.0813*,*0.0197*,*19.9999*,*0.7901*
55,4,8599,53.27460303614701,-47.65381446480341,SER,0.551987423672432,1.3837,0.0179,19.8201,0.0058,4.1710,0.1639,1.8475,0.0133,4.5552,0.1017,2.2900,0.0280,4.9217,0.1320,2.7691,0.0475,5.3184,0.2240,8599,0.014271567,19.791916,19.425077,19.227224,19.22364,8599,SER,53.2745833,-47.6536944,55,4,iDR4_3_SPLUS-s37s28_0026350,1.14656523936977,0.8261,0.0008,1.2339,0.0001,0.8159,0.0010,0.6261,0.0001,0.8358,0.0007,1.8115,0.0001,0.8435,0.0006,2.2717,0.0001
55,1,8017,53.2536851230029,-47.66581926330934,REX,0.551987423672432,10.5615,0.0457,18.6758,0.0038,0.9883,0.0075,10.1001,0.0328,1.2328,0.0057,9.6597,0.0559,1.4662,0.0107,9.1831,0.0931,1.7188,0.0179,8017,0.014104508,18.929653,18.546354,18.382093,18.288252,8017,REX,53.2539167,-47.6656944,55,1,iDR4_3_SPLUS-s37s28_0026666,1.14656523936977,4.2693,0.1856,0.8654,0.0954,4.6938,0.2733,0.5914,0.1180,3.8660,0.2252,1.1258,0.1306,3.5447,0.3190,1.3332,0.1792
56,2,10337,53.43844343605756,-30.3025939673689,SER,0.556192157674747,7.5607,0.0129,18.6755,0.0015,0.9351,0.0040,7.4569,0.0089,1.0463,0.0027,7.3578,0.0152,1.1523,0.0047,0.0,0.0,0.0,0.0,10337,0.01512724,18.699484,18.21503,17.95373,17.855827,10337,SER,53.4385833,-30.3025,56,2,iDR4_3_SPLUS-s24s35_0032346,1.14953774967803,2.5314,0.0939,3.4317,0.1971,1.8027,0.0749,1.5921,0.1932,3.2239,0.1554,5.1797,0.2465,3.7756,0.2119,6.5726,0.3041
56,4,10561,53.44537476493722,-30.30588441877911,SER,0.556192157674747,6.4792,0.0275,18.0827,0.0024,3.8080,0.0194,6.5357,0.0148,3.9744,0.0097,6.5896,0.0233,4.1331,0.0152,0.0,0.0,0.0,0.0,10561,0.01508493,18.119978,17.32826,16.883736,16.705626,10561,SER,53.4454167,-30.3058056,56,4,iDR4_3_SPLUS-s24s35_0032474,1.14953774967803,3.7070,0.0948,0.9879,0.0666,3.8225,0.1786,0.8702,0.1426,3.5972,0.1075,1.0998,0.0814,3.5097,0.1750,1.1889,0.1429
56,1,10222,53.43533681994836,-30.31760628997305,SER,0.556192157674747,10.5565,0.0072,17.1767,5.0E-4,0.9380,0.0017,9.7433,0.0045,1.3097,0.0011,8.9675,0.0068,1.6643,0.0020,0.0,0.0,0.0,0.0,10222,0.015213116,17.2316,16.461126,16.006569,15.789189,10222,SER,53.4352083,-30.3173889,56,1,iDR4_3_SPLUS-s24s35_0033243,1.14953774967803,9.3224,0.1186,1.3816,0.0215,9.7681,0.2372,1.1769,0.0454,8.8989,0.1212,1.5762,0.0243,8.5614,0.2089,1.7312,0.0429
58,4,8794,54.54934174827138,-47.38559464123681,SER,0.514797866886711,13.6483,0.0125,17.641,9.0E-4,0.8404,0.0016,12.9498,0.0078,0.9488,0.0010,12.2834,0.0103,1.0522,0.0014,11.5620,0.0174,1.1642,0.0025,8794,0.010906948,17.672039,17.193869,16.959492,16.859026,8794,SER,54.5492917,-47.3856111,58,4,iDR4_3_SPLUS-s37s28_0033943,1.19931337321584,5.9126,0.1215,1.2603,0.0419,6.0120,0.2433,1.1402,0.0876,5.8181,0.1279,1.3743,0.0432,5.7429,0.2195,1.4652,0.0771
58,1,8010,54.52236933614189,-47.4059597702231,SER,0.514797866886711,13.4267,0.0103,17.39,7.0E-4,0.8739,0.0015,13.0749,0.0064,1.1655,0.0010,12.7393,0.0080,1.4438,0.0013,12.3760,0.0135,1.7450,0.0022,8010,0.011669433,17.418476,16.607794,16.253368,16.002378,8010,SER,54.5225833,-47.4058889,58,1,iDR4_3_SPLUS-s37s28_0034415,1.19931337321584,3.4132,0.1204,0.9182,0.1145,3.3276,0.2021,0.8646,0.2471,3.4945,0.1439,0.9691,0.1499,3.5593,0.2179,1.0096,0.2612
59,3,8588,55.13591683083962,-48.62590921258528,REX,0.777872150011182,5.2749,0.0085,17.9393,0.0012,1.5065,0.0041,5.5392,0.0060,1.5080,0.0025,5.7913,0.0096,1.5095,0.0035,6.0642,0.0160,1.5111,0.0060,8588,0.011558753,17.999365,17.662949,17.52723,17.450293,8588,REX,55.1357083,-48.6258889,59,3,iDR4_3_SPLUS-s38s28_0032565,1.20763530774593,2.7152,0.0401,1.6195,0.0672,2.1856,0.0422,1.3032,0.1147,3.2183,0.0668,1.9201,0.1005,3.6192,0.0940,2.1596,0.1555
59,2,8476,55.13265426951509,-48.62954589610883,SER,0.777872150011182,4.0019,0.0065,18.9181,0.0012,0.2998,0.0048,3.9586,0.0037,0.3353,0.0024,3.9173,0.0052,0.3691,0.0037,3.8726,0.0092,0.4057,0.0070,8476,0.011502105,18.867332,18.696972,18.613857,18.563953,8476,SER,55.1325,-48.6295,59,2,iDR4_3_SPLUS-s37s29_0002144,1.14583911342514,1.8185,0.0326,0.3499,0.0821,1.7709,0.0512,0.4960,0.1533,1.8637,0.0411,0.2110,0.1148,1.8998,0.0605,0.1004,0.1841
59,4,7533,55.15103067821671,-48.62424917136797,REX,0.777872150011182,15.6775,0.0070,16.3512,4.0E-4,0.6246,0.0007,15.4344,0.0062,0.9331,0.0005,15.2026,0.0103,1.2275,0.0010,14.9515,0.0164,1.5462,0.0017,7533,0.011718989,16.42207,15.948942,15.725914,15.561255,7533,REX,55.151,-48.6245,59,4,iDR4_3_SPLUS-s38s28_0031957,1.20763530774593,8.4677,0.0518,1.0754,0.0095,7.9151,0.0589,0.7027,0.0115,8.9928,0.0868,1.4296,0.0155,9.4112,0.1238,1.7118,0.0221
60,2,7925,55.61118847941587,-41.14467798349656,SER,1.24568927645279,32.1839,0.0101,14.8189,2.0E-4,1.5339,0.0006,33.4988,0.0061,1.4585,0.0004,34.7535,0.0095,1.3866,0.0005,36.1116,0.0167,1.3088,0.0008,7925,0.016196558,14.856407,14.359839,14.138651,14.059103,7925,SER,55.6112917,-41.1446111,60,2,iDR4_3_SPLUS-s32s32_0042751,1.18227003668148,15.2300,0.0424,1.3277,0.0035,13.8570,0.0662,1.3593,0.0066,16.5346,0.0602,1.2977,0.0047,17.5741,0.0899,1.2738,0.0076
60,3,8183,55.61951174555693,-41.16989996658953,PSF,1.24568927645279,*0.1074*,*0.0067*,18.304,0.0079,*10.1327*,*0.3494*,0.9155,0.0074,*13.4338*,*0.1967*,1.6865,0.0185,*16.5835*,*0.3283*,2.5211,0.0311,*19.9930*,*0.5884*,8183,0.015968593,18.390076,18.195372,18.272453,18.30061,8183,PSF,55.6192917,-41.17,60,3,iDR4_3_SPLUS-s32s32_0031006,1.18227003668148,4.2361,0.1787,1.3802,0.0730,4.2731,0.2678,1.2671,0.1242,4.2009,0.2607,1.4877,0.1195,4.1729,0.3850,1.5734,0.1854
62,4,11409,57.74170209790228,-38.09319043677665,PSF,1.22822651159851,*0.1911*,*0.0029*,17.3112,4.0E-4,3.2585,0.0649,*0.1693*,*0.0021*,4.1634,0.0544,*0.1485*,*0.0021*,5.0267,0.0754,*0.1261*,*0.0031*,5.9613,0.1137,11409,0.013008162,17.193506,16.961514,17.181541,17.135942,11409,PSF,57.7415833,-38.0931111,62,4,iDR4_3_SPLUS-s29s35_0005101,1.14207010522519,3.7448,0.0180,0.6883,0.0086,3.8015,0.0291,0.5402,0.0176,3.6908,0.0219,0.8290,0.0131,3.6478,0.0326,0.9411,0.0219
68,2,2354,73.35924354458093,-36.26736970178203,SER,0.60373824416547,2.6043,0.0140,18.8688,0.0026,4.9085,0.0488,3.4364,0.0100,4.5212,0.0327,4.2303,0.0198,4.1517,0.0326,5.0897,0.0337,3.7517,0.0494,2354,0.009896941,18.855127,18.523739,18.456274,18.317919,2354,SER,73.3592083,-36.2675,68,2,iDR4_3_SPLUS-s28s45_0022101,1.15329256652673,1.5199,0.0608,5.3420,0.3953,1.0927,0.0680,6.6166,0.7426,1.9257,0.0991,4.1308,0.4120,2.2491,0.1400,3.1657,0.6721
186,1,3253,314.472846415685,-24.96240135644899,REX,0.458366748082473,25.6648,0.2215,17.2951,0.0059,2.7396,0.0188,0.0,0.0,0.0,0.0,18.8805,0.1178,3.3985,0.0157,15.2947,0.1873,3.7467,0.0238,3253,0.062246647,17.656069,Infinity,16.523489,16.266678,3253,REX,314.473,-24.9623889,186,1,iDR4_3_SPLUS-s20s22_0064389,1.15107363433765,9.5950,0.2868,2.9154,0.0644,10.4625,0.5301,2.5570,0.1141,8.7707,0.3635,3.2559,0.0966,8.1139,0.5817,3.5272,0.1515
186,4,3677,314.4941688273316,-24.96287790106267,SER,0.458366748082473,5.4471,0.0097,17.8621,0.0011,0.9389,0.0066,0.0,0.0,0.0,0.0,5.7368,0.0074,0.9464,0.0035,5.8899,0.0112,0.9503,0.0059,3677,0.06236795,17.85424,Infinity,17.002031,16.897139,3677,SER,314.494,-24.9628889,186,4,iDR4_3_SPLUS-s20s22_0063951,1.15107363433765,2.9545,0.0219,1.1853,0.0174,2.7981,0.0306,1.0666,0.0366,3.1030,0.0312,1.2981,0.0313,3.2214,0.0450,1.3880,0.0518
186,2,3426,314.4821964439124,-24.98454274202755,PSF,0.458366748082473,*0.0482*,*0.0472*,19.1471,0.3251,6.8073,4.3741,0.0,0.0,0.0,0.0,1.1671,0.0972,*12.3679*,*1.3902*,1.7585,0.1522,*15.3069*,*2.5988*,3426,0.06266701,19.292109,Infinity,19.875004,20.102148,3426,PSF,314.482,-24.9843889,186,2,iDR4_3_SPLUS-s20s22_0065299,1.15107363433765,0.6898,0.1907,*14.8346*,*6.2009*,*0.4343*,*0.0830*,*15.4831*,*8.5316*,0.9326,0.3405,*14.2183*,*7.7840*,1.1261,0.4641,*13.7272*,*10.7905*
230,3,5015,27.48574877761106,-27.8187794532997,SER,1.34129265268485,24.6329,0.0065,15.1624,2.0E-4,0.9885,0.0006,24.1194,0.0046,1.2273,0.0004,23.6294,0.0056,1.4551,0.0005,23.0990,0.0088,1.7017,0.0008,5015,0.01670039,15.189421,14.511536,14.166996,13.945402,5015,SER,27.485875,-27.8186667,230,3,iDR4_3_SPLUS-s22s19_0037308,1.21453070800124,12.5131,0.0312,1.3992,0.0039,12.7603,0.0538,1.1422,0.0071,12.2782,0.0388,1.6434,0.0054,12.0910,0.0598,1.8379,0.0086
230,5,5644,27.50007935114963,-27.81807803003387,SER,1.34129265268485,11.6435,0.0351,18.3969,0.0028,0.8497,0.0050,11.1810,0.0266,1.1518,0.0041,10.7397,0.0447,1.4400,0.0076,10.2620,0.0733,1.7520,0.0126,5644,0.016837442,18.411093,18.04078,17.83749,17.752562,5644,SER,27.499875,-27.8181111,230,5,iDR4_3_SPLUS-s22s19_0037526,1.21453070800124,5.1094,0.1653,0.9093,0.0584,5.5112,0.2315,0.6796,0.0740,4.7277,0.2112,1.1277,0.0827,4.4236,0.2965,1.3016,0.1154
230,2,4219,27.46902204298467,-27.82031360324704,REX,1.34129265268485,*0.2763*,*0.0131*,19.0966,0.0084,8.7982,0.5551,0.8527,0.0125,*10.2963*,*0.3762*,1.4027,0.0202,*11.7257*,*0.3870*,1.9980,0.0312,*13.2730*,*0.5855*,4219,0.01650874,19.146675,18.948347,18.836899,18.53851,4219,REX,27.468875,-27.8204167,230,2,iDR4_3_SPLUS-s22s19_0037623,1.21453070800124,0.8056,0.0825,8.1399,2.8049,*0.3887*,*0.1774*,3.7086,3.5559,1.2017,0.2626,*12.3506*,*3.2668*,1.5173,0.4221,*15.7056*,*4.2460*
230,1,3942,27.46342358877521,-27.82211553235923,EXP,1.34129265268485,8.8806,0.0234,18.8014,0.0025,0.6290,0.0057,8.7772,0.0181,0.8673,0.0034,8.6786,0.0295,1.0946,0.0067,8.5719,0.0479,1.3407,0.0118,3942,0.016425818,21.414001,21.779606,21.835516,22.2171,3942,EXP,27.4637083,-27.822,230,1,iDR4_3_SPLUS-s22s19_0037058,1.21453070800124,4.3852,0.1189,0.9659,0.0730,4.5525,0.1637,0.6730,0.0918,4.2261,0.1718,1.2442,0.1060,4.0994,0.2467,1.4659,0.1488
234,1,1066,66.37509485387507,-64.4484969496396,SER,0.678363784164879,2.5731,0.0157,18.6139,0.0032,6.3518,0.0679,2.8703,0.0098,6.1950,0.0401,3.1538,0.0190,6.0455,0.0532,3.4607,0.0331,5.8836,0.0931,1066,0.03429853,18.679438,18.370573,18.094007,18.121496,1066,SER,66.3749583,-64.4483056,234,1,iDR4_3_MC0011_0025647,1.1445460255657,3.5293,0.0392,1.2106,0.0334,3.4072,0.0632,1.2666,0.0628,3.6454,0.0649,1.1574,0.0537,3.7378,0.0991,1.1150,0.0861
234,3,2809,66.42993441503693,-64.45507793784977,PSF,0.678363784164879,*0.0515*,*0.0065*,18.7245,0.028,9.1592,0.6885,1.1502,0.0148,*12.7224*,*0.3613*,2.1984,0.0279,*16.1222*,*0.4656*,3.3332,0.0426,*19.8025*,*0.8751*,2809,0.034393147,18.879,19.197357,19.474989,19.629822,2809,PSF,66.4297083,-64.4549722,234,3,iDR4_3_MC0011_0025379,1.1445460255657,0.7491,0.1291,4.1412,1.4417,*0.3743*,*0.2632*,1.9336,1.9375,1.1054,0.2028,6.2389,2.0378,1.3892,0.3356,7.9103,2.8919
234,4,2880,66.431885041347,-64.46400266056607,SER,0.678363784164879,7.0728,0.0119,18.4783,0.0013,1.0356,0.0035,7.3560,0.0093,1.0169,0.0019,7.6262,0.0161,0.9990,0.0035,7.9187,0.0264,0.9796,0.0063,2880,0.034383718,18.52051,18.265064,18.2194,18.148975,2880,SER,66.4320417,-64.4639722,234,4,iDR4_3_MC0011_0025144,1.1445460255657,5.8539,0.0268,0.7012,0.0053,5.9625,0.0337,0.6037,0.0084,5.7508,0.0392,0.7938,0.0104,5.6686,0.0551,0.8676,0.0159
234,5,3970,66.46432422712171,-64.4736664545824,SER,0.678363784164879,9.4139,0.0439,18.7651,0.0034,1.6804,0.0103,9.8806,0.0359,1.8151,0.0076,10.3260,0.0659,1.9436,0.0132,10.8081,0.1080,2.0828,0.0219,3970,0.034652293,18.905342,18.58608,18.472834,18.390858,3970,SER,66.463875,-64.4735,234,5,iDR4_3_MC0011_0024820,1.1445460255657,0.9750,0.0564,9.5000,1.1178,*0.4918*,*0.0347*,8.4695,1.6696,1.4341,0.1026,*10.4793*,*1.7039*,1.7999,0.1421,*11.2595*,*2.5287*
235,5,8148,66.77262982968402,-49.11473712347369,SER,2.02398643307026,14.3452,0.0090,15.5292,4.0E-4,2.0113,0.0016,14.4472,0.0055,1.9173,0.0009,14.5445,0.0066,1.8276,0.0009,14.6498,0.0112,1.7305,0.0015,8148,0.019724023,15.723197,15.030225,14.719966,14.528512,8148,SER,66.7724167,-49.1146389,235,5,iDR4_3_SPLUS-s38s34_0025197,1.50640417478315,15.2720,0.3840,5.2952,0.0767,15.4409,0.7255,5.2323,0.1449,15.1115,0.2677,5.3549,0.0521,14.9837,0.4579,5.4025,0.0895
235,1,6575,66.71578600950266,-49.11614529629508,REX,2.02398643307026,11.1825,0.0154,16.9969,0.0012,1.0916,0.0024,11.0889,0.0101,1.2310,0.0015,10.9997,0.0168,1.3639,0.0026,10.9030,0.0286,1.5078,0.0045,6575,0.02021754,17.078983,16.700003,16.501606,16.463678,6575,REX,66.7155833,-49.1161944,235,1,iDR4_3_SPLUS-s38s34_0025398,1.50640417478315,5.5989,0.0736,1.2283,0.0195,5.6062,0.1270,1.0852,0.0408,5.5921,0.0887,1.3642,0.0263,5.5866,0.1365,1.4726,0.0448
235,2,6922,66.72834628857257,-49.1176649251292,SER,2.02398643307026,13.1281,0.1183,18.6296,0.0068,1.8116,0.0191,12.6818,0.0703,1.8495,0.0112,12.2560,0.1173,1.8857,0.0195,11.7950,0.2062,1.9249,0.0345,6922,0.02005361,18.373566,18.072979,17.95097,17.898602,6922,SER,66.7280833,-49.1176667,235,2,iDR4_3_SPLUS-s38s34_0024660,1.50640417478315,5.4409,0.4194,1.7060,0.1647,6.0737,0.8626,1.6520,0.3573,4.8396,0.4569,1.7573,0.2191,4.3605,0.7966,1.7982,0.3819
236,1,5222,69.2653149436005,-46.70667876176086,EXP,0.604531607230023,11.3696,0.0095,17.3602,8.0E-4,0.8269,0.0016,11.0925,0.0061,0.9154,0.0010,10.8282,0.0078,0.9999,0.0013,10.5420,0.0128,1.0913,0.0022,5222,0.009023707,17.376299,16.754356,16.484907,16.297022,5222,EXP,69.2649167,-46.7066667,236,1,iDR4_3_SPLUS-s36s36_0018659,1.16415357703222,*0.2556*,*4392.9790*,0.4094,48692.1855,*0.3527*,*5116.3901*,0.3190,45177.0644,*0.1633*,*5157.3354*,0.4954,52076.8435,*0.0898*,*6485.8666*,0.5639,54799.2677
236,5,6641,69.31889408980804,-46.68418047490785,SER,0.604531607230023,26.0566,0.0076,15.7183,3.0E-4,0.7897,0.0006,25.5733,0.0047,1.0060,0.0004,25.1122,0.0062,1.2124,0.0005,24.6130,0.0105,1.4358,0.0008,6641,0.009775669,15.73619,15.033184,14.69799,14.484118,6641,SER,69.3185,-46.6842222,236,5,iDR4_3_SPLUS-s36s36_0019223,1.16415357703222,5.3710,0.0536,0.9809,0.0145,5.3994,0.0988,0.8689,0.0306,5.3440,0.0611,1.0872,0.0181,5.3225,0.0979,1.1720,0.0315
236,3,6034,69.29654182797566,-46.6852071748319,PSF,0.604531607230023,0.6442,0.0238,19.0502,0.0119,*20.0000*,*0.5565*,12.2847,0.7325,*17.9844*,*0.4711*,23.3914,1.4366,*16.0612*,*0.3982*,35.4144,2.1989,*13.9793*,*0.3352*,6034,0.009568738,19.488468,19.06669,19.221361,19.24227,6034,PSF,69.29625,-46.68525,236,3,iDR4_3_SPLUS-s36s36_0019011,1.16415357703222,12.2489,0.0396,1.1926,0.0046,12.3777,0.0760,0.9809,0.0095,12.1266,0.0463,1.3938,0.0059,12.0291,0.0761,1.5542,0.0101
236,2,5508,69.27603373592217,-46.6978590063849,SER,0.604531607230023,17.8043,0.0337,18.0812,0.0019,0.8180,0.0030,17.7613,0.0240,1.0890,0.0021,17.7203,0.0384,1.3475,0.0035,17.6759,0.0634,1.6273,0.0058,5508,0.00923022,17.961975,17.354485,17.05697,16.880953,5508,SER,69.2760833,-46.698,236,2,iDR4_3_SPLUS-s36s36_0019085,1.16415357703222,4.5299,0.0997,1.4234,0.0433,4.6285,0.1550,1.2360,0.0733,4.4362,0.1273,1.6015,0.0637,4.3616,0.1868,1.7433,0.0982
236,4,6490,69.31406448948452,-46.67005421537799,SER,0.604531607230023,11.0285,0.0155,17.6555,0.0012,1.1435,0.0029,10.6157,0.0097,1.1360,0.0018,10.2218,0.0127,1.1289,0.0024,9.7954,0.0216,1.1212,0.0040,6490,0.009968031,17.695797,17.328705,17.188545,17.075012,6490,SER,69.3139167,-46.6700833,236,4,iDR4_3_SPLUS-s36s36_0019504,1.16415357703222,7.6042,0.2226,1.2695,0.0430,7.6792,0.4145,1.0702,0.0900,7.5329,0.2669,1.4589,0.0590,7.4762,0.4298,1.6099,0.1003
270,5,10626,61.55777105343421,-36.91883347910601,PSF,0.605800785184517,*0.2694*,*1.4031*,19.6867,0.0024,1.1661,10.9585,*0.1850*,*2.8659*,0.8115,19.1159,*0.1044*,*5.3655*,0.4732,35.1331,*0.0172*,*8.1946*,0.1069,53.6069,10626,0.004934049,19.667412,20.063248,20.387047,20.674963,10626,PSF,61.5575833,-36.9188056,270,5,iDR4_3_SPLUS-s29s37_0033657,1.16207694309443,0.7642,0.1864,0.1466,1.5454,*0.4101*,*0.6148*,0.1213,2.9139,1.1007,0.4126,0.1705,1.2311,1.3688,0.7747,0.1896,2.0633
270,3,10039,61.5408153022654,-36.92380881162721,SER,0.605800785184517,12.5388,0.0355,18.4529,0.0024,1.2430,0.0058,11.9283,0.0203,1.4004,0.0034,11.3458,0.0332,1.5506,0.0059,10.7153,0.0591,1.7132,0.0104,10039,0.00507342,18.461485,18.042028,17.874681,17.766195,10039,SER,61.540625,-36.9236389,270,3,iDR4_3_SPLUS-s29s37_0033866,1.16207694309443,5.8680,0.1418,1.1822,0.0421,6.1043,0.2354,1.0541,0.0758,5.6434,0.1796,1.3039,0.0606,5.4644,0.2717,1.4009,0.0957
270,2,9650,61.52991180576929,-36.92332255369563,REX,0.605800785184517,3.8037,0.0115,19.4837,0.0016,0.7278,0.0124,3.8353,0.0051,0.8013,0.0065,3.8654,0.0077,0.8714,0.0094,3.8980,0.0156,0.9473,0.0175,9650,0.00516651,24.225256,24.062807,23.745213,23.83813,9650,REX,61.53,-36.9235833,270,2,iDR4_3_SPLUS-s29s37_0033815,1.16207694309443,1.9404,0.0467,0.7292,0.1367,1.8172,0.0827,0.9489,0.2659,2.0574,0.0508,0.5205,0.1207,2.1507,0.0792,0.3542,0.2072
270,6,451,61.57194280159153,-36.93455781162083,PSF,0.605800785184517,*0.4217*,*0.0049*,18.2519,6.0E-4,3.3533,0.0685,*0.4175*,*0.0029*,5.8521,0.0722,*0.4135*,*0.0019*,8.2363,0.0927,*0.4092*,*0.0030*,*10.8173*,*0.1242*,451,0.004802173,18.240997,18.144295,18.172602,17.66806,451,PSF,61.5717083,-36.9345278,270,6,iDR4_3_SPLUS-s29s37_0034206,1.16207694309443,0.7246,0.0256,1.5355,0.1933,0.8099,0.0379,0.7443,0.1995,0.6436,0.0227,2.2873,0.2895,0.5790,0.0286,2.8864,0.3935
271,4,4816,72.39819006470766,-73.05513940680447,PSF,2.15468339828998,6.5105,0.0002,16.8213,0.0,5.2333,0.0001,5.1740,0.0001,4.1915,0.0001,3.8989,0.0001,3.1974,0.0001,2.5185,0.0001,2.1214,0.0001,4816,0.11286391,17.80083,17.177715,17.161463,16.950212,4816,PSF,72.398375,-73.0551944,271,4,iDR4_3_MC0127_0127365,1.3565091499027,*0.4518*,*0.9255*,0.6878,15.2437,*0.2255*,*0.9238*,1.0326,16.6245,0.6669,1.1683,0.3602,14.4352,0.8382,1.4569,0.0991,14.2016
271,2,4440,72.35695349024942,-73.06578208127395,PSF,2.15468339828998,0.5402,0.0000,17.0055,0.0,0.1910,0.0000,0.5067,0.0000,0.2314,0.0000,*0.4747*,*0.0000*,0.2699,0.0000,*0.4401*,*0.0000*,0.3116,0.0000,4440,0.11267689,17.000082,17.29028,17.522306,17.658121,4440,PSF,72.3569583,-73.0658611,271,2,iDR4_3_MC0127_0125334,1.3565091499027,7.1559,0.0730,0.9236,0.0118,7.2467,0.1171,0.8294,0.0220,7.0697,0.0977,1.0131,0.0182,7.0010,0.1463,1.0844,0.0290
271,3,4679,72.38381935125376,-73.06689547614671,PSF,2.15468339828998,0.6198,0.2632,17.2909,0.0018,0.2815,1.1973,0.5104,0.2881,0.3587,1.1491,*0.4061*,*0.3200*,0.4324,1.1457,*0.2932*,*0.3611*,0.5121,1.1894,4679,0.1128474,17.301964,17.63953,17.892344,18.067848,4679,PSF,72.3834583,-73.0668611,271,3,iDR4_3_MC0127_0125079,1.3565091499027,*0.1221*,*6.9951*,1.0780,58.9961,*0.0750*,*5.7264*,1.0326,51.2995,*0.1668*,*8.5018*,1.1212,68.6551,*0.2024*,*9.8222*,1.1555,77.4168
